tag_id,name,category,count
0,1girl,0,0
1,solo,0,0
2,long_hair,0,0
3,breasts,0,0
4,looking_at_viewer,0,0
5,smile,0,0
6,blush,0,0
7,open_mouth,0,0
8,short_hair,0,0
9,shirt,0,0
10,simple_background,0,0
11,blue_eyes,0,0
12,long_sleeves,0,0
13,white_background,0,0
14,large_breasts,0,0
15,black_hair,0,0
16,skirt,0,0
17,holding,0,0
18,blonde_hair,0,0
19,multiple_girls,0,0
20,brown_hair,0,0
21,1boy,0,0
22,hair_ornament,0,0
23,gloves,0,0
24,dress,0,0
25,closed_mouth,0,0
26,red_eyes,0,0
27,hair_between_eyes,0,0
28,animal_ears,0,0
29,bow,0,0
30,hat,0,0
31,jewelry,0,0
32,navel,0,0
33,thighhighs,0,0
34,jacket,0,0
35,ribbon,0,0
36,2girls,0,0
37,cleavage,0,0
38,very_long_hair,0,0
39,bare_shoulders,0,0
40,white_shirt,0,0
41,sitting,0,0
42,standing,0,0
43,full_body,0,0
44,twintails,0,0
45,medium_breasts,0,0
46,blue_hair,0,0
47,upper_body,0,0
48,green_eyes,0,0
49,purple_eyes,0,0
50,tail,0,0
51,multicolored_hair,0,0
52,male_focus,0,0
53,brown_eyes,0,0
54,collarbone,0,0
55,nipples,0,0
56,school_uniform,0,0
57,closed_eyes,0,0
58,pink_hair,0,0
59,white_hair,0,0
60,underwear,0,0
61,grey_hair,0,0
62,yellow_eyes,0,0
63,ponytail,0,0
64,ahoge,0,0
65,sidelocks,0,0
66,braid,0,0
67,purple_hair,0,0
68,short_sleeves,0,0
69,swimsuit,0,0
70,flower,0,0
71,heart,0,0
72,earrings,0,0
73,shoes,0,0
74,monochrome,0,0
75,cowboy_shot,0,0
76,weapon,0,0
77,panties,0,0
78,hair_ribbon,0,0
79,thighs,0,0
80,outdoors,0,0
81,:d,0,0
82,ass,0,0
83,teeth,0,0
84,open_clothes,0,0
85,frills,0,0
86,hair_bow,0,0
87,sweat,0,0
88,collared_shirt,0,0
89,hetero,0,0
90,pantyhose,0,0
91,parted_lips,0,0
92,red_hair,0,0
93,comic,0,0
94,pleated_skirt,0,0
95,boots,0,0
96,pants,0,0
97,multiple_boys,0,0
98,small_breasts,0,0
99,hairband,0,0
100,greyscale,0,0
101,bikini,0,0
102,horns,0,0
103,black_gloves,0,0
104,necktie,0,0
105,nude,0,0
106,shorts,0,0
107,alternate_costume,0,0
108,virtual_youtuber,0,0
109,sleeveless,0,0
110,food,0,0
111,one_eye_closed,0,0
112,sky,0,0
113,medium_hair,0,0
114,wings,0,0
115,censored,0,0
116,choker,0,0
117,lying,0,0
118,artist_name,0,0
119,green_hair,0,0
120,detached_sleeves,0,0
121,pointy_ears,0,0
122,socks,0,0
123,tongue,0,0
124,hand_up,0,0
125,penis,0,0
126,official_alternate_costume,0,0
127,japanese_clothes,0,0
128,indoors,0,0
129,puffy_sleeves,0,0
130,belt,0,0
131,glasses,0,0
132,black_thighhighs,0,0
133,barefoot,0,0
134,speech_bubble,0,0
135,solo_focus,0,0
136,bowtie,0,0
137,pussy,0,0
138,2boys,0,0
139,hairclip,0,0
140,day,0,0
141,halo,0,0
142,fang,0,0
143,black_skirt,0,0
144,hood,0,0
145,signature,0,0
146,white_dress,0,0
147,white_gloves,0,0
148,looking_at_another,0,0
149,blunt_bangs,0,0
150,twitter_username,0,0
151,pink_eyes,0,0
152,holding_weapon,0,0
153,streaked_hair,0,0
154,tongue_out,0,0
155,elbow_gloves,0,0
156,sailor_collar,0,0
157,midriff,0,0
158,cat_ears,0,0
159,serafuku,0,0
160,dark_skin,0,0
161,cloud,0,0
162,english_text,0,0
163,hair_flower,0,0
164,stomach,0,0
165,two-tone_hair,0,0
166,mole,0,0
167,black_jacket,0,0
168,grey_background,0,0
169,miniskirt,0,0
170,sword,0,0
171,coat,0,0
172,fingerless_gloves,0,0
173,open_jacket,0,0
174,necklace,0,0
175,hair_bun,0,0
176,chibi,0,0
177,looking_back,0,0
178,black_dress,0,0
179,hair_over_one_eye,0,0
180,black_shirt,0,0
181,striped_clothes,0,0
182,wide_sleeves,0,0
183,star_(symbol),0,0
184,grin,0,0
185,sex,0,0
186,orange_hair,0,0
187,on_back,0,0
188,kimono,0,0
189,black_eyes,0,0
190,off_shoulder,0,0
191,nail_polish,0,0
192,white_thighhighs,0,0
193,spread_legs,0,0
194,bag,0,0
195,animal_ear_fluff,0,0
196,from_side,0,0
197,cum,0,0
198,sweatdrop,0,0
199,3girls,0,0
200,armpits,0,0
201,from_behind,0,0
202,yuri,0,0
203,rabbit_ears,0,0
204,vest,0,0
205,red_bow,0,0
206,huge_breasts,0,0
207,character_name,0,0
208,blurry,0,0
209,armor,0,0
210,parted_bangs,0,0
211,leotard,0,0
212,cape,0,0
213,apron,0,0
214,arm_up,0,0
215,sweater,0,0
216,tears,0,0
217,black_pantyhose,0,0
218,scarf,0,0
219,blue_sky,0,0
220,water,0,0
221,high_heels,0,0
222,grey_eyes,0,0
223,crop_top,0,0
224,clothes_lift,0,0
225,looking_to_the_side,0,0
226,bra,0,0
227,hands_up,0,0
228,dated,0,0
229,collar,0,0
230,mosaic_censoring,0,0
231,bracelet,0,0
232,completely_nude,0,0
233,fingernails,0,0
234,eyelashes,0,0
235,multiple_views,0,0
236,feet,0,0
237,red_ribbon,0,0
238,cup,0,0
239,v-shaped_eyebrows,0,0
240,black_shoes,0,0
241,clothing_cutout,0,0
242,arms_up,0,0
243,black_choker,0,0
244,vaginal,0,0
245,aqua_eyes,0,0
246,blue_skirt,0,0
247,puffy_short_sleeves,0,0
248,neckerchief,0,0
249,orange_eyes,0,0
250,:o,0,0
251,black_pants,0,0
252,upper_teeth_only,0,0
253,dark-skinned_female,0,0
254,border,0,0
255,twin_braids,0,0
256,two_side_up,0,0
257,symbol-shaped_pupils,0,0
258,mole_under_eye,0,0
259,black_hat,0,0
260,white_panties,0,0
261,side_ponytail,0,0
262,watermark,0,0
263,fur_trim,0,0
264,thigh_strap,0,0
265,sleeves_past_wrists,0,0
266,strapless,0,0
267,tree,0,0
268,v,0,0
269,sparkle,0,0
270,flat_chest,0,0
271,feet_out_of_frame,0,0
272,pokemon_(creature),0,0
273,sleeveless_dress,0,0
274,fake_animal_ears,0,0
275,sleeveless_shirt,0,0
276,hand_on_own_hip,0,0
277,bar_censor,0,0
278,cat_tail,0,0
279,horse_ears,0,0
280,toes,0,0
281,gradient_hair,0,0
282,black_bow,0,0
283,horse_girl,0,0
284,see-through_clothes,0,0
285,white_socks,0,0
286,wrist_cuffs,0,0
287,buttons,0,0
288,fox_ears,0,0
289,hair_intakes,0,0
290,neck_ribbon,0,0
291,colored_skin,0,0
292,no_humans,0,0
293,tattoo,0,0
294,maid,0,0
295,torn_clothes,0,0
296,maid_headdress,0,0
297,covered_nipples,0,0
298,ascot,0,0
299,sash,0,0
300,muscular,0,0
301,hoodie,0,0
302,sketch,0,0
303,pillow,0,0
304,mask,0,0
305,gun,0,0
306,floating_hair,0,0
307,plaid_clothes,0,0
308,short_shorts,0,0
309,black_shorts,0,0
310,gradient_background,0,0
311,book,0,0
312,wet,0,0
313,covered_navel,0,0
314,black_ribbon,0,0
315,white_jacket,0,0
316,blue_background,0,0
317,blood,0,0
318,cosplay,0,0
319,bare_arms,0,0
320,groin,0,0
321,makeup,0,0
322,loli,0,0
323,profile,0,0
324,copyright_name,0,0
325,legs,0,0
326,single_braid,0,0
327,pubic_hair,0,0
328,detached_collar,0,0
329,blurry_background,0,0
330,expressionless,0,0
331,blue_dress,0,0
332,black_boots,0,0
333,bodysuit,0,0
334,turtleneck,0,0
335,one-piece_swimsuit,0,0
336,pov,0,0
337,double_bun,0,0
338,black_panties,0,0
339,window,0,0
340,bare_legs,0,0
341,lips,0,0
342,petals,0,0
343,head_tilt,0,0
344,holding_sword,0,0
345,uncensored,0,0
346,aqua_hair,0,0
347,blue_bow,0,0
348,facial_hair,0,0
349,hug,0,0
350,:3,0,0
351,capelet,0,0
352,zettai_ryouiki,0,0
353,scar,0,0
354,piercing,0,0
355,heterochromia,0,0
356,night,0,0
357,kneehighs,0,0
358,dress_shirt,0,0
359,white_hat,0,0
360,shadow,0,0
361,swept_bangs,0,0
362,chinese_clothes,0,0
363,on_bed,0,0
364,low_twintails,0,0
365,bell,0,0
366,leaning_forward,0,0
367,blue_shirt,0,0
368,highleg,0,0
369,siblings,0,0
370,dutch_angle,0,0
371,red_skirt,0,0
372,skindentation,0,0
373,kneeling,0,0
374,^_^,0,0
375,fangs,0,0
376,shiny_skin,0,0
377,black_bikini,0,0
378,blush_stickers,0,0
379,white_border,0,0
380,sideboob,0,0
381,blue_jacket,0,0
382,anus,0,0
383,frown,0,0
384,cat_girl,0,0
385,thick_thighs,0,0
386,fruit,0,0
387,facial_mark,0,0
388,open_shirt,0,0
389,holding_food,0,0
390,wavy_hair,0,0
391,rose,0,0
392,bird,0,0
393,saliva,0,0
394,pink_background,0,0
395,phone,0,0
396,alternate_hairstyle,0,0
397,sandals,0,0
398,black_socks,0,0
399,animal,0,0
400,one_side_up,0,0
401,beret,0,0
402,holding_hands,0,0
403,colored_inner_hair,0,0
404,white_bow,0,0
405,white_flower,0,0
406,4girls,0,0
407,playboy_bunny,0,0
408,pussy_juice,0,0
409,hood_down,0,0
410,frilled_dress,0,0
411,nose_blush,0,0
412,bright_pupils,0,0
413,chair,0,0
414,leaf,0,0
415,fox_tail,0,0
416,thick_eyebrows,0,0
417,chain,0,0
418,soles,0,0
419,halterneck,0,0
420,black_hairband,0,0
421,from_above,0,0
422,muscular_male,0,0
423,red_dress,0,0
424,glowing,0,0
425,sunglasses,0,0
426,bob_cut,0,0
427,happy,0,0
428,half-closed_eyes,0,0
429,ocean,0,0
430,embarrassed,0,0
431,looking_down,0,0
432,portrait,0,0
433,erection,0,0
434,white_skirt,0,0
435,furry,0,0
436,witch_hat,0,0
437,headphones,0,0
438,headband,0,0
439,demon_horns,0,0
440,abs,0,0
441,cum_in_pussy,0,0
442,transparent_background,0,0
443,bed,0,0
444,cellphone,0,0
445,pectorals,0,0
446,bandages,0,0
447,plaid_skirt,0,0
448,black_background,0,0
449,dark-skinned_male,0,0
450,short_dress,0,0
451,drill_hair,0,0
452,ring,0,0
453,white_bikini,0,0
454,underboob,0,0
455,flying_sweatdrops,0,0
456,depth_of_field,0,0
457,testicles,0,0
458,fox_girl,0,0
459,floral_print,0,0
460,groping,0,0
461,horse_tail,0,0
462,demon_girl,0,0
463,no_bra,0,0
464,beach,0,0
465,cardigan,0,0
466,cameltoe,0,0
467,1other,0,0
468,female_pubic_hair,0,0
469,standing_on_one_leg,0,0
470,cum_on_body,0,0
471,sharp_teeth,0,0
472,antenna_hair,0,0
473,squatting,0,0
474,high_ponytail,0,0
475,no_shoes,0,0
476,crossed_arms,0,0
477,thigh_boots,0,0
478,light_blush,0,0
479,side-tie_bikini_bottom,0,0
480,military_uniform,0,0
481,cleavage_cutout,0,0
482,bed_sheet,0,0
483,on_side,0,0
484,stuffed_toy,0,0
485,tank_top,0,0
486,motion_lines,0,0
487,arms_behind_back,0,0
488,4koma,0,0
489,back,0,0
490,arm_support,0,0
491,umbrella,0,0
492,bottomless,0,0
493,table,0,0
494,heart-shaped_pupils,0,0
495,cat,0,0
496,frilled_sleeves,0,0
497,black_nails,0,0
498,red_necktie,0,0
499,grass,0,0
500,eating,0,0
501,pink_bow,0,0
502,smartphone,0,0
503,white_apron,0,0
504,white_pupils,0,0
505,from_below,0,0
506,own_hands_together,0,0
507,ass_visible_through_thighs,0,0
508,yaoi,0,0
509,military,0,0
510,gem,0,0
511,helmet,0,0
512,wolf_ears,0,0
513,no_panties,0,0
514,garter_straps,0,0
515,crying,0,0
516,red_flower,0,0
517,elf,0,0
518,x_hair_ornament,0,0
519,frilled_skirt,0,0
520,oral,0,0
521,leg_up,0,0
522,red_bowtie,0,0
523,light_smile,0,0
524,wariza,0,0
525,obi,0,0
526,spiked_hair,0,0
527,red_shirt,0,0
528,blue_ribbon,0,0
529,suit,0,0
530,holding_cup,0,0
531,trembling,0,0
532,scar_on_face,0,0
533,shirt_lift,0,0
534,magical_girl,0,0
535,fire,0,0
536,feathers,0,0
537,ear_piercing,0,0
538,scrunchie,0,0
539,6+girls,0,0
540,crossed_legs,0,0
541,bound,0,0
542,black_leotard,0,0
543,moon,0,0
544,denim,0,0
545,3boys,0,0
546,grey_shirt,0,0
547,cloudy_sky,0,0
548,?,0,0
549,black_necktie,0,0
550,eyepatch,0,0
551,shoulder_armor,0,0
552,sunlight,0,0
553,cross,0,0
554,couple,0,0
555,wavy_mouth,0,0
556,clothes_pull,0,0
557,mob_cap,0,0
558,hair_tubes,0,0
559,eyes_visible_through_hair,0,0
560,mouth_hold,0,0
561,headgear,0,0
562,clenched_teeth,0,0
563,plant,0,0
564,holding_gun,0,0
565,black_belt,0,0
566,crossed_bangs,0,0
567,looking_up,0,0
568,backpack,0,0
569,feathered_wings,0,0
570,juliet_sleeves,0,0
571,straight_hair,0,0
572,yellow_background,0,0
573,sleeping,0,0
574,holding_phone,0,0
575,bottle,0,0
576,skin_fang,0,0
577,bug,0,0
578,t-shirt,0,0
579,blazer,0,0
580,tassel,0,0
581,crown,0,0
582,suspenders,0,0
583,puffy_long_sleeves,0,0
584,thigh_gap,0,0
585,black_coat,0,0
586,facing_viewer,0,0
587,animal_print,0,0
588,sneakers,0,0
589,strapless_leotard,0,0
590,outside_border,0,0
591,bara,0,0
592,stuffed_animal,0,0
593,;d,0,0
594,red_background,0,0
595,bandaid,0,0
596,pink_dress,0,0
597,outstretched_arm,0,0
598,veil,0,0
599,cover,0,0
600,pink_flower,0,0
601,single_hair_bun,0,0
602,pointing,0,0
603,outstretched_arms,0,0
604,brooch,0,0
605,parody,0,0
606,sisters,0,0
607,skirt_lift,0,0
608,kiss,0,0
609,slit_pupils,0,0
610,red_jacket,0,0
611,eyewear_on_head,0,0
612,head_wings,0,0
613,white_shoes,0,0
614,dot_nose,0,0
615,>_<,0,0
616,messy_hair,0,0
617,straddling,0,0
618,grabbing_another's_breast,0,0
619,robot,0,0
620,curtains,0,0
621,fishnets,0,0
622,blue_sailor_collar,0,0
623,knife,0,0
624,on_stomach,0,0
625,fellatio,0,0
626,brown_shoes,0,0
627,sex_from_behind,0,0
628,aged_down,0,0
629,extra_ears,0,0
630,topless_female,0,0
631,dog_ears,0,0
632,hooded_jacket,0,0
633,white_pantyhose,0,0
634,clenched_hand,0,0
635,hand_on_own_chest,0,0
636,double-parted_bangs,0,0
637,short_twintails,0,0
638,outline,0,0
639,white_sailor_collar,0,0
640,tiara,0,0
641,goggles,0,0
642,wing_collar,0,0
643,knee_boots,0,0
644,red_hat,0,0
645,star_(sky),0,0
646,rabbit_tail,0,0
647,white_ribbon,0,0
648,crossover,0,0
649,lifting_own_clothes,0,0
650,red_nails,0,0
651,green_skirt,0,0
652,building,0,0
653,demon_tail,0,0
654,katana,0,0
655,black_bra,0,0
656,logo,0,0
657,polka_dot,0,0
658,bdsm,0,0
659,hat_ribbon,0,0
660,side_braid,0,0
661,official_alternate_hairstyle,0,0
662,formal_clothes,0,0
663,loafers,0,0
664,meme,0,0
665,girl_on_top,0,0
666,breasts_out,0,0
667,staff,0,0
668,light_particles,0,0
669,hat_bow,0,0
670,shaded_face,0,0
671,bent_over,0,0
672,white_sleeves,0,0
673,low_ponytail,0,0
674,pantyshot,0,0
675,armband,0,0
676,claws,0,0
677,monster_girl,0,0
678,single_thighhigh,0,0
679,underwear_only,0,0
680,instrument,0,0
681,knees_up,0,0
682,anger_vein,0,0
683,child,0,0
684,box,0,0
685,grey_skirt,0,0
686,alternate_breast_size_(larger),0,0
687,hood_up,0,0
688,hair_over_shoulder,0,0
689,...,0,0
690,open_coat,0,0
691,drooling,0,0
692,blue_hat,0,0
693,cropped_jacket,0,0
694,tan,0,0
695,cloak,0,0
696,china_dress,0,0
697,trap,0,0
698,all_fours,0,0
699,no_pants,0,0
700,ribbon_trim,0,0
701,maid_apron,0,0
702,strapless_dress,0,0
703,group_sex,0,0
704,butterfly,0,0
705,spoken_heart,0,0
706,school_swimsuit,0,0
707,purple_dress,0,0
708,candy,0,0
709,musical_note,0,0
710,polearm,0,0
711,highleg_leotard,0,0
712,blue_necktie,0,0
713,brown_boots,0,0
714,lipstick,0,0
715,mole_under_mouth,0,0
716,towel,0,0
717,sleeves_past_fingers,0,0
718,bat_wings,0,0
719,5girls,0,0
720,scenery,0,0
721,round_eyewear,0,0
722,red_neckerchief,0,0
723,colored_sclera,0,0
724,cherry_blossoms,0,0
725,pale_skin,0,0
726,couch,0,0
727,index_finger_raised,0,0
728,cropped_torso,0,0
729,steam,0,0
730,eyeshadow,0,0
731,crescent,0,0
732,striped_thighhighs,0,0
733,surprised,0,0
734,curvy,0,0
735,pelvic_curtain,0,0
736,areola_slip,0,0
737,buckle,0,0
738,hand_on_own_face,0,0
739,blue_nails,0,0
740,microphone,0,0
741,o-ring,0,0
742,black_vest,0,0
743,dragon_horns,0,0
744,bridal_gauntlets,0,0
745,holding_book,0,0
746,toenails,0,0
747,baseball_cap,0,0
748,pink_nails,0,0
749,wristband,0,0
750,white_pants,0,0
751,pom_pom_(clothes),0,0
752,cropped_legs,0,0
753,waist_apron,0,0
754,bondage,0,0
755,gold_trim,0,0
756,arms_behind_head,0,0
757,single_earring,0,0
758,white_coat,0,0
759,twin_drills,0,0
760,revealing_clothes,0,0
761,chibi_only,0,0
762,one_eye_covered,0,0
763,sheath,0,0
764,letterboxed,0,0
765,yellow_bow,0,0
766,sex_toy,0,0
767,lace_trim,0,0
768,beard,0,0
769,pink_shirt,0,0
770,undressing,0,0
771,gauntlets,0,0
772,hair_bobbles,0,0
773,^^^,0,0
774,rope,0,0
775,wind,0,0
776,hakama,0,0
777,eye_contact,0,0
778,foreshortening,0,0
779,tearing_up,0,0
780,web_address,0,0
781,anal,0,0
782,multiple_tails,0,0
783,lingerie,0,0
784,interlocked_fingers,0,0
785,adapted_costume,0,0
786,faceless,0,0
787,nature,0,0
788,ejaculation,0,0
789,blue_flower,0,0
790,plate,0,0
791,robe,0,0
792,hair_rings,0,0
793,cover_page,0,0
794,red_gloves,0,0
795,blue_shorts,0,0
796,green_background,0,0
797,black_wings,0,0
798,brown_gloves,0,0
799,breast_press,0,0
800,carrying,0,0
801,short_hair_with_long_locks,0,0
802,male_pubic_hair,0,0
803,purple_background,0,0
804,corset,0,0
805,bike_shorts,0,0
806,happy_birthday,0,0
807,spikes,0,0
808,casual,0,0
809,furrowed_brow,0,0
810,neck_bell,0,0
811,red_shoes,0,0
812,two-tone_background,0,0
813,camisole,0,0
814,sweater_vest,0,0
815,black_bowtie,0,0
816,pink_ribbon,0,0
817,vertical-striped_clothes,0,0
818,frilled_apron,0,0
819,semi-rimless_eyewear,0,0
820,between_breasts,0,0
821,breath,0,0
822,string_bikini,0,0
823,pink_skirt,0,0
824,high_collar,0,0
825,furry_female,0,0
826,demon_wings,0,0
827,grey_jacket,0,0
828,restrained,0,0
829,arm_at_side,0,0
830,multicolored_eyes,0,0
831,genderswap,0,0
832,white_skin,0,0
833,purple_bow,0,0
834,green_bow,0,0
835,androgynous,0,0
836,tsurime,0,0
837,armlet,0,0
838,green_jacket,0,0
839,furry_male,0,0
840,glowing_eyes,0,0
841,skirt_set,0,0
842,freckles,0,0
843,close-up,0,0
844,black_sailor_collar,0,0
845,forehead,0,0
846,yellow_shirt,0,0
847,white_boots,0,0
848,brown_jacket,0,0
849,spot_color,0,0
850,white_wings,0,0
851,brown_background,0,0
852,motor_vehicle,0,0
853,peaked_cap,0,0
854,patreon_username,0,0
855,dual_persona,0,0
856,wet_clothes,0,0
857,pink_panties,0,0
858,veins,0,0
859,pocket,0,0
860,clenched_hands,0,0
861,winter_uniform,0,0
862,hand_fan,0,0
863,floating,0,0
864,angry,0,0
865,wolf_tail,0,0
866,dragon_girl,0,0
867,science_fiction,0,0
868,toned,0,0
869,breasts_apart,0,0
870,blood_on_face,0,0
871,christmas,0,0
872,large_pectorals,0,0
873,black_horns,0,0
874,purple_shirt,0,0
875,facial,0,0
876,black_sleeves,0,0
877,beads,0,0
878,side_slit,0,0
879,smoke,0,0
880,blue_pants,0,0
881,sleeves_rolled_up,0,0
882,topless_male,0,0
883,clothing_aside,0,0
884,covering_privates,0,0
885,panty_pull,0,0
886,clothes_writing,0,0
887,low-tied_long_hair,0,0
888,jingle_bell,0,0
889,half_updo,0,0
890,brown_pantyhose,0,0
891,white_hairband,0,0
892,single_glove,0,0
893,blue_bikini,0,0
894,bow_panties,0,0
895,knee_up,0,0
896,tareme,0,0
897,cake,0,0
898,angel_wings,0,0
899,green_dress,0,0
900,tentacles,0,0
901,micro_bikini,0,0
902,licking,0,0
903,turtleneck_sweater,0,0
904,crossdressing,0,0
905,high_heel_boots,0,0
906,white_outline,0,0
907,doll,0,0
908,drinking_glass,0,0
909,zipper,0,0
910,!,0,0
911,gift,0,0
912,looking_ahead,0,0
913,hair_flaps,0,0
914,full_moon,0,0
915,thought_bubble,0,0
916,frilled_shirt_collar,0,0
917,snow,0,0
918,mary_janes,0,0
919,wide_hips,0,0
920,green_shirt,0,0
921,wolf_girl,0,0
922,reflection,0,0
923,track_jacket,0,0
924,rifle,0,0
925,black-framed_eyewear,0,0
926,white_kimono,0,0
927,desk,0,0
928,rabbit_girl,0,0
929,wading,0,0
930,mecha,0,0
931,shirt_tucked_in,0,0
932,purple_skirt,0,0
933,spoken_ellipsis,0,0
934,high-waist_skirt,0,0
935,ball,0,0
936,hair_scrunchie,0,0
937,colored_eyelashes,0,0
938,pencil_skirt,0,0
939,:<,0,0
940,handgun,0,0
941,crying_with_eyes_open,0,0
942,starry_sky,0,0
943,paizuri,0,0
944,arm_behind_back,0,0
945,kemonomimi_mode,0,0
946,@_@,0,0
947,:p,0,0
948,walking,0,0
949,asymmetrical_legwear,0,0
950,white_shorts,0,0
951,blouse,0,0
952,mole_on_breast,0,0
953,pauldrons,0,0
954,cowgirl_position,0,0
955,yellow_flower,0,0
956,hand_in_pocket,0,0
957,copyright_notice,0,0
958,front-tie_top,0,0
959,star_hair_ornament,0,0
960,straight-on,0,0
961,belt_buckle,0,0
962,cum_on_breasts,0,0
963,skin_tight,0,0
964,notice_lines,0,0
965,finger_to_mouth,0,0
966,hand_on_another's_head,0,0
967,black_bodysuit,0,0
968,clothed_female_nude_male,0,0
969,long_skirt,0,0
970,striped_shirt,0,0
971,blue_halo,0,0
972,anime_coloring,0,0
973,purple_flower,0,0
974,strap_slip,0,0
975,single_horn,0,0
976,blue_bowtie,0,0
977,headset,0,0
978,pouch,0,0
979,convenient_censoring,0,0
980,tray,0,0
981,frilled_bikini,0,0
982,wide-eyed,0,0
983,between_legs,0,0
984,fish,0,0
985,fake_tail,0,0
986,blunt_ends,0,0
987,lens_flare,0,0
988,hair_behind_ear,0,0
989,holding_umbrella,0,0
990,arm_behind_head,0,0
991,santa_hat,0,0
992,striped_panties,0,0
993,seiza,0,0
994,brown_skirt,0,0
995,sailor_dress,0,0
996,goggles_on_head,0,0
997,after_sex,0,0
998,unworn_headwear,0,0
999,long_dress,0,0
1000,lace,0,0
1001,cigarette,0,0
1002,red_scarf,0,0
1003,holding_staff,0,0
1004,forest,0,0
1005,long_fingernails,0,0
1006,faceless_male,0,0
1007,side-tie_panties,0,0
1008,missing_headwear,0,0
1009,braided_ponytail,0,0
1010,jitome,0,0
1011,short_ponytail,0,0
1012,chinese_text,0,0
1013,heavy_breathing,0,0
1014,empty_eyes,0,0
1015,sports_bra,0,0
1016,alcohol,0,0
1017,mature_female,0,0
1018,hakama_skirt,0,0
1019,shoulder_bag,0,0
1020,dog_tail,0,0
1021,collared_dress,0,0
1022,2koma,0,0
1023,ribbed_sweater,0,0
1024,genderswap_(mtf),0,0
1025,emphasis_lines,0,0
1026,swim_ring,0,0
1027,reaching,0,0
1028,yellow_ribbon,0,0
1029,handjob,0,0
1030,oni,0,0
1031,fins,0,0
1032,sound_effects,0,0
1033,curly_hair,0,0
1034,sideways_glance,0,0
1035,pink_halo,0,0
1036,age_difference,0,0
1037,top_hat,0,0
1038,futanari,0,0
1039,hand_in_own_hair,0,0
1040,long_bangs,0,0
1041,clothed_sex,0,0
1042,pendant,0,0
1043,masturbation,0,0
1044,mature_male,0,0
1045,denim_shorts,0,0
1046,tokin_hat,0,0
1047,rain,0,0
1048,ribbon-trimmed_sleeves,0,0
1049,bulge,0,0
1050,one-hour_drawing_challenge,0,0
1051,striped_bow,0,0
1052,animal_hands,0,0
1053,disembodied_linked_eye,0,0
1054,layered_sleeves,0,0
1055,santa_costume,0,0
1056,dog_girl,0,0
1057,personification,0,0
1058,halloween,0,0
1059,height_difference,0,0
1060,pink_lips,0,0
1061,4boys,0,0
1062,brown_belt,0,0
1063,dragon_tail,0,0
1064,hair_spread_out,0,0
1065,crossdressing_(mtf),0,0
1066,backlighting,0,0
1067,bubble,0,0
1068,raised_eyebrows,0,0
1069,bandaged_arm,0,0
1070,asymmetrical_bangs,0,0
1071,partially_submerged,0,0
1072,red_rose,0,0
1073,twins,0,0
1074,cleft_of_venus,0,0
1075,legs_up,0,0
1076,head_rest,0,0
1077,red_bikini,0,0
1078,puffy_nipples,0,0
1079,jeans,0,0
1080,ear_covers,0,0
1081,mouth_mask,0,0
1082,legs_apart,0,0
1083,condom,0,0
1084,pink_jacket,0,0
1085,epaulettes,0,0
1086,bikini_top_only,0,0
1087,white_bra,0,0
1088,paper,0,0
1089,hat_ornament,0,0
1090,teacup,0,0
1091,animal_focus,0,0
1092,brown_hat,0,0
1093,red-framed_eyewear,0,0
1094,falling_petals,0,0
1095,stubble,0,0
1096,hairpin,0,0
1097,fingering,0,0
1098,bowl,0,0
1099,eyeliner,0,0
1100,summer_uniform,0,0
1101,cuffs,0,0
1102,hoop_earrings,0,0
1103,orange_background,0,0
1104,white_leotard,0,0
1105,flying,0,0
1106,red_cape,0,0
1107,plump,0,0
1108,out_of_frame,0,0
1109,parent_and_child,0,0
1110,hair_down,0,0
1111,rape,0,0
1112,hands_on_own_hips,0,0
1113,hand_on_another's_shoulder,0,0
1114,heart_hair_ornament,0,0
1115,running,0,0
1116,bags_under_eyes,0,0
1117,school_bag,0,0
1118,curtained_hair,0,0
1119,pov_hands,0,0
1120,off-shoulder_dress,0,0
1121,:q,0,0
1122,eyebrows,0,0
1123,watch,0,0
1124,dog,0,0
1125,tinted_eyewear,0,0
1126,drinking_straw,0,0
1127,tentacle_hair,0,0
1128,stud_earrings,0,0
1129,lapels,0,0
1130,black_collar,0,0
1131,bouquet,0,0
1132,blue_one-piece_swimsuit,0,0
1133,torn_pantyhose,0,0
1134,mini_person,0,0
1135,korean_text,0,0
1136,grey_pants,0,0
1137,missionary,0,0
1138,looking_away,0,0
1139,dual_wielding,0,0
1140,6+boys,0,0
1141,shrug_(clothing),0,0
1142,blurry_foreground,0,0
1143,holding_flower,0,0
1144,knees_together_feet_apart,0,0
1145,dress_lift,0,0
1146,lolita_fashion,0,0
1147,breastplate,0,0
1148,low_wings,0,0
1149,large_penis,0,0
1150,ass_focus,0,0
1151,double_v,0,0
1152,sun_hat,0,0
1153,flipped_hair,0,0
1154,arm_tattoo,0,0
1155,thong,0,0
1156,mustache,0,0
1157,gym_uniform,0,0
1158,broom,0,0
1159,monster,0,0
1160,tracen_school_uniform,0,0
1161,scar_across_eye,0,0
1162,brother_and_sister,0,0
1163,cumdrip,0,0
1164,black_serafuku,0,0
1165,+_+,0,0
1166,cropped_shirt,0,0
1167,partially_fingerless_gloves,0,0
1168,open_book,0,0
1169,short_eyebrows,0,0
1170,mug,0,0
1171,facing_away,0,0
1172,threesome,0,0
1173,back_bow,0,0
1174,injury,0,0
1175,sideburns,0,0
1176,circlet,0,0
1177,tanlines,0,0
1178,blue_theme,0,0
1179,lab_coat,0,0
1180,serious,0,0
1181,holding_knife,0,0
1182,green_hat,0,0
1183,holding_unworn_clothes,0,0
1184,purple_nails,0,0
1185,lollipop,0,0
1186,poke_ball,0,0
1187,doujin_cover,0,0
1188,upskirt,0,0
1189,innertube,0,0
1190,waving,0,0
1191,red_lips,0,0
1192,mirror,0,0
1193,steaming_body,0,0
1194,double-breasted,0,0
1195,blue_gloves,0,0
1196,foot_out_of_frame,0,0
1197,weibo_watermark,0,0
1198,pajamas,0,0
1199,buruma,0,0
1200,wooden_floor,0,0
1201,brown_dress,0,0
1202,fur-trimmed_jacket,0,0
1203,blue_skin,0,0
1204,cum_in_mouth,0,0
1205,bandaid_on_face,0,0
1206,sunset,0,0
1207,lantern,0,0
1208,on_chair,0,0
1209,drawstring,0,0
1210,arrow_(symbol),0,0
1211,red_hairband,0,0
1212,blue_kimono,0,0
1213,mini_hat,0,0
1214,white_sweater,0,0
1215,black_cape,0,0
1216,hug_from_behind,0,0
1217,under-rim_eyewear,0,0
1218,yellow_jacket,0,0
1219,lace-up_boots,0,0
1220,heart_hands,0,0
1221,tachi-e,0,0
1222,rabbit,0,0
1223,fake_horns,0,0
1224,single_side_bun,0,0
1225,doggystyle,0,0
1226,shield,0,0
1227,spread_pussy,0,0
1228,bishounen,0,0
1229,!?,0,0
1230,forehead_mark,0,0
1231,fur_collar,0,0
1232,arms_at_sides,0,0
1233,contrapposto,0,0
1234,glint,0,0
1235,veiny_penis,0,0
1236,enmaided,0,0
1237,snowing,0,0
1238,asymmetrical_hair,0,0
1239,fishnet_pantyhose,0,0
1240,large_areolae,0,0
1241,card_(medium),0,0
1242,can,0,0
1243,chromatic_aberration,0,0
1244,dragon,0,0
1245,shawl,0,0
1246,card,0,0
1247,on_floor,0,0
1248,competition_swimsuit,0,0
1249,toenail_polish,0,0
1250,smirk,0,0
1251,ghost,0,0
1252,muscular_female,0,0
1253,:t,0,0
1254,holding_bag,0,0
1255,nontraditional_miko,0,0
1256,center_frills,0,0
1257,rock,0,0
1258,pokemon_focus,0,0
1259,hand_between_own_legs,0,0
1260,legs_together,0,0
1261,armpit_crease,0,0
1262,hand_on_own_cheek,0,0
1263,brown_shirt,0,0
1264,zoom_layer,0,0
1265,pout,0,0
1266,unworn_hat,0,0
1267,teddy_bear,0,0
1268,aged_up,0,0
1269,very_short_hair,0,0
1270,ringed_eyes,0,0
1271,cum_overflow,0,0
1272,leash,0,0
1273,character_doll,0,0
1274,impossible_clothes,0,0
1275,split_mouth,0,0
1276,animal_ear_hairband,0,0
1277,crown_braid,0,0
1278,stairs,0,0
1279,black_sclera,0,0
1280,paw_pose,0,0
1281,yellow_ascot,0,0
1282,frilled_shirt,0,0
1283,foot_focus,0,0
1284,sailor_shirt,0,0
1285,sheathed,0,0
1286,garter_belt,0,0
1287,reaching_towards_viewer,0,0
1288,tiles,0,0
1289,strawberry,0,0
1290,artist_logo,0,0
1291,hat_flower,0,0
1292,print_bikini,0,0
1293,half_up_braid,0,0
1294,adjusting_clothes,0,0
1295,sign,0,0
1296,thighband_pantyhose,0,0
1297,popsicle,0,0
1298,ice,0,0
1299,blood_on_clothes,0,0
1300,beanie,0,0
1301,panties_under_pantyhose,0,0
1302,naughty_face,0,0
1303,purple_ribbon,0,0
1304,spoon,0,0
1305,fork,0,0
1306,rigging,0,0
1307,eyebrows_hidden_by_hair,0,0
1308,on_ground,0,0
1309,skull,0,0
1310,handbag,0,0
1311,shoulder_cutout,0,0
1312,sharp_fingernails,0,0
1313,breasts_squeezed_together,0,0
1314,backless_outfit,0,0
1315,butterfly_hair_ornament,0,0
1316,body_fur,0,0
1317,visor_cap,0,0
1318,nipple_stimulation,0,0
1319,object_insertion,0,0
1320,off-shoulder_shirt,0,0
1321,hands_in_pockets,0,0
1322,=_=,0,0
1323,black_sweater,0,0
1324,crystal,0,0
1325,upside-down,0,0
1326,ice_cream,0,0
1327,city,0,0
1328,drink,0,0
1329,chocolate,0,0
1330,water_drop,0,0
1331,brown_pants,0,0
1332,mouse_ears,0,0
1333,smoking,0,0
1334,female_masturbation,0,0
1335,white_fur,0,0
1336,striped_bikini,0,0
1337,other_focus,0,0
1338,pinafore_dress,0,0
1339,chopsticks,0,0
1340,sarashi,0,0
1341,arm_warmers,0,0
1342,railing,0,0
1343,alternate_color,0,0
1344,motion_blur,0,0
1345,sand,0,0
1346,fighting_stance,0,0
1347,yellow_halo,0,0
1348,borrowed_character,0,0
1349,jacket_on_shoulders,0,0
1350,spaghetti_strap,0,0
1351,light_rays,0,0
1352,arm_under_breasts,0,0
1353,bandana,0,0
1354,sitting_on_person,0,0
1355,nurse_cap,0,0
1356,green_ribbon,0,0
1357,v_arms,0,0
1358,red_halo,0,0
1359,;),0,0
1360,nun,0,0
1361,minigirl,0,0
1362,outstretched_hand,0,0
1363,white_scarf,0,0
1364,pasties,0,0
1365,branch,0,0
1366,red_vest,0,0
1367,two-sided_fabric,0,0
1368,single_bare_shoulder,0,0
1369,smug,0,0
1370,blue_shoes,0,0
1371,holding_polearm,0,0
1372,military_hat,0,0
1373,brown_thighhighs,0,0
1374,animal_hood,0,0
1375,new_year,0,0
1376,contemporary,0,0
1377,two-tone_dress,0,0
1378,criss-cross_halter,0,0
1379,hugging_object,0,0
1380,sportswear,0,0
1381,straw_hat,0,0
1382,hair_tie,0,0
1383,covering_own_mouth,0,0
1384,yukata,0,0
1385,mountain,0,0
1386,tabard,0,0
1387,print_kimono,0,0
1388,symbol_in_eye,0,0
1389,ofuda,0,0
1390,on_couch,0,0
1391,white_capelet,0,0
1392,interracial,0,0
1393,black_one-piece_swimsuit,0,0
1394,floral_background,0,0
1395,front-tie_bikini_top,0,0
1396,shiny_clothes,0,0
1397,pleated_dress,0,0
1398,overalls,0,0
1399,sample_watermark,0,0
1400,huge_ass,0,0
1401,fence,0,0
1402,goatee,0,0
1403,creature,0,0
1404,apple,0,0
1405,blue_panties,0,0
1406,bow_(weapon),0,0
1407,realistic,0,0
1408,star-shaped_pupils,0,0
1409,ear_ornament,0,0
1410,android,0,0
1411,hime_cut,0,0
1412,hand_on_another's_face,0,0
1413,snake,0,0
1414,jumping,0,0
1415,camera,0,0
1416,no_nose,0,0
1417,bespectacled,0,0
1418,holding_bottle,0,0
1419,hair_over_eyes,0,0
1420,grey_dress,0,0
1421,breast_pocket,0,0
1422,black_kimono,0,0
1423,holding_microphone,0,0
1424,cross-laced_clothes,0,0
1425,nose,0,0
1426,antlers,0,0
1427,purple_jacket,0,0
1428,adjusting_eyewear,0,0
1429,full-face_blush,0,0
1430,spear,0,0
1431,animification,0,0
1432,blue_leotard,0,0
1433,white_one-piece_swimsuit,0,0
1434,palm_tree,0,0
1435,chibi_inset,0,0
1436,confetti,0,0
1437,spoken_question_mark,0,0
1438,selfie,0,0
1439,green_skin,0,0
1440,tail_ornament,0,0
1441,hair_bell,0,0
1442,wedding_dress,0,0
1443,gift_box,0,0
1444,covered_mouth,0,0
1445,absurdly_long_hair,0,0
1446,midriff_peek,0,0
1447,mother_and_child,0,0
1448,potted_plant,0,0
1449,size_difference,0,0
1450,holding_fan,0,0
1451,panties_aside,0,0
1452,food_in_mouth,0,0
1453,valentine,0,0
1454,door,0,0
1455,grabbing_from_behind,0,0
1456,angel,0,0
1457,licking_lips,0,0
1458,page_number,0,0
1459,sunflower,0,0
1460,underwater,0,0
1461,vibrator,0,0
1462,split-color_hair,0,0
1463,blue_hairband,0,0
1464,gag,0,0
1465,anklet,0,0
1466,dildo,0,0
1467,zipper_pull_tab,0,0
1468,holding_tray,0,0
1469,pen,0,0
1470,food-themed_hair_ornament,0,0
1471,sun,0,0
1472,holding_instrument,0,0
1473,gagged,0,0
1474,food_on_face,0,0
1475,horizon,0,0
1476,crotch_seam,0,0
1477,vision_(genshin_impact),0,0
1478,o_o,0,0
1479,guitar,0,0
1480,purple_thighhighs,0,0
1481,yellow_neckerchief,0,0
1482,hand_on_own_chin,0,0
1483,head_out_of_frame,0,0
1484,blindfold,0,0
1485,grabbing_another's_ass,0,0
1486,black_hoodie,0,0
1487,butt_crack,0,0
1488,w,0,0
1489,pink_bikini,0,0
1490,wand,0,0
1491,dakimakura_(medium),0,0
1492,car,0,0
1493,kneepits,0,0
1494,suspender_skirt,0,0
1495,wristwatch,0,0
1496,petite,0,0
1497,abyssal_ship,0,0
1498,gakuran,0,0
1499,balloon,0,0
1500,name_tag,0,0
1501,bloomers,0,0
1502,+++,0,0
1503,orange_bow,0,0
1504,joints,0,0
1505,cum_on_hair,0,0
1506,covering_breasts,0,0
1507,clitoris,0,0
1508,multiple_others,0,0
1509,spread_arms,0,0
1510,newsboy_cap,0,0
1511,duel_monster,0,0
1512,checkered_clothes,0,0
1513,bound_wrists,0,0
1514,silent_comic,0,0
1515,blue_cape,0,0
1516,gyaru,0,0
1517,cable,0,0
1518,wrist_scrunchie,0,0
1519,uniform,0,0
1520,red_thighhighs,0,0
1521,forehead_jewel,0,0
1522,antennae,0,0
1523,claw_pose,0,0
1524,haori,0,0
1525,pink_hat,0,0
1526,highleg_panties,0,0
1527,blanket,0,0
1528,frilled_bow,0,0
1529,poke_ball_(basic),0,0
1530,half_gloves,0,0
1531,purple_gloves,0,0
1532,bookshelf,0,0
1533,open_cardigan,0,0
1534,mask_on_head,0,0
1535,mecha_pilot_suit,0,0
1536,eighth_note,0,0
1537,folding_fan,0,0
1538,adjusting_hair,0,0
1539,sleeve_cuffs,0,0
1540,print_shirt,0,0
1541,oekaki,0,0
1542,bandeau,0,0
1543,white_ascot,0,0
1544,tress_ribbon,0,0
1545,winter_clothes,0,0
1546,japanese_armor,0,0
1547,blue_gem,0,0
1548,red_kimono,0,0
1549,electricity,0,0
1550,on_head,0,0
1551,long_legs,0,0
1552,clock,0,0
1553,underbust,0,0
1554,saliva_trail,0,0
1555,bush,0,0
1556,white_choker,0,0
1557,candle,0,0
1558,microskirt,0,0
1559,tube_top,0,0
1560,headpiece,0,0
1561,ahegao,0,0
1562,bikini_under_clothes,0,0
1563,shota,0,0
1564,top-down_bottom-up,0,0
1565,white_eyes,0,0
1566,white_cape,0,0
1567,center_opening,0,0
1568,company_name,0,0
1569,blue_vest,0,0
1570,folded_ponytail,0,0
1571,|_|,0,0
1572,cow_print,0,0
1573,toned_male,0,0
1574,basket,0,0
1575,3koma,0,0
1576,feather_hair_ornament,0,0
1577,cow_ears,0,0
1578,lactation,0,0
1579,toeless_legwear,0,0
1580,blue_neckerchief,0,0
1581,id_card,0,0
1582,limited_palette,0,0
1583,fish_tail,0,0
1584,brown_coat,0,0
1585,red_boots,0,0
1586,pink_bra,0,0
1587,hanging_breasts,0,0
1588,partially_visible_vulva,0,0
1589,covered_eyes,0,0
1590,arrow_(projectile),0,0
1591,undershirt,0,0
1592,drinking,0,0
1593,black_tank_top,0,0
1594,yokozuwari,0,0
1595,leaning_back,0,0
1596,film_grain,0,0
1597,multicolored_jacket,0,0
1598,holding_bouquet,0,0
1599,hair_stick,0,0
1600,panties_around_one_leg,0,0
1601,clitoral_hood,0,0
1602,bouncing_breasts,0,0
1603,white_belt,0,0
1604,aircraft,0,0
1605,hands_on_own_face,0,0
1606,hand_on_headwear,0,0
1607,long_sidelocks,0,0
1608,scales,0,0
1609,halloween_costume,0,0
1610,bodystocking,0,0
1611,curled_horns,0,0
1612,talking,0,0
1613,pink_bowtie,0,0
1614,colored_tips,0,0
1615,highleg_one-piece_swimsuit,0,0
1616,glass,0,0
1617,controller,0,0
1618,ankle_boots,0,0
1619,surrounded_by_penises,0,0
1620,mini_crown,0,0
1621,blue_thighhighs,0,0
1622,fairy_wings,0,0
1623,open_hand,0,0
1624,yellow_dress,0,0
1625,red_coat,0,0
1626,holding_animal,0,0
1627,tabi,0,0
1628,scar_on_cheek,0,0
1629,disposable_cup,0,0
1630,black_border,0,0
1631,white_tank_top,0,0
1632,shoulder_tattoo,0,0
1633,retro_artstyle,0,0
1634,armored_boots,0,0
1635,blue_rose,0,0
1636,classroom,0,0
1637,hanfu,0,0
1638,red_horns,0,0
1639,pool,0,0
1640,inkling,0,0
1641,witch,0,0
1642,holding_poke_ball,0,0
1643,tight_clothes,0,0
1644,red_choker,0,0
1645,white_hoodie,0,0
1646,petticoat,0,0
1647,diamond_(shape),0,0
1648,collared_jacket,0,0
1649,patreon_logo,0,0
1650,invisible_chair,0,0
1651,fishnet_thighhighs,0,0
1652,harness,0,0
1653,pov_crotch,0,0
1654,bun_cover,0,0
1655,fur-trimmed_coat,0,0
1656,onsen,0,0
1657,white_collar,0,0
1658,rabbit_ear_hairband,0,0
1659,multicolored_skin,0,0
1660,arched_back,0,0
1661,striped_necktie,0,0
1662,mechanical_arms,0,0
1663,cow_horns,0,0
1664,after_vaginal,0,0
1665,red_ascot,0,0
1666,vambraces,0,0
1667,road,0,0
1668,heart_censor,0,0
1669,nervous_sweating,0,0
1670,animal_nose,0,0
1671,looking_afar,0,0
1672,holding_stuffed_toy,0,0
1673,tiger_ears,0,0
1674,school_desk,0,0
1675,partially_unbuttoned,0,0
1676,torn_thighhighs,0,0
1677,eyeball,0,0
1678,shared_bathing,0,0
1679,purple_hat,0,0
1680,cheerleader,0,0
1681,white_wrist_cuffs,0,0
1682,pom_pom_(cheerleading),0,0
1683,hand_on_own_head,0,0
1684,polka_dot_background,0,0
1685,squiggle,0,0
1686,bikini_armor,0,0
1687,light_frown,0,0
1688,military_vehicle,0,0
1689,emblem,0,0
1690,pink_shoes,0,0
1691,space,0,0
1692,headpat,0,0
1693,riding,0,0
1694,orgasm,0,0
1695,leggings,0,0
1696,reading,0,0
1697,cityscape,0,0
1698,back-to-back,0,0
1699,magic,0,0
1700,wide_shot,0,0
1701,arm_strap,0,0
1702,assault_rifle,0,0
1703,holding_plate,0,0
1704,facial_tattoo,0,0
1705,geta,0,0
1706,tile_floor,0,0
1707,red_pants,0,0
1708,grabbing_own_breast,0,0
1709,gangbang,0,0
1710,undercut,0,0
1711,short_over_long_sleeves,0,0
1712,leg_warmers,0,0
1713,miko,0,0
1714,hair_slicked_back,0,0
1715,jack-o'-lantern,0,0
1716,green_necktie,0,0
1717,gothic_lolita,0,0
1718,sleeveless_turtleneck,0,0
1719,sailor_hat,0,0
1720,ship_turret,0,0
1721,happy_new_year,0,0
1722,layered_dress,0,0
1723,belly,0,0
1724,bald,0,0
1725,asymmetrical_gloves,0,0
1726,flag,0,0
1727,shade,0,0
1728,stretching,0,0
1729,pink_kimono,0,0
1730,grey_skin,0,0
1731,headdress,0,0
1732,blue_boots,0,0
1733,silhouette,0,0
1734,under_covers,0,0
1735,evil_smile,0,0
1736,frog_hair_ornament,0,0
1737,bangle,0,0
1738,lamp,0,0
1739,nipple_tweak,0,0
1740,bird_wings,0,0
1741,blue_coat,0,0
1742,bow_hairband,0,0
1743,chinese_zodiac,0,0
1744,fairy,0,0
1745,slippers,0,0
1746,male_underwear,0,0
1747,bandaid_on_leg,0,0
1748,reference_sheet,0,0
1749,star_print,0,0
1750,white_bowtie,0,0
1751,yellow_necktie,0,0
1752,nipple_piercing,0,0
1753,purple_bikini,0,0
1754,hand_to_own_mouth,0,0
1755,red_eyeshadow,0,0
1756,clothes_around_waist,0,0
1757,red_shorts,0,0
1758,triangle_mouth,0,0
1759,blue_scarf,0,0
1760,bare_back,0,0
1761,precum,0,0
1762,futa_with_female,0,0
1763,low_twin_braids,0,0
1764,ninja,0,0
1765,no_pupils,0,0
1766,highleg_bikini,0,0
1767,paw_gloves,0,0
1768,red_leotard,0,0
1769,nipple_slip,0,0
1770,huge_ahoge,0,0
1771,black_capelet,0,0
1772,animal_costume,0,0
1773,green_nails,0,0
1774,pixel_art,0,0
1775,bridal_veil,0,0
1776,pulling_own_clothes,0,0
1777,laughing,0,0
1778,nurse,0,0
1779,shibari,0,0
1780,office_lady,0,0
1781,frilled_hairband,0,0
1782,partially_colored,0,0
1783,mittens,0,0
1784,purple_kimono,0,0
1785,disembodied_hand,0,0
1786,mother_and_daughter,0,0
1787,wine_glass,0,0
1788,stuffed_rabbit,0,0
1789,french_kiss,0,0
1790,mechanical_halo,0,0
1791,unbuttoned,0,0
1792,architecture,0,0
1793,bench,0,0
1794,layered_skirt,0,0
1795,sundress,0,0
1796,grabbing_another's_arm,0,0
1797,brown_cardigan,0,0
1798,thighlet,0,0
1799,no_mouth,0,0
1800,holster,0,0
1801,paw_print,0,0
1802,bandaged_leg,0,0
1803,purple_bowtie,0,0
1804,rabbit_hair_ornament,0,0
1805,key,0,0
1806,aqua_nails,0,0
1807,unworn_eyewear,0,0
1808,holding_own_dress,0,0
1809,own_hands_clasped,0,0
1810,wedding_ring,0,0
1811,white_rose,0,0
1812,field,0,0
1813,pocky,0,0
1814,yellow_bikini,0,0
1815,aqua_necktie,0,0
1816,indian_style,0,0
1817,scared,0,0
1818,open_fly,0,0
1819,inverted_nipples,0,0
1820,5boys,0,0
1821,loose_socks,0,0
1822,dagger,0,0
1823,head_wreath,0,0
1824,triangular_headpiece,0,0
1825,notched_lapels,0,0
1826,leather,0,0
1827,ear_bow,0,0
1828,taut_clothes,0,0
1829,red_pupils,0,0
1830,interspecies,0,0
1831,striped_dress,0,0
1832,axe,0,0
1833,tatami,0,0
1834,cone_hair_bun,0,0
1835,cross_necklace,0,0
1836,salute,0,0
1837,gohei,0,0
1838,bread,0,0
1839,beachball,0,0
1840,wet_shirt,0,0
1841,tied_shirt,0,0
1842,animal_ear_piercing,0,0
1843,incest,0,0
1844,mouse_tail,0,0
1845,frilled_thigh_strap,0,0
1846,round_teeth,0,0
1847,holding_fruit,0,0
1848,halftone,0,0
1849,mismatched_legwear,0,0
1850,scythe,0,0
1851,anchor_symbol,0,0
1852,facing_another,0,0
1853,brown_sweater,0,0
1854,leg_lift,0,0
1855,hand_on_own_arm,0,0
1856,hands_on_own_chest,0,0
1857,grey_shorts,0,0
1858,alternate_eye_color,0,0
1859,spoken_exclamation_mark,0,0
1860,brown_shorts,0,0
1861,fantasy,0,0
1862,skin-covered_horns,0,0
1863,battle,0,0
1864,femdom,0,0
1865,multiple_rings,0,0
1866,bound_arms,0,0
1867,face-to-face,0,0
1868,style_parody,0,0
1869,suit_jacket,0,0
1870,black_cat,0,0
1871,backless_dress,0,0
1872,bucket,0,0
1873,headphones_around_neck,0,0
1874,cannon,0,0
1875,pectoral_cleavage,0,0
1876,bow_bra,0,0
1877,horn_ornament,0,0
1878,condom_wrapper,0,0
1879,rolling_eyes,0,0
1880,orange_shirt,0,0
1881,eye_mask,0,0
1882,spreading_own_pussy,0,0
1883,teapot,0,0
1884,tilted_headwear,0,0
1885,presenting_own_body,0,0
1886,brothers,0,0
1887,naked_shirt,0,0
1888,navel_cutout,0,0
1889,anniversary,0,0
1890,hitodama,0,0
1891,autumn_leaves,0,0
1892,star_earrings,0,0
1893,wet_hair,0,0
1894,bare_pectorals,0,0
1895,imminent_penetration,0,0
1896,black_suit,0,0
1897,vampire,0,0
1898,playing_instrument,0,0
1899,whisker_markings,0,0
1900,grey_sweater,0,0
1901,red_streaks,0,0
1902,hip_vent,0,0
1903,happy_sex,0,0
1904,pink_theme,0,0
1905,hand_on_own_thigh,0,0
1906,thumbs_up,0,0
1907,drunk,0,0
1908,lowleg,0,0
1909,animal_hat,0,0
1910,standing_sex,0,0
1911,hat_feather,0,0
1912,raccoon_ears,0,0
1913,cum_in_ass,0,0
1914,computer,0,0
1915,animalization,0,0
1916,air_bubble,0,0
1917,red_hakama,0,0
1918,bead_necklace,0,0
1919,pink_rose,0,0
1920,princess_carry,0,0
1921,open_kimono,0,0
1922,yellow_skirt,0,0
1923,leaf_hair_ornament,0,0
1924,unzipped,0,0
1925,swimsuit_under_clothes,0,0
1926,chest_tattoo,0,0
1927,black_tail,0,0
1928,red_eyeliner,0,0
1929,bedroom,0,0
1930,puff_of_air,0,0
1931,wind_lift,0,0
1932,holding_own_hair,0,0
1933,:>,0,0
1934,shark_tail,0,0
1935,coat_on_shoulders,0,0
1936,white_streaks,0,0
1937,hugging_own_legs,0,0
1938,red_skin,0,0
1939,idol,0,0
1940,sarong,0,0
1941,stitches,0,0
1942,annoyed,0,0
1943,see-through_sleeves,0,0
1944,dark,0,0
1945,uneven_legwear,0,0
1946,constricted_pupils,0,0
1947,red_panties,0,0
1948,shoulder_blades,0,0
1949,chest_jewel,0,0
1950,fur-trimmed_sleeves,0,0
1951,frilled_hair_tubes,0,0
1952,used_condom,0,0
1953,ears_through_headwear,0,0
1954,three-quarter_sleeves,0,0
1955,against_wall,0,0
1956,paintbrush,0,0
1957,fox_mask,0,0
1958,photo_(object),0,0
1959,bracer,0,0
1960,face_piercing,0,0
1961,aura,0,0
1962,charm_(object),0,0
1963,bikini_skirt,0,0
1964,green_bikini,0,0
1965,oil-paper_umbrella,0,0
1966,tail_raised,0,0
1967,unworn_shoes,0,0
1968,string,0,0
1969,snowflakes,0,0
1970,on_one_knee,0,0
1971,cat_boy,0,0
1972,chestnut_mouth,0,0
1973,pink_thighhighs,0,0
1974,head_fins,0,0
1975,superhero_costume,0,0
1976,fireworks,0,0
1977,ear_blush,0,0
1978,holding_gift,0,0
1979,hooded_cloak,0,0
1980,old,0,0
1981,giant,0,0
1982,red_capelet,0,0
1983,fat,0,0
1984,heart_of_string,0,0
1985,two-tone_skin,0,0
1986,facepaint,0,0
1987,green_pants,0,0
1988,holding_another's_wrist,0,0
1989,anal_object_insertion,0,0
1990,two_tails,0,0
1991,headscarf,0,0
1992,watercraft,0,0
1993,imminent_kiss,0,0
1994,heart_earrings,0,0
1995,areolae,0,0
1996,randoseru,0,0
1997,armored_dress,0,0
1998,knee_pads,0,0
1999,see-through_shirt,0,0
2000,black_neckerchief,0,0
2001,carrot,0,0
2002,mouse_girl,0,0
2003,belt_pouch,0,0
2004,parallel_hairclips,0,0
2005,everyone,0,0
2006,striped_background,0,0
2007,animal_on_head,0,0
2008,white_bodysuit,0,0
2009,lower_teeth_only,0,0
2010,raised_inner_eyebrows,0,0
2011,one_breast_out,0,0
2012,shoe_soles,0,0
2013,spiked_collar,0,0
2014,scabbard,0,0
2015,bad_anatomy,0,0
2016,two-tone_eyes,0,0
2017,snake_hair_ornament,0,0
2018,blank_eyes,0,0
2019,averting_eyes,0,0
2020,bonnet,0,0
2021,picture_frame,0,0
2022,vines,0,0
2023,clothes_between_breasts,0,0
2024,winter,0,0
2025,game_controller,0,0
2026,dancing,0,0
2027,public_indecency,0,0
2028,blue_sweater,0,0
2029,toned_female,0,0
2030,short_kimono,0,0
2031,oversized_clothes,0,0
2032,bathing,0,0
2033,tunic,0,0
2034,holding_fork,0,0
2035,sparkling_eyes,0,0
2036,blood_on_hands,0,0
2037,cross_hair_ornament,0,0
2038,mandarin_collar,0,0
2039,chest_harness,0,0
2040,fang_out,0,0
2041,bat_(animal),0,0
2042,black_scarf,0,0
2043,afterimage,0,0
2044,purple_panties,0,0
2045,striped_bowtie,0,0
2046,2000s_(style),0,0
2047,gym_shirt,0,0
2048,v-neck,0,0
2049,airplane,0,0
2050,crescent_hair_ornament,0,0
2051,tiptoes,0,0
2052,latex,0,0
2053,earmuffs,0,0
2054,hand_on_own_knee,0,0
2055,sitting_on_lap,0,0
2056,cross-shaped_pupils,0,0
2057,sack,0,0
2058,naked_towel,0,0
2059,aqua_background,0,0
2060,navel_piercing,0,0
2061,alternate_hair_color,0,0
2062,nosebleed,0,0
2063,single_sidelock,0,0
2064,holding_cigarette,0,0
2065,gameplay_mechanics,0,0
2066,ice_wings,0,0
2067,father_and_child,0,0
2068,belt_collar,0,0
2069,side_braids,0,0
2070,drink_can,0,0
2071,nervous,0,0
2072,one-eyed,0,0
2073,yellow_bowtie,0,0
2074,purple_skin,0,0
2075,pantyhose_under_shorts,0,0
2076,holding_chopsticks,0,0
2077,green_shorts,0,0
2078,wince,0,0
2079,pink_gloves,0,0
2080,lolita_hairband,0,0
2081,:/,0,0
2082,two-tone_shirt,0,0
2083,yellow_sclera,0,0
2084,micro_shorts,0,0
2085,waitress,0,0
2086,holding_spoon,0,0
2087,fur-trimmed_gloves,0,0
2088,blue_hoodie,0,0
2089,animal_collar,0,0
2090,green_vest,0,0
2091,pubic_tattoo,0,0
2092,monitor,0,0
2093,braided_bangs,0,0
2094,red_gem,0,0
2095,shimenawa,0,0
2096,wagashi,0,0
2097,long_hair_between_eyes,0,0
2098,coin,0,0
2099,blue_choker,0,0
2100,merfolk,0,0
2101,digimon_(creature),0,0
2102,male_penetrated,0,0
2103,multiple_persona,0,0
2104,pointless_censoring,0,0
2105,looking_at_object,0,0
2106,grey_gloves,0,0
2107,east_asian_architecture,0,0
2108,holding_candy,0,0
2109,white_camisole,0,0
2110,pointing_at_viewer,0,0
2111,handcuffs,0,0
2112,leg_ribbon,0,0
2113,3d,0,0
2114,mmf_threesome,0,0
2115,>:),0,0
2116,pinstripe_pattern,0,0
2117,!!,0,0
2118,pink_sweater,0,0
2119,over_shoulder,0,0
2120,sad,0,0
2121,cross-section,0,0
2122,holding_can,0,0
2123,diagonal-striped_clothes,0,0
2124,donut,0,0
2125,pumpkin,0,0
2126,fur-trimmed_cape,0,0
2127,text_focus,0,0
2128,torii,0,0
2129,frog,0,0
2130,holding_bow_(weapon),0,0
2131,weapon_on_back,0,0
2132,blue_bra,0,0
2133,police,0,0
2134,black_sports_bra,0,0
2135,very_dark_skin,0,0
2136,cowbell,0,0
2137,red_collar,0,0
2138,neck_ring,0,0
2139,ffm_threesome,0,0
2140,in_container,0,0
2141,crescent_moon,0,0
2142,gold,0,0
2143,popped_collar,0,0
2144,bukkake,0,0
2145,sanpaku,0,0
2146,dark_background,0,0
2147,house,0,0
2148,biceps,0,0
2149,black_halo,0,0
2150,string_panties,0,0
2151,kitsune,0,0
2152,ribbon_choker,0,0
2153,hair_up,0,0
2154,torn_shirt,0,0
2155,sexually_suggestive,0,0
2156,tassel_earrings,0,0
2157,grey_thighhighs,0,0
2158,strap_gap,0,0
2159,hip_focus,0,0
2160,tea,0,0
2161,aiming,0,0
2162,breast_sucking,0,0
2163,braided_bun,0,0
2164,licking_penis,0,0
2165,squeans,0,0
2166,electric_guitar,0,0
2167,nun_headdress,0,0
2168,jacket_partially_removed,0,0
2169,lace-trimmed_thighhighs,0,0
2170,lace-trimmed_bra,0,0
2171,christmas_tree,0,0
2172,aqua_bow,0,0
2173,drop_shadow,0,0
2174,strap,0,0
2175,playing_card,0,0
2176,stool,0,0
2177,covering_crotch,0,0
2178,holding_wand,0,0
2179,bead_bracelet,0,0
2180,flat_cap,0,0
2181,shell,0,0
2182,food_focus,0,0
2183,red_sash,0,0
2184,fur-trimmed_dress,0,0
2185,pink_hairband,0,0
2186,green_bowtie,0,0
2187,biting,0,0
2188,birthday,0,0
2189,badge,0,0
2190,dolphin_shorts,0,0
2191,cum_on_clothes,0,0
2192,assertive_female,0,0
2193,yellow_hairband,0,0
2194,clothes_grab,0,0
2195,side-by-side,0,0
2196,alternate_hair_length,0,0
2197,humanization,0,0
2198,hasu_no_sora_school_uniform,0,0
2199,glowing_eye,0,0
2200,sphere_hair_ornament,0,0
2201,o-ring_bikini,0,0
2202,two-tone_jacket,0,0
2203,hibiscus,0,0
2204,fur-trimmed_capelet,0,0
2205,brown_fur,0,0
2206,blue_sleeves,0,0
2207,folded,0,0
2208,long_braid,0,0
2209,red_sweater,0,0
2210,asymmetrical_clothes,0,0
2211,brown_vest,0,0
2212,vehicle_focus,0,0
2213,spiked_bracelet,0,0
2214,green_halo,0,0
2215,parasol,0,0
2216,singing,0,0
2217,bear_ears,0,0
2218,pearl_necklace,0,0
2219,pencil,0,0
2220,grey_hat,0,0
2221,ribs,0,0
2222,brick_wall,0,0
2223,dark_persona,0,0
2224,onee-shota,0,0
2225,carrying_person,0,0
2226,vaginal_object_insertion,0,0
2227,holding_another's_hair,0,0
2228,holding_paper,0,0
2229,m_legs,0,0
2230,tiger_tail,0,0
2231,narrow_waist,0,0
2232,mecha_musume,0,0
2233,x-ray,0,0
2234,anchor,0,0
2235,frilled_choker,0,0
2236,heads_together,0,0
2237,mermaid,0,0
2238,topknot,0,0
2239,lineart,0,0
2240,light,0,0
2241,hooded_coat,0,0
2242,cookie,0,0
2243,zzz,0,0
2244,mushroom,0,0
2245,platform_sandals,0,0
2246,body_markings,0,0
2247,mountainous_horizon,0,0
2248,foursome,0,0
2249,casual_one-piece_swimsuit,0,0
2250,bathroom,0,0
2251,extra_arms,0,0
2252,huge_penis,0,0
2253,content_rating,0,0
2254,yellow_gloves,0,0
2255,pants_pull,0,0
2256,multiple_hair_bows,0,0
2257,deep_skin,0,0
2258,print_thighhighs,0,0
2259,heart_ahoge,0,0
2260,red_bodysuit,0,0
2261,holding_card,0,0
2262,cunnilingus,0,0
2263,ripples,0,0
2264,dappled_sunlight,0,0
2265,naval_uniform,0,0
2266,burger,0,0
2267,necktie_between_breasts,0,0
2268,kicking,0,0
2269,gigantic_breasts,0,0
2270,bath,0,0
2271,cube_hair_ornament,0,0
2272,split,0,0
2273,old_man,0,0
2274,raglan_sleeves,0,0
2275,official_style,0,0
2276,garrison_cap,0,0
2277,blue_streaks,0,0
2278,falling,0,0
2279,water_bottle,0,0
2280,heart_cutout,0,0
2281,goat_horns,0,0
2282,handheld_game_console,0,0
2283,body_writing,0,0
2284,grid_background,0,0
2285,police_uniform,0,0
2286,hammer,0,0
2287,tiger_print,0,0
2288,leg_grab,0,0
2289,white_veil,0,0
2290,seductive_smile,0,0
2291,black_fur,0,0
2292,jumpsuit,0,0
2293,colored_extremities,0,0
2294,sliding_doors,0,0
2295,shackles,0,0
2296,hakama_short_skirt,0,0
2297,sleeveless_jacket,0,0
2298,same-sex_bathing,0,0
2299,magatama,0,0
2300,turning_head,0,0
2301,lion_ears,0,0
2302,slingshot_swimsuit,0,0
2303,lace-trimmed_panties,0,0
2304,television,0,0
2305,gold_earrings,0,0
2306,ruins,0,0
2307,leaning_to_the_side,0,0
2308,erection_under_clothes,0,0
2309,explosion,0,0
2310,white_robe,0,0
2311,raccoon_tail,0,0
2312,orange_flower,0,0
2313,floating_clothes,0,0
2314,orange_skirt,0,0
2315,summer,0,0
2316,argyle_clothes,0,0
2317,black_bag,0,0
2318,purple_necktie,0,0
2319,detached_wings,0,0
2320,out-of-frame_censoring,0,0
2321,earphones,0,0
2322,green_kimono,0,0
2323,shark_girl,0,0
2324,camouflage,0,0
2325,baby_animal,0,0
2326,no_shirt,0,0
2327,multicolored_gloves,0,0
2328,diamond-shaped_pupils,0,0
2329,crop_top_overhang,0,0
2330,horse,0,0
2331,multicolored_dress,0,0
2332,knees,0,0
2333,cherry,0,0
2334,yellow_nails,0,0
2335,multicolored_background,0,0
2336,transparent,0,0
2337,insect_wings,0,0
2338,fake_screenshot,0,0
2339,dirty,0,0
2340,arm_cannon,0,0
2341,muneate,0,0
2342,earclip,0,0
2343,leg_tattoo,0,0
2344,zouri,0,0
2345,chest_hair,0,0
2346,torn_pants,0,0
2347,open_vest,0,0
2348,o-ring_top,0,0
2349,pigeon-toed,0,0
2350,showgirl_skirt,0,0
2351,presenting_armpit,0,0
2352,traditional_bowtie,0,0
2353,oversized_object,0,0
2354,mini_top_hat,0,0
2355,dress_bow,0,0
2356,print_dress,0,0
2357,maple_leaf,0,0
2358,female_ejaculation,0,0
2359,babydoll,0,0
2360,animal_ear_headphones,0,0
2361,red_theme,0,0
2362,plugsuit_(evangelion),0,0
2363,tate_eboshi,0,0
2364,off-shoulder_sweater,0,0
2365,2others,0,0
2366,track_suit,0,0
2367,green_gloves,0,0
2368,cow_girl,0,0
2369,holding_pen,0,0
2370,bare_tree,0,0
2371,medium_dress,0,0
2372,grey_pantyhose,0,0
2373,peeing,0,0
2374,power_lines,0,0
2375,holding_camera,0,0
2376,halter_dress,0,0
2377,asymmetrical_wings,0,0
2378,faceless_female,0,0
2379,arms_under_breasts,0,0
2380,yellow_sweater,0,0
2381,black_skin,0,0
2382,voice_actor_connection,0,0
2383,asymmetrical_docking,0,0
2384,cutoffs,0,0
2385,mitakihara_school_uniform,0,0
2386,white_necktie,0,0
2387,syringe,0,0
2388,floppy_ears,0,0
2389,lamppost,0,0
2390,speed_lines,0,0
2391,blue_socks,0,0
2392,solid_oval_eyes,0,0
2393,planet,0,0
2394,whiskers,0,0
2395,kita_high_school_uniform,0,0
2396,tailcoat,0,0
2397,hatching_(texture),0,0
2398,huge_weapon,0,0
2399,checkered_floor,0,0
2400,extra_eyes,0,0
2401,lanyard,0,0
2402,shy,0,0
2403,crescent_hat_ornament,0,0
2404,stomach_bulge,0,0
2405,stirrup_legwear,0,0
2406,pantyhose_pull,0,0
2407,black_mask,0,0
2408,greaves,0,0
2409,bandaid_on_nose,0,0
2410,black_sandals,0,0
2411,bamboo,0,0
2412,implied_sex,0,0
2413,pink_cardigan,0,0
2414,scissors,0,0
2415,:|,0,0
2416,yawning,0,0
2417,tasuki,0,0
2418,open_collar,0,0
2419,short_necktie,0,0
2420,no_eyes,0,0
2421,doll_joints,0,0
2422,shorts_under_skirt,0,0
2423,hands_on_own_cheeks,0,0
2424,arm_guards,0,0
2425,checkered_background,0,0
2426,polka_dot_bow,0,0
2427,number_tattoo,0,0
2428,big_hair,0,0
2429,mouth_drool,0,0
2430,eyes_out_of_frame,0,0
2431,name_connection,0,0
2432,monster_boy,0,0
2433,vertical-striped_shirt,0,0
2434,star_hat_ornament,0,0
2435,heart_brooch,0,0
2436,frilled_thighhighs,0,0
2437,alternate_hair_length_(longer),0,0
2438,braided_hair_rings,0,0
2439,mobile_suit,0,0
2440,blue_bodysuit,0,0
2441,striped_pantyhose,0,0
2442,white_neckerchief,0,0
2443,symmetrical_docking,0,0
2444,pink_boots,0,0
2445,holding_lollipop,0,0
2446,infection_monitor_(arknights),0,0
2447,peach,0,0
2448,blue_butterfly,0,0
2449,wing_hair_ornament,0,0
2450,sunbeam,0,0
2451,female_orgasm,0,0
2452,long_sideburns,0,0
2453,rainbow,0,0
2454,fat_man,0,0
2455,grey_coat,0,0
2456,floating_earrings,0,0
2457,cake_slice,0,0
2458,heart_in_eye,0,0
2459,saucer,0,0
2460,pink_choker,0,0
2461,baseball_bat,0,0
2462,smoking_pipe,0,0
2463,pee,0,0
2464,mind_control,0,0
2465,black_flower,0,0
2466,robot_joints,0,0
2467,monocle,0,0
2468,third_eye,0,0
2469,;o,0,0
2470,photo_background,0,0
2471,purple_theme,0,0
2472,cow_print_bikini,0,0
2473,orange_jacket,0,0
2474,submachine_gun,0,0
2475,yellow_fur,0,0
2476,bridge,0,0
2477,median_furrow,0,0
2478,mismatched_pupils,0,0
2479,scar_on_arm,0,0
2480,chalkboard,0,0
2481,chest_sarashi,0,0
2482,holding_ball,0,0
2483,black_cloak,0,0
2484,flat_color,0,0
2485,dog_boy,0,0
2486,flower_field,0,0
2487,trait_connection,0,0
2488,1990s_(style),0,0
2489,scene_reference,0,0
2490,coffee,0,0
2491,multiple_expressions,0,0
2492,cross_earrings,0,0
2493,star_in_eye,0,0
2494,plaid_bow,0,0
2495,double_penetration,0,0
2496,skeleton,0,0
2497,tail_bow,0,0
2498,mecha_focus,0,0
2499,two-tone_fur,0,0
2500,grey_vest,0,0
2501,magic_circle,0,0
2502,shouting,0,0
2503,leaf_on_head,0,0
2504,floating_object,0,0
2505,millennium_science_school_logo,0,0
2506,sheep_horns,0,0
2507,pink_skin,0,0
2508,single_wing,0,0
2509,tomboy,0,0
2510,tentacle_sex,0,0
2511,frilled_collar,0,0
2512,male_swimwear,0,0
2513,bruise,0,0
2514,streaming_tears,0,0
2515,spoken_musical_note,0,0
2516,splashing,0,0
2517,holding_unworn_hat,0,0
2518,sleepy,0,0
2519,prosthesis,0,0
2520,shiny_pokemon,0,0
2521,fur-trimmed_headwear,0,0
2522,mismatched_gloves,0,0
2523,single_sock,0,0
2524,one-piece_tan,0,0
2525,naked_apron,0,0
2526,hand_on_another's_cheek,0,0
2527,brown_bag,0,0
2528,gold_bikini,0,0
2529,idol_clothes,0,0
2530,cowboy_hat,0,0
2531,artist_self-insert,0,0
2532,reference_inset,0,0
2533,watermelon,0,0
2534,multicolored_nails,0,0
2535,fringe_trim,0,0
2536,see-through_cleavage,0,0
2537,trigger_discipline,0,0
2538,genderswap_(ftm),0,0
2539,merry_christmas,0,0
2540,bathtub,0,0
2541,bra_strap,0,0
2542,motorcycle,0,0
2543,pregnant,0,0
2544,purple_shoes,0,0
2545,clipboard,0,0
2546,traditional_halo,0,0
2547,pillar,0,0
2548,turtleneck_shirt,0,0
2549,beard_stubble,0,0
2550,foreskin,0,0
2551,greyscale_with_colored_background,0,0
2552,gradient_eyes,0,0
2553,tying_hair,0,0
2554,military_jacket,0,0
2555,aerial_fireworks,0,0
2556,arm_ribbon,0,0
2557,sweater_dress,0,0
2558,cyborg,0,0
2559,dripping,0,0
2560,sandwiched,0,0
2561,pose,0,0
2562,red_sleeves,0,0
2563,heart_print,0,0
2564,feeding,0,0
2565,rice,0,0
2566,tail_wagging,0,0
2567,book_stack,0,0
2568,covered_collarbone,0,0
2569,alien,0,0
2570,blue_fire,0,0
2571,ball_gag,0,0
2572,shelf,0,0
2573,bra_lift,0,0
2574,egg,0,0
2575,fur-trimmed_boots,0,0
2576,sheet_grab,0,0
2577,evening,0,0
2578,shoulder_pads,0,0
2579,standing_split,0,0
2580,hand_on_own_stomach,0,0
2581,heart_pasties,0,0
2582,blood_from_mouth,0,0
2583,soaking_feet,0,0
2584,scroll,0,0
2585,linea_alba,0,0
2586,bandaged_hand,0,0
2587,falling_leaves,0,0
2588,dougi,0,0
2589,convenient_hair,0,0
2590,breast_rest,0,0
2591,multiple_moles,0,0
2592,long_eyelashes,0,0
2593,weapon_over_shoulder,0,0
2594,recording,0,0
2595,torso_grab,0,0
2596,fundoshi,0,0
2597,blood_splatter,0,0
2598,demon_boy,0,0
2599,striped_socks,0,0
2600,material_growth,0,0
2601,crack,0,0
2602,yellow_hat,0,0
2603,whistle,0,0
2604,dragon_wings,0,0
2605,unconventional_maid,0,0
2606,yin_yang,0,0
2607,purple_pantyhose,0,0
2608,single_leg_pantyhose,0,0
2609,vertical-striped_thighhighs,0,0
2610,black_ascot,0,0
2611,grey_hoodie,0,0
2612,the_pose,0,0
2613,pink_necktie,0,0
2614,sidelighting,0,0
2615,between_fingers,0,0
2616,glaring,0,0
2617,scar_on_chest,0,0
2618,long_coat,0,0
2619,alternate_universe,0,0
2620,kote,0,0
2621,husband_and_wife,0,0
2622,nightgown,0,0
2623,utility_pole,0,0
2624,planted,0,0
2625,grey_halo,0,0
2626,partially_unzipped,0,0
2627,footwear_bow,0,0
2628,print_gloves,0,0
2629,sticker,0,0
2630,purple_lips,0,0
2631,tile_wall,0,0
2632,beer,0,0
2633,brown_bow,0,0
2634,pink_pupils,0,0
2635,tape,0,0
2636,skull_hair_ornament,0,0
2637,floral_print_kimono,0,0
2638,unworn_panties,0,0
2639,wine,0,0
2640,adjusting_headwear,0,0
2641,mole_on_neck,0,0
2642,plaid_shirt,0,0
2643,orange_dress,0,0
2644,rimless_eyewear,0,0
2645,flag_print,0,0
2646,tacet_mark_(wuthering_waves),0,0
2647,neck_tattoo,0,0
2648,swivel_chair,0,0
2649,giantess,0,0
2650,multiple_belts,0,0
2651,draph,0,0
2652,lily_(flower),0,0
2653,hair_pulled_back,0,0
2654,poolside,0,0
2655,black_corset,0,0
2656,0_0,0,0
2657,flower-shaped_pupils,0,0
2658,arm_belt,0,0
2659,waist_cape,0,0
2660,object_on_head,0,0
2661,cooking,0,0
2662,white_vest,0,0
2663,slice_of_life,0,0
2664,miqo'te,0,0
2665,asymmetrical_sleeves,0,0
2666,sniper_rifle,0,0
2667,hand_on_another's_chin,0,0
2668,obijime,0,0
2669,bestiality,0,0
2670,broom_riding,0,0
2671,small_sweatdrop,0,0
2672,torogao,0,0
2673,medium_skirt,0,0
2674,cum_string,0,0
2675,race_queen,0,0
2676,cardboard_box,0,0
2677,feet_up,0,0
2678,baggy_pants,0,0
2679,dog_tags,0,0
2680,fox_shadow_puppet,0,0
2681,tassel_hair_ornament,0,0
2682,moaning,0,0
2683,forehead_protector,0,0
2684,jester_cap,0,0
2685,hair_over_breasts,0,0
2686,bound_legs,0,0
2687,suitcase,0,0
2688,elbow_rest,0,0
2689,waist_bow,0,0
2690,deformed,0,0
2691,lap_pillow,0,0
2692,green_gem,0,0
2693,orb,0,0
2694,arthropod_girl,0,0
2695,ear_ribbon,0,0
2696,black_robe,0,0
2697,holding_shield,0,0
2698,raised_eyebrow,0,0
2699,paper_lantern,0,0
2700,multiple_wings,0,0
2701,white_bloomers,0,0
2702,vase,0,0
2703,red_wings,0,0
2704,flower_knot,0,0
2705,ice_cream_cone,0,0
2706,chain_necklace,0,0
2707,beamed_eighth_notes,0,0
2708,futon,0,0
2709,holding_bowl,0,0
2710,american_flag,0,0
2711,kariginu,0,0
2712,street,0,0
2713,solid_circle_eyes,0,0
2714,cushion,0,0
2715,bikini_bottom_only,0,0
2716,nervous_smile,0,0
2717,button_gap,0,0
2718,frilled_bra,0,0
2719,plaid_vest,0,0
2720,knight,0,0
2721,wardrobe_malfunction,0,0
2722,shushing,0,0
2723,print_panties,0,0
2724,laptop,0,0
2725,bride,0,0
2726,father_and_daughter,0,0
2727,open_hands,0,0
2728,internal_cumshot,0,0
2729,gap_(touhou),0,0
2730,pink_neckerchief,0,0
2731,arms_around_neck,0,0
2732,green_panties,0,0
2733,single_mechanical_arm,0,0
2734,bow-shaped_hair,0,0
2735,animal_on_shoulder,0,0
2736,two-tone_gloves,0,0
2737,holding_removed_eyewear,0,0
2738,jaggy_lines,0,0
2739,skirt_pull,0,0
2740,taking_picture,0,0
2741,red_belt,0,0
2742,wolf_boy,0,0
2743,red_headband,0,0
2744,grabbing_another's_hair,0,0
2745,black_armor,0,0
2746,holding_box,0,0
2747,aiguillette,0,0
2748,sakuragaoka_high_school_uniform,0,0
2749,grey_shoes,0,0
2750,bandaid_on_knee,0,0
2751,multi-strapped_bikini_bottom,0,0
2752,bobby_socks,0,0
2753,very_sweaty,0,0
2754,beach_umbrella,0,0
2755,blue_capelet,0,0
2756,maebari,0,0
2757,full_armor,0,0
2758,frilled_hat,0,0
2759,skyscraper,0,0
2760,pillow_hug,0,0
2761,heart-shaped_food,0,0
2762,chain-link_fence,0,0
2763,iron_cross,0,0
2764,cane,0,0
2765,remote_control_vibrator,0,0
2766,xd,0,0
2767,holding_own_skirt,0,0
2768,sakazuki,0,0
2769,high_heel_sandals,0,0
2770,tank,0,0
2771,striped_jacket,0,0
2772,bra_visible_through_clothes,0,0
2773,d:,0,0
2774,ooarai_school_uniform,0,0
2775,green_theme,0,0
2776,meat,0,0
2777,cow_tail,0,0
2778,kogal,0,0
2779,tiger_girl,0,0
2780,holding_broom,0,0
2781,fox,0,0
2782,single_shoe,0,0
2783,punching,0,0
2784,frilled_panties,0,0
2785,octoling,0,0
2786,star_symbol_background,0,0
2787,reclining,0,0
2788,center-flap_bangs,0,0
2789,midair,0,0
2790,large_bow,0,0
2791,red_armband,0,0
2792,river,0,0
2793,steepled_fingers,0,0
2794,unworn_jacket,0,0
2795,leaning_on_person,0,0
2796,manly,0,0
2797,skinny,0,0
2798,spoken_blush,0,0
2799,radio_antenna,0,0
2800,diagonal-striped_necktie,0,0
2801,playing_games,0,0
2802,noodles,0,0
2803,updo,0,0
2804,striped_skirt,0,0
2805,cat_ear_headphones,0,0
2806,projectile_cum,0,0
2807,fashion,0,0
2808,turn_pale,0,0
2809,heart-shaped_box,0,0
2810,teamwork_(sexual),0,0
2811,parted_hair,0,0
2812,red_bra,0,0
2813,leather_jacket,0,0
2814,reverse_cowgirl_position,0,0
2815,green_sweater,0,0
2816,single_pauldron,0,0
2817,purple_halo,0,0
2818,gold_necklace,0,0
2819,amputee,0,0
2820,blood_on_weapon,0,0
2821,half-closed_eye,0,0
2822,black_streaks,0,0
2823,bandaid_on_cheek,0,0
2824,netorare,0,0
2825,jiangshi,0,0
2826,explosive,0,0
2827,arm_garter,0,0
2828,coffee_mug,0,0
2829,clothed_male_nude_female,0,0
2830,oripathy_lesion_(arknights),0,0
2831,ranguage,0,0
2832,bokeh,0,0
2833,food_print,0,0
2834,barbell_piercing,0,0
2835,single_elbow_glove,0,0
2836,lightning_bolt_symbol,0,0
2837,sailor_senshi_uniform,0,0
2838,school_chair,0,0
2839,train_interior,0,0
2840,shopping_bag,0,0
2841,company_connection,0,0
2842,barcode,0,0
2843,multicolored_bodysuit,0,0
2844,single_off_shoulder,0,0
2845,blue_belt,0,0
2846,waistcoat,0,0
2847,cowlick,0,0
2848,looking_at_penis,0,0
2849,holding_axe,0,0
2850,multiple_horns,0,0
2851,open_hoodie,0,0
2852,notebook,0,0
2853,castle,0,0
2854,uterus,0,0
2855,plaid_scarf,0,0
2856,pom_pom_hair_ornament,0,0
2857,costume_switch,0,0
2858,purple_sleeves,0,0
2859,grey_sailor_collar,0,0
2860,blue_ascot,0,0
2861,nekomata,0,0
2862,dango,0,0
2863,thank_you,0,0
2864,footjob,0,0
2865,unworn_skirt,0,0
2866,;p,0,0
2867,hand_on_another's_back,0,0
2868,single_hair_intake,0,0
2869,covering_face,0,0
2870,drink_carton,0,0
2871,low-braided_long_hair,0,0
2872,grey_cardigan,0,0
2873,sepia,0,0
2874,o-ring_choker,0,0
2875,kissing_cheek,0,0
2876,faulds,0,0
2877,navel_hair,0,0
2878,vertical-striped_dress,0,0
2879,teardrop,0,0
2880,backboob,0,0
2881,panty_peek,0,0
2882,broken,0,0
2883,leotard_under_clothes,0,0
2884,thigh_holster,0,0
2885,arm_around_shoulder,0,0
2886,purple_hairband,0,0
2887,cum_on_ass,0,0
2888,ankle_socks,0,0
2889,copyright_logo,0,0
2890,grey_socks,0,0
2891,uwabaki,0,0
2892,multicolored_bikini,0,0
2893,rectangular_eyewear,0,0
2894,waves,0,0
2895,blue_overalls,0,0
2896,fucked_silly,0,0
2897,erune,0,0
2898,hachimaki,0,0
2899,landscape,0,0
2900,flower_wreath,0,0
2901,sweater_lift,0,0
2902,print_skirt,0,0
2903,white_headband,0,0
2904,sideways_mouth,0,0
2905,single_ear_cover,0,0
2906,leopard_print,0,0
2907,hand_on_own_ass,0,0
2908,pointing_at_self,0,0
2909,mouse_(animal),0,0
2910,purple_leotard,0,0
2911,gradient_sky,0,0
2912,wolf,0,0
2913,gradient_clothes,0,0
2914,torpedo,0,0
2915,fedora,0,0
2916,wall,0,0
2917,trading_card,0,0
2918,boy_on_top,0,0
2919,exhibitionism,0,0
2920,snout,0,0
2921,multi-tied_hair,0,0
2922,brown_tail,0,0
2923,whip,0,0
2924,dragon_boy,0,0
2925,holding_controller,0,0
2926,competition_school_swimsuit,0,0
2927,pink_shorts,0,0
2928,green_cape,0,0
2929,beer_mug,0,0
2930,over-kneehighs,0,0
2931,blue_wings,0,0
2932,painterly,0,0
2933,heart-shaped_eyewear,0,0
2934,firing,0,0
2935,armpit_hair,0,0
2936,dot_mouth,0,0
2937,unworn_clothes,0,0
2938,holding_mask,0,0
2939,on_desk,0,0
2940,purple_bra,0,0
2941,uneven_eyes,0,0
2942,twisted_torso,0,0
2943,loincloth,0,0
2944,loose_hair_strand,0,0
2945,downblouse,0,0
2946,holding_scythe,0,0
2947,policewoman,0,0
2948,bone,0,0
2949,hands_on_own_knees,0,0
2950,orange_(fruit),0,0
2951,poster_(object),0,0
2952,\m/,0,0
2953,yellow_shorts,0,0
2954,track_pants,0,0
2955,squatting_cowgirl_position,0,0
2956,yellow_cardigan,0,0
2957,green_sailor_collar,0,0
2958,gold_bracelet,0,0
2959,white_feathers,0,0
2960,red_buruma,0,0
2961,fox_boy,0,0
2962,mixed-language_text,0,0
2963,hot,0,0
2964,demon,0,0
2965,microphone_stand,0,0
2966,yellow_shoes,0,0
2967,family,0,0
2968,raccoon_girl,0,0
2969,red_sclera,0,0
2970,cum_on_tongue,0,0
2971,girl_sandwich,0,0
2972,metal_collar,0,0
2973,frilled_gloves,0,0
2974,onigiri,0,0
2975,v-fin,0,0
2976,perspective,0,0
2977,heart_necklace,0,0
2978,viewfinder,0,0
2979,pinky_out,0,0
2980,v_over_eye,0,0
2981,hand_on_another's_arm,0,0
2982,sleeveless_kimono,0,0
2983,loose_necktie,0,0
2984,flip_phone,0,0
2985,bikini_pull,0,0
2986,thigh_belt,0,0
2987,pumps,0,0
2988,white_horns,0,0
2989,heart_choker,0,0
2990,pervert,0,0
2991,single_detached_sleeve,0,0
2992,blue_buruma,0,0
2993,machinery,0,0
2994,energy,0,0
2995,holding_pom_poms,0,0
2996,diagonal-striped_bow,0,0
2997,diagonal_bangs,0,0
2998,water_gun,0,0
2999,chess_piece,0,0
3000,green_shoes,0,0
3001,two-sided_cape,0,0
3002,musical_note_hair_ornament,0,0
3003,sagging_breasts,0,0
3004,humanoid_robot,0,0
3005,high-waist_shorts,0,0
3006,yellow_scarf,0,0
3007,autumn,0,0
3008,interface_headset_(evangelion),0,0
3009,grey_boots,0,0
3010,dark_elf,0,0
3011,bird_ears,0,0
3012,cow_print_thighhighs,0,0
3013,holding_towel,0,0
3014,pawpads,0,0
3015,purple_pants,0,0
3016,artistic_error,0,0
3017,holding_drink,0,0
3018,shorts_pull,0,0
3019,torn_dress,0,0
3020,heart-shaped_chocolate,0,0
3021,old_school_swimsuit,0,0
3022,evil_grin,0,0
3023,time_paradox,0,0
3024,lifting_person,0,0
3025,blue_fur,0,0
3026,black_sash,0,0
3027,aegyo_sal,0,0
3028,tight_pants,0,0
3029,ambiguous_gender,0,0
3030,four-finger_heart_hands,0,0
3031,black_lips,0,0
3032,cat_hair_ornament,0,0
3033,red_sailor_collar,0,0
3034,purple_coat,0,0
3035,purple_rose,0,0
3036,abstract_background,0,0
3037,engrish_text,0,0
3038,crow,0,0
3039,revolver,0,0
3040,head_on_pillow,0,0
3041,slime_(substance),0,0
3042,improvised_gag,0,0
3043,bun_with_braided_base,0,0
3044,ears_down,0,0
3045,pink_scarf,0,0
3046,furisode,0,0
3047,black_camisole,0,0
3048,zombie,0,0
3049,white_cat,0,0
3050,penguin,0,0
3051,kitchen,0,0
3052,robot_ears,0,0
3053,high-waist_pants,0,0
3054,hand_in_another's_hair,0,0
3055,single_sleeve,0,0
3056,convenient_leg,0,0
3057,orange_bikini,0,0
3058,yellow_pupils,0,0
3059,3:,0,0
3060,bird_tail,0,0
3061,corruption,0,0
3062,yandere,0,0
3063,bite_mark,0,0
3064,e.g.o_(project_moon),0,0
3065,looking_at_animal,0,0
3066,print_pantyhose,0,0
3067,narrowed_eyes,0,0
3068,hypnosis,0,0
3069,fur_hat,0,0
3070,towel_around_neck,0,0
3071,crotchless,0,0
3072,long_tongue,0,0
3073,against_glass,0,0
3074,heart_background,0,0
3075,thighhighs_under_boots,0,0
3076,thong_bikini,0,0
3077,dark_nipples,0,0
3078,mother_and_son,0,0
3079,partially_undressed,0,0
3080,aqua_shirt,0,0
3081,muted_color,0,0
3082,back_cutout,0,0
3083,mega_pokemon,0,0
3084,winter_coat,0,0
3085,lightning,0,0
3086,triangle,0,0
3087,multiple_earrings,0,0
3088,long_pointy_ears,0,0
3089,mini_wings,0,0
3090,defeat,0,0
3091,shirt_pull,0,0
3092,tie_clip,0,0
3093,santa_dress,0,0
3094,furry_with_non-furry,0,0
3095,bra_pull,0,0
3096,grapes,0,0
3097,orange_sky,0,0
3098,oppai_loli,0,0
3099,striped_scarf,0,0
3100,horn_ribbon,0,0
3101,waking_up,0,0
3102,tokiwadai_school_uniform,0,0
3103,anal_beads,0,0
3104,painting_(object),0,0
3105,statue,0,0
3106,multicolored_wings,0,0
3107,clone,0,0
3108,front_ponytail,0,0
3109,energy_sword,0,0
3110,anchor_hair_ornament,0,0
3111,twilight,0,0
3112,breast_lift,0,0
3113,kotatsu,0,0
3114,reverse_outfit,0,0
3115,collared_coat,0,0
3116,paper_fan,0,0
3117,bubble_skirt,0,0
3118,purple_vest,0,0
3119,red_socks,0,0
3120,suggestive_fluid,0,0
3121,black_veil,0,0
3122,throne,0,0
3123,machine_gun,0,0
3124,layered_clothes,0,0
3125,hair_beads,0,0
3126,money,0,0
3127,wine_bottle,0,0
3128,stomach_tattoo,0,0
3129,holding_strap,0,0
3130,scar_on_nose,0,0
3131,animal_feet,0,0
3132,stage,0,0
3133,untied_bikini,0,0
3134,pole,0,0
3135,twitching,0,0
3136,laurel_crown,0,0
3137,hand_on_another's_waist,0,0
3138,choppy_bangs,0,0
3139,boat,0,0
3140,people,0,0
3141,rose_petals,0,0
3142,goth_fashion,0,0
3143,pun,0,0
3144,pointy_hair,0,0
3145,drawing_(object),0,0
3146,??,0,0
3147,green_coat,0,0
3148,computer_keyboard,0,0
3149,album_cover,0,0
3150,thorns,0,0
3151,earpiece,0,0
3152,arm_hair,0,0
3153,spotlight,0,0
3154,coattails,0,0
3155,forked_eyebrows,0,0
3156,backwards_hat,0,0
3157,east-west_crossover,0,0
3158,sphere_earrings,0,0
3159,sake,0,0
3160,arm_rest,0,0
3161,nintendo_switch,0,0
3162,colored_tongue,0,0
3163,tablet_pc,0,0
3164,elbow_pads,0,0
3165,plaid_dress,0,0
3166,take_your_pick,0,0
3167,starfish,0,0
3168,open_door,0,0
3169,medical_eyepatch,0,0
3170,stick,0,0
3171,mixed-sex_bathing,0,0
3172,still_life,0,0
3173,grabbing_own_ass,0,0
3174,prosthetic_arm,0,0
3175,male_maid,0,0
3176,dressing,0,0
3177,unmoving_pattern,0,0
3178,tomoe_(symbol),0,0
3179,hands_on_another's_shoulders,0,0
3180,drill_sidelocks,0,0
3181,two-sided_jacket,0,0
3182,no_socks,0,0
3183,\||/,0,0
3184,pubic_hair_peek,0,0
3185,see-through_dress,0,0
3186,holding_leash,0,0
3187,asymmetrical_horns,0,0
3188,bicycle,0,0
3189,pointing_up,0,0
3190,road_sign,0,0
3191,baby,0,0
3192,reverse_grip,0,0
3193,aqua_bowtie,0,0
3194,damaged,0,0
3195,holding_another's_arm,0,0
3196,bike_shorts_under_skirt,0,0
3197,halftone_background,0,0
3198,pillarboxed,0,0
3199,taut_shirt,0,0
3200,horror_(theme),0,0
3201,holding_dagger,0,0
3202,unworn_mask,0,0
3203,otonokizaka_school_uniform,0,0
3204,hand_on_another's_chest,0,0
3205,tail_ribbon,0,0
3206,doorway,0,0
3207,green_scarf,0,0
3208,tracen_training_uniform,0,0
3209,alternate_hair_length_(shorter),0,0
3210,ringlets,0,0
3211,ladle,0,0
3212,unsheathing,0,0
3213,snowman,0,0
3214,jacket_around_waist,0,0
3215,reverse_bunnysuit,0,0
3216,striped_ribbon,0,0
3217,crowd,0,0
3218,ship,0,0
3219,ear_tag,0,0
3220,hands_in_own_hair,0,0
3221,pouring,0,0
3222,power_armor,0,0
3223,planted_sword,0,0
3224,playing_video_games,0,0
3225,beak,0,0
3226,cable_knit,0,0
3227,hands_on_another's_face,0,0
3228,crazy_eyes,0,0
3229,school,0,0
3230,armchair,0,0
3231,romaji_text,0,0
3232,bikini_bottom_aside,0,0
3233,reverse_trap,0,0
3234,bandage_over_one_eye,0,0
3235,black_leggings,0,0
3236,looking_at_phone,0,0
3237,albino,0,0
3238,spider_lily,0,0
3239,disembodied_penis,0,0
3240,demon_slayer_uniform,0,0
3241,rose_print,0,0
3242,brown_scarf,0,0
3243,blue_sash,0,0
3244,red_cloak,0,0
3245,in-franchise_crossover,0,0
3246,pink_petals,0,0
3247,female_pervert,0,0
3248,crab,0,0
3249,lion_girl,0,0
3250,letter,0,0
3251,asymmetrical_footwear,0,0
3252,wispy_bangs,0,0
3253,cropped_shoulders,0,0
3254,spring_onion,0,0
3255,jar,0,0
3256,facing_to_the_side,0,0
3257,pussy_peek,0,0
3258,goggles_on_headwear,0,0
3259,white_headdress,0,0
3260,non-humanoid_robot,0,0
3261,black_headband,0,0
3262,bursting_breasts,0,0
3263,white_cloak,0,0
3264,orange_necktie,0,0
3265,gears,0,0
3266,pocket_watch,0,0
3267,mask_pull,0,0
3268,brown_horns,0,0
3269,no_nipples,0,0
3270,body_blush,0,0
3271,clover,0,0
3272,holding_popsicle,0,0
3273,blue_pupils,0,0
3274,locker,0,0
3275,dimples_of_venus,0,0
3276,red_scrunchie,0,0
3277,orange_ribbon,0,0
3278,pink_leotard,0,0
3279,breast_suppress,0,0
3280,red_pantyhose,0,0
3281,butterfly_wings,0,0
3282,locked_arms,0,0
3283,diamond_button,0,0
3284,peeking_out,0,0
3285,shore,0,0
3286,pirate_hat,0,0
3287,tower,0,0
3288,taur,0,0
3289,trench_coat,0,0
3290,wedgie,0,0
3291,holding_doll,0,0
3292,chick,0,0
3293,deep_penetration,0,0
3294,purple_choker,0,0
3295,shooting_star,0,0
3296,strap_pull,0,0
3297,flower_earrings,0,0
3298,grey_fur,0,0
3299,breast_curtains,0,0
3300,purple_cape,0,0
3301,soap_bubbles,0,0
3302,polka_dot_panties,0,0
3303,blue_pantyhose,0,0
3304,side_cutout,0,0
3305,double_handjob,0,0
3306,silk,0,0
3307,macaron,0,0
3308,quiver,0,0
3309,imagining,0,0
3310,karakasa_obake,0,0
3311,orange_bowtie,0,0
3312,male_masturbation,0,0
3313,mechanical_wings,0,0
3314,hand_on_another's_thigh,0,0
3315,naked_ribbon,0,0
3316,closed_umbrella,0,0
3317,orange_nails,0,0
3318,contrast_collar,0,0
3319,two-tone_skirt,0,0
3320,yukkuri_shiteitte_ne,0,0
3321,garreg_mach_monastery_uniform,0,0
3322,fighting,0,0
3323,test_tube,0,0
3324,shop,0,0
3325,ribbed_shirt,0,0
3326,unworn_helmet,0,0
3327,office_chair,0,0
3328,lake,0,0
3329,yellow_theme,0,0
3330,aqua_dress,0,0
3331,breast_envy,0,0
3332,yellow_rose,0,0
3333,opaque_glasses,0,0
3334,purple_wings,0,0
3335,bandaged_head,0,0
3336,chest_belt,0,0
3337,penis_on_face,0,0
3338,armpit_peek,0,0
3339,female_pov,0,0
3340,cross_scar,0,0
3341,bleeding,0,0
3342,purple_boots,0,0
3343,chewing_gum,0,0
3344,hydrangea,0,0
3345,mole_on_thigh,0,0
3346,dragon_print,0,0
3347,thinking,0,0
3348,o-ring_thigh_strap,0,0
3349,hairy,0,0
3350,strapless_bikini,0,0
3351,middle_finger,0,0
3352,green_sleeves,0,0
3353,spread_anus,0,0
3354,purple_gem,0,0
3355,spoken_squiggle,0,0
3356,kyuubi,0,0
3357,brown_sweater_vest,0,0
3358,miniboy,0,0
3359,green_thighhighs,0,0
3360,imminent_rape,0,0
3361,perineum,0,0
3362,envelope,0,0
3363,on_bench,0,0
3364,business_suit,0,0
3365,lowleg_panties,0,0
3366,orgy,0,0
3367,lipstick_mark,0,0
3368,orange-tinted_eyewear,0,0
3369,assault_visor,0,0
3370,orange_hat,0,0
3371,crossed_ankles,0,0
3372,breast_tattoo,0,0
3373,ceiling,0,0
3374,black_cardigan,0,0
3375,poking,0,0
3376,ring_piercing,0,0
3377,hairpods,0,0
3378,colored_pubic_hair,0,0
3379,lion_tail,0,0
3380,bear,0,0
3381,puddle,0,0
3382,hooded_capelet,0,0
3383,inverted_bob,0,0
3384,bird_girl,0,0
3385,flip-flops,0,0
3386,tomato,0,0
3387,argyle_background,0,0
3388,red_trim,0,0
3389,after_fellatio,0,0
3390,blue_scrunchie,0,0
3391,spoken_interrobang,0,0
3392,lower_body,0,0
3393,suction_cups,0,0
3394,black_bridal_gauntlets,0,0
3395,pentagram,0,0
3396,big_belly,0,0
3397,wrist_ribbon,0,0
3398,gym_shorts,0,0
3399,reverse_suspended_congress,0,0
3400,wet_panties,0,0
3401,underboob_cutout,0,0
3402,cat_hood,0,0
3403,lemon,0,0
3404,leaf_print,0,0
3405,jirai_kei,0,0
3406,lying_on_person,0,0
3407,winged_arms,0,0
3408,reindeer_antlers,0,0
3409,purple_shorts,0,0
3410,penis_awe,0,0
3411,robot_girl,0,0
3412,animal_penis,0,0
3413,urethra,0,0
3414,greco-roman_clothes,0,0
3415,arm_hug,0,0
3416,death,0,0
3417,dress_flower,0,0
3418,horseshoe_ornament,0,0
3419,cat_paws,0,0
3420,debris,0,0
3421,okobo,0,0
3422,lock,0,0
3423,fat_mons,0,0
3424,fog,0,0
3425,multicolored_skirt,0,0
3426,chaldea_master_uniform,0,0
3427,spoken_anger_vein,0,0
3428,shotgun,0,0
3429,yellow_kimono,0,0
3430,plunging_neckline,0,0
3431,reflective_liquid,0,0
3432,stomach_cutout,0,0
3433,waterfall,0,0
3434,gold_chain,0,0
3435,red_rope,0,0
3436,spacesuit,0,0
3437,aqua_skirt,0,0
3438,leotard_aside,0,0
3439,mitsudomoe_(shape),0,0
3440,arm_around_another's_waist,0,0
3441,transformation,0,0
3442,quad_tails,0,0
3443,spider_web,0,0
3444,father_and_son,0,0
3445,grey_sky,0,0
3446,anal_tail,0,0
3447,circle,0,0
3448,holding_paintbrush,0,0
3449,american_flag_print,0,0
3450,christmas_ornaments,0,0
3451,huge_nipples,0,0
3452,striped_pants,0,0
3453,blue_lips,0,0
3454,finger_gun,0,0
3455,imminent_vaginal,0,0
3456,color_guide,0,0
3457,glitch,0,0
3458,tail_through_clothes,0,0
3459,u_u,0,0
3460,pendant_choker,0,0
3461,colorful,0,0
3462,anus_peek,0,0
3463,x-shaped_pupils,0,0
3464,flaccid,0,0
3465,crystal_wings,0,0
3466,food_on_body,0,0
3467,carrot_hair_ornament,0,0
3468,towel_on_head,0,0
3469,feather_hair,0,0
3470,cat_cutout,0,0
3471,clothed_pokemon,0,0
3472,bangs_pinned_back,0,0
3473,art_program_in_frame,0,0
3474,blue_cardigan,0,0
3475,holding_basket,0,0
3476,dancer,0,0
3477,pink_bag,0,0
3478,mandarin_orange,0,0
3479,green_hairband,0,0
3480,toilet,0,0
3481,too_many,0,0
3482,super_saiyan,0,0
3483,hose,0,0
3484,blue_serafuku,0,0
3485,yellow_skin,0,0
3486,red_armor,0,0
3487,rabbit_pose,0,0
3488,arm_around_neck,0,0
3489,folded_fan,0,0
3490,frilled_socks,0,0
3491,w_arms,0,0
3492,egg_vibrator,0,0
3493,paint_splatter,0,0
3494,torn_skirt,0,0
3495,glowing_weapon,0,0
3496,bra_peek,0,0
3497,red-tinted_eyewear,0,0
3498,single_hair_streak,0,0
3499,orange_gloves,0,0
3500,evolutionary_line,0,0
3501,chef_hat,0,0
3502,gourd,0,0
3503,pink_sleeves,0,0
3504,on_throne,0,0
3505,see-through_silhouette,0,0
3506,trident,0,0
3507,kurokote,0,0
3508,holding_hammer,0,0
3509,sleeveless_sweater,0,0
3510,leg_hair,0,0
3511,fusion,0,0
3512,pizza,0,0
3513,short_bangs,0,0
3514,glowstick,0,0
3515,tengu-geta,0,0
3516,stand_(jojo),0,0
3517,text_background,0,0
3518,unbuttoned_shirt,0,0
3519,cow_print_gloves,0,0
3520,holding_flag,0,0
3521,gloom_(expression),0,0
3522,2023,0,0
3523,bolt_action,0,0
3524,after_anal,0,0
3525,cheek-to-cheek,0,0
3526,command_spell,0,0
3527,white_halo,0,0
3528,earth_(planet),0,0
3529,fruit_print,0,0
3530,egasumi,0,0
3531,plectrum,0,0
3532,knees_to_chest,0,0
3533,holding_pokemon,0,0
3534,purple_sailor_collar,0,0
3535,grey_panties,0,0
3536,flashing,0,0
3537,alternate_form,0,0
3538,>:(,0,0
3539,frilled_one-piece_swimsuit,0,0
3540,condom_in_mouth,0,0
3541,energy_gun,0,0
3542,deer_ears,0,0
3543,yellow_panties,0,0
3544,clothed_animal,0,0
3545,parfait,0,0
3546,bone_hair_ornament,0,0
3547,sandwich,0,0
3548,1980s_(style),0,0
3549,novelty_censor,0,0
3550,wizard_hat,0,0
3551,holding_behind_back,0,0
3552,horizontal_pupils,0,0
3553,rubber_duck,0,0
3554,holding_cat,0,0
3555,hair_horns,0,0
3556,shikishi,0,0
3557,dress_pull,0,0
3558,bustier,0,0
3559,domino_mask,0,0
3560,whistle_around_neck,0,0
3561,surgical_mask,0,0
3562,framed_breasts,0,0
3563,bodypaint,0,0
3564,frilled_kimono,0,0
3565,hair_flowing_over,0,0
3566,fishing_rod,0,0
3567,white_sash,0,0
3568,obiage,0,0
3569,triangle_hair_ornament,0,0
3570,violin,0,0
3571,mechanical_legs,0,0
3572,upright_straddle,0,0
3573,spacecraft,0,0
3574,cupcake,0,0
3575,duck,0,0
3576,hagoromo,0,0
3577,thigh_grab,0,0
3578,spread_ass,0,0
3579,small_horns,0,0
3580,bullet,0,0
3581,cracked_skin,0,0
3582,paper_bag,0,0
3583,2024,0,0
3584,piggyback,0,0
3585,burn_scar,0,0
3586,pince-nez,0,0
3587,tongue_piercing,0,0
3588,two-tone_bow,0,0
3589,beer_can,0,0
3590,shouji,0,0
3591,au_ra,0,0
3592,holding_baseball_bat,0,0
3593,guro,0,0
3594,brown_sandals,0,0
3595,crotch,0,0
3596,black_apron,0,0
3597,numbered,0,0
3598,vegetable,0,0
3599,rapier,0,0
3600,letterman_jacket,0,0
3601,cat_lingerie,0,0
3602,white_tail,0,0
3603,one-piece_swimsuit_pull,0,0
3604,aqua_neckerchief,0,0
3605,flexible,0,0
3606,sheep_girl,0,0
3607,drum,0,0
3608,star_halo,0,0
3609,low-tied_sidelocks,0,0
3610,shoulder_spikes,0,0
3611,biting_own_lip,0,0
3612,scope,0,0
3613,library,0,0
3614,milk,0,0
3615,white_scrunchie,0,0
3616,thick_eyelashes,0,0
3617,talons,0,0
3618,pancake,0,0
3619,covered_face,0,0
3620,sheep_ears,0,0
3621,diffraction_spikes,0,0
3622,sideless_outfit,0,0
3623,kunai,0,0
3624,feather_boa,0,0
3625,pink_apron,0,0
3626,finger_to_cheek,0,0
3627,song_name,0,0
3628,large_hat,0,0
3629,purple_tail,0,0
3630,puckered_lips,0,0
3631,sheep,0,0
3632,green_boots,0,0
3633,pink_hoodie,0,0
3634,red_bag,0,0
3635,cage,0,0
3636,seagull,0,0
3637,goggles_around_neck,0,0
3638,tissue_box,0,0
3639,fur-trimmed_hood,0,0
3640,bandaids_on_nipples,0,0
3641,impossible_shirt,0,0
3642,hand_under_clothes,0,0
3643,high_side_ponytail,0,0
3644,toe_scrunch,0,0
3645,yellow_boots,0,0
3646,purple_sash,0,0
3647,notched_ear,0,0
3648,animal_ear_headwear,0,0
3649,floor,0,0
3650,sword_on_back,0,0
3651,large_tail,0,0
3652,twitter_logo,0,0
3653,skates,0,0
3654,spade_(shape),0,0
3655,octopus,0,0
3656,holding_smoking_pipe,0,0
3657,aiming_at_viewer,0,0
3658,single_hair_ring,0,0
3659,milestone_celebration,0,0
3660,button_badge,0,0
3661,borrowed_clothes,0,0
3662,butt_plug,0,0
3663,irrumatio,0,0
3664,bag_charm,0,0
3665,panty_straps,0,0
3666,white_suit,0,0
3667,checkered_scarf,0,0
3668,spread_toes,0,0
3669,latin_cross,0,0
3670,brand_name_imitation,0,0
3671,black_feathers,0,0
3672,leaning,0,0
3673,black_hanfu,0,0
3674,yellow_horns,0,0
3675,smelling,0,0
3676,magazine_(weapon),0,0
3677,shibari_over_clothes,0,0
3678,constellation,0,0
3679,mechanical_tail,0,0
3680,bat_print,0,0
3681,sparkle_background,0,0
3682,:>=,0,0
3683,hair_tie_in_mouth,0,0
3684,red_hoodie,0,0
3685,green_hoodie,0,0
3686,plaid_bowtie,0,0
3687,puffy_detached_sleeves,0,0
3688,treble_clef,0,0
3689,briefcase,0,0
3690,turtleneck_dress,0,0
3691,white_trim,0,0
3692,cuts,0,0
3693,white_headscarf,0,0
3694,holding_clipboard,0,0
3695,roots_(hair),0,0
3696,holding_game_controller,0,0
3697,tiger,0,0
3698,candy_apple,0,0
3699,ancient_egyptian,0,0
3700,yoga_pants,0,0
3701,paizuri_under_clothes,0,0
3702,wa_maid,0,0
3703,strapless_shirt,0,0
3704,shide,0,0
3705,orange_shorts,0,0
3706,hooded_cape,0,0
3707,embers,0,0
3708,maid_bikini,0,0
3709,fisheye,0,0
3710,tokusatsu,0,0
3711,surreal,0,0
3712,pink_pants,0,0
3713,pink_fur,0,0
3714,2022,0,0
3715,hand_over_own_mouth,0,0
3716,birthday_cake,0,0
3717,wiffle_gag,0,0
3718,eastern_dragon,0,0
3719,city_lights,0,0
3720,happy_halloween,0,0
3721,bikini_top_lift,0,0
3722,two-footed_footjob,0,0
3723,microdress,0,0
3724,megaphone,0,0
3725,harpy,0,0
3726,swimming,0,0
3727,flute,0,0
3728,horned_helmet,0,0
3729,string_of_fate,0,0
3730,spoken_character,0,0
3731,nude_cover,0,0
3732,unaligned_breasts,0,0
3733,unsheathed,0,0
3734,danmaku,0,0
3735,checkered_skirt,0,0
3736,multiple_4koma,0,0
3737,grabbing_another's_penis,0,0
3738,deepthroat,0,0
3739,scar_on_forehead,0,0
3740,character_profile,0,0
3741,single_fingerless_glove,0,0
3742,cum_pool,0,0
3743,sailor,0,0
3744,stage_lights,0,0
3745,crescent_earrings,0,0
3746,steamed_bun,0,0
3747,bandaged_neck,0,0
3748,nostrils,0,0
3749,white_cardigan,0,0
3750,flower_pot,0,0
3751,white_mask,0,0
3752,pokephilia,0,0
3753,lance,0,0
3754,flustered,0,0
3755,calligraphy_brush,0,0
3756,thong_leotard,0,0
3757,uneven_horns,0,0
3758,bass_guitar,0,0
3759,pussy_juice_trail,0,0
3760,holding_arrow,0,0
3761,two-tone_bikini,0,0
3762,spider_web_print,0,0
3763,remote_control,0,0
3764,overskirt,0,0
3765,pussy_juice_stain,0,0
3766,skin_fangs,0,0
3767,holding_lantern,0,0
3768,gown,0,0
3769,eyepatch_bikini,0,0
3770,aroused,0,0
3771,after_kiss,0,0
3772,heart_tattoo,0,0
3773,cheese,0,0
3774,heart_balloon,0,0
3775,hand_on_another's_hip,0,0
3776,finger_on_trigger,0,0
3777,yellow-framed_eyewear,0,0
3778,hand_on_own_leg,0,0
3779,purple_scarf,0,0
3780,wrench,0,0
3781,green_leotard,0,0
3782,white-framed_eyewear,0,0
3783,evening_gown,0,0
3784,sushi,0,0
3785,tusks,0,0
3786,latex_bodysuit,0,0
3787,soul_gem,0,0
3788,>_o,0,0
3789,ribbon-trimmed_thighhighs,0,0
3790,2025,0,0
3791,crescent_pin,0,0
3792,black_scrunchie,0,0
3793,red_moon,0,0
3794,teacher,0,0
3795,pink_socks,0,0
3796,thigh_pouch,0,0
3797,ancient_greek_clothes,0,0
3798,cosmetics,0,0
3799,blue_bag,0,0
3800,kanzashi,0,0
3801,white_hanfu,0,0
3802,sleepwear,0,0
3803,heart_o-ring,0,0
3804,unworn_shirt,0,0
3805,soldier,0,0
3806,unworn_bra,0,0
3807,swimsuit_aside,0,0
3808,bar_(place),0,0
3809,nontraditional_playboy_bunny,0,0
3810,multiple_crossover,0,0
3811,throwing,0,0
3812,;q,0,0
3813,banner,0,0
3814,police_hat,0,0
3815,on_shoulder,0,0
3816,raincoat,0,0
3817,banana,0,0
3818,foot_up,0,0
3819,cream,0,0
3820,lily_pad,0,0
3821,jingasa,0,0
3822,orange_fur,0,0
3823,scowl,0,0
3824,chicken,0,0
3825,no_pussy,0,0
3826,shrine,0,0
3827,squirrel_ears,0,0
3828,holding_sack,0,0
3829,holding_plectrum,0,0
3830,happy_valentine,0,0
3831,dirty_face,0,0
3832,holding_guitar,0,0
3833,writing,0,0
3834,brown_ribbon,0,0
3835,holding_sheath,0,0
3836,platform_shoes,0,0
3837,map,0,0
3838,staring,0,0
3839,holding_syringe,0,0
3840,pointy_nose,0,0
3841,head_back,0,0
3842,1koma,0,0
3843,broken_glass,0,0
3844,rooftop,0,0
3845,sleeve_bow,0,0
3846,yellow_belt,0,0
3847,frying_pan,0,0
3848,lamia,0,0
3849,flag_print_bikini,0,0
3850,white_bag,0,0
3851,striped_sleeves,0,0
3852,showering,0,0
3853,frilled_pillow,0,0
3854,bodysuit_under_clothes,0,0
3855,instagram_username,0,0
3856,cat_hat,0,0
3857,assisted_exposure,0,0
3858,wolf_cut,0,0
3859,finger_in_another's_mouth,0,0
3860,gekkoukan_high_school_uniform,0,0
3861,tiger_boy,0,0
3862,pompadour,0,0
3863,mochi,0,0
3864,purple_sky,0,0
3865,pink_streaks,0,0
3866,two-tone_bodysuit,0,0
3867,holding_underwear,0,0
3868,petting,0,0
3869,black_garter_straps,0,0
3870,grey_bow,0,0
3871,magazine_cover,0,0
3872,purple_bodysuit,0,0
3873,pink_eyeshadow,0,0
3874,two-handed,0,0
3875,romper,0,0
3876,brown_capelet,0,0
3877,holding_handheld_game_console,0,0
3878,flame-tipped_tail,0,0
3879,polka_dot_bikini,0,0
3880,oversized_shirt,0,0
3881,swim_trunks,0,0
3882,bird_on_head,0,0
3883,yellow_sash,0,0
3884,light_trail,0,0
3885,soda_can,0,0
3886,covered_abs,0,0
3887,bulletproof_vest,0,0
3888,trash_can,0,0
3889,white_sports_bra,0,0
3890,contrail,0,0
3891,stylus,0,0
3892,candlestand,0,0
3893,gaping,0,0
3894,upturned_eyes,0,0
3895,stuffed_cat,0,0
3896,instant_loss,0,0
3897,pill,0,0
3898,sleeves_pushed_up,0,0
3899,impossible_bodysuit,0,0
3900,fluffy,0,0
3901,chips_(food),0,0
3902,harem_outfit,0,0
3903,cone_horns,0,0
3904,frilled_capelet,0,0
3905,aqua_ribbon,0,0
3906,colored_inner_animal_ears,0,0
3907,bikini_tan,0,0
3908,white_nails,0,0
3909,train,0,0
3910,lotus,0,0
3911,soccer_uniform,0,0
3912,purple_sweater,0,0
3913,unamused,0,0
3914,spanked,0,0
3915,tsundere,0,0
3916,super_crown,0,0
3917,multicolored_horns,0,0
3918,black_sweater_vest,0,0
3919,cum_on_legs,0,0
3920,puppet,0,0
3921,french_fries,0,0
3922,lowleg_bikini,0,0
3923,layered_bikini,0,0
3924,spitroast,0,0
3925,gloved_handjob,0,0
3926,sun_symbol,0,0
3927,toy,0,0
3928,hallway,0,0
3929,torn_sleeves,0,0
3930,head_grab,0,0
3931,roswaal_mansion_maid_uniform,0,0
3932,gold_choker,0,0
3933,looking_over_eyewear,0,0
3934,afloat,0,0
3935,strappy_heels,0,0
3936,disposable_coffee_cup,0,0
3937,orange_hairband,0,0
3938,red_bandana,0,0
3939,hand_grab,0,0
3940,employee_uniform,0,0
3941,holding_sign,0,0
3942,bangboo_(zenless_zone_zero),0,0
3943,head-mounted_display,0,0
3944,pink_scrunchie,0,0
3945,triangle_earrings,0,0
3946,flower_symbol,0,0
3947,small_penis,0,0
3948,in_box,0,0
3949,clover_hair_ornament,0,0
3950,stained_glass,0,0
3951,tucking_hair,0,0
3952,brown_sailor_collar,0,0
3953,snake_tail,0,0
3954,jellyfish,0,0
3955,cooperative_fellatio,0,0
3956,fur,0,0
3957,driving,0,0
3958,red_umbrella,0,0
3959,sideways,0,0
3960,omelet,0,0
3961,virgin_killer_sweater,0,0
3962,nipple_rings,0,0
3963,white_sandals,0,0
3964,string_of_flags,0,0
3965,cum_on_stomach,0,0
3966,two-tone_swimsuit,0,0
3967,suspender_shorts,0,0
3968,nijigasaki_school_uniform,0,0
3969,yellow_vest,0,0
3970,fewer_digits,0,0
3971,piano,0,0
3972,ceiling_light,0,0
3973,dusk,0,0
3974,ancient_egyptian_clothes,0,0
3975,hand_on_another's_neck,0,0
3976,strangling,0,0
3977,needle,0,0
3978,mage_staff,0,0
3979,mismatched_footwear,0,0
3980,kindergarten_uniform,0,0
3981,lineup,0,0
3982,shoulder_boards,0,0
3983,torn_cape,0,0
3984,red_fur,0,0
3985,strap_between_breasts,0,0
3986,official_alternate_hair_color,0,0
3987,blue_apron,0,0
3988,feather_earrings,0,0
3989,multicolored_fur,0,0
3990,squirrel_tail,0,0
3991,medal,0,0
3992,monkey_tail,0,0
3993,collage,0,0
3994,wide_spread_legs,0,0
3995,multicolored_clothes,0,0
3996,alternate_breast_size,0,0
3997,exercising,0,0
3998,behind_another,0,0
3999,kiseru,0,0
4000,pearl_earrings,0,0
4001,white_leg_warmers,0,0
4002,grey_border,0,0
4003,falling_feathers,0,0
4004,sparse_pubic_hair,0,0
4005,multiple_scars,0,0
4006,blue-framed_eyewear,0,0
4007,2021,0,0
4008,flower_ornament,0,0
4009,brown_cape,0,0
4010,energy_wings,0,0
4011,leg_lock,0,0
4012,flask,0,0
4013,blowing_bubble_gum,0,0
4014,game_console,0,0
4015,hill,0,0
4016,ok_sign,0,0
4017,teardrop_facial_mark,0,0
4018,chain_leash,0,0
4019,holding_gohei,0,0
4020,white_eyelashes,0,0
4021,screenshot_inset,0,0
4022,clothes_in_mouth,0,0
4023,:i,0,0
4024,character_print,0,0
4025,single_kneehigh,0,0
4026,see-through_skirt,0,0
4027,praying,0,0
4028,hickey,0,0
4029,red_tattoo,0,0
4030,flats,0,0
4031,basketball_(object),0,0
4032,mohawk,0,0
4033,arch,0,0
4034,frilled_wrist_cuffs,0,0
4035,ramen,0,0
4036,pink_belt,0,0
4037,horned_headwear,0,0
4038,plastic_bag,0,0
4039,striped_tail,0,0
4040,matching_outfits,0,0
4041,ejaculating_while_penetrated,0,0
4042,chest_strap,0,0
4043,shovel,0,0
4044,smell,0,0
4045,snot,0,0
4046,very_long_tail,0,0
4047,patterned_clothing,0,0
4048,path,0,0
4049,on_table,0,0
4050,kodomo_doushi,0,0
4051,hiding,0,0
4052,newspaper,0,0
4053,black_hakama,0,0
4054,blue_horns,0,0
4055,princess,0,0
4056,quill,0,0
4057,bandaid_hair_ornament,0,0
4058,hands_on_own_head,0,0
4059,bandaid_on_arm,0,0
4060,owl,0,0
4061,black_shrug,0,0
4062,torn_bodysuit,0,0
4063,lace_panties,0,0
4064,lace-trimmed_dress,0,0
4065,emoji,0,0
4066,plaid,0,0
4067,missing_legwear,0,0
4068,haneoka_school_uniform,0,0
4069,mp3_player,0,0
4070,bubble_tea,0,0
4071,defloration,0,0
4072,fake_phone_screenshot,0,0
4073,prone_bone,0,0
4074,official_alternate_hair_length,0,0
4075,blue_eyeshadow,0,0
4076,rudder_footwear,0,0
4077,worried,0,0
4078,candy_cane,0,0
4079,yellow_hoodie,0,0
4080,mechanical_horns,0,0
4081,smokestack,0,0
4082,confused,0,0
4083,cumulonimbus_cloud,0,0
4084,pudding,0,0
4085,daisy_(flower),0,0
4086,blue_armor,0,0
4087,back_tattoo,0,0
4088,grey_horns,0,0
4089,on_lap,0,0
4090,humiliation,0,0
4091,aran_sweater,0,0
4092,ryouou_school_uniform,0,0
4093,food_on_head,0,0
4094,paw_shoes,0,0
4095,grey_kimono,0,0
4096,four-leaf_clover,0,0
4097,snowflake_print,0,0
4098,tall_female,0,0
4099,speaker,0,0
4100,denim_skirt,0,0
4101,heart_facial_mark,0,0
4102,diamond_hairband,0,0
4103,profanity,0,0
4104,orange_neckerchief,0,0
4105,graffiti,0,0
4106,green_bra,0,0
4107,slime_(creature),0,0
4108,cigar,0,0
4109,chinese_knot,0,0
4110,reflection_focus,0,0
4111,dice,0,0
4112,blue_hakama,0,0
4113,shortstack,0,0
4114,unusually_open_eyes,0,0
4115,torn_shorts,0,0
4116,stray_pubic_hair,0,0
4117,uneven_gloves,0,0
4118,earbuds,0,0
4119,car_interior,0,0
4120,eyebrow_piercing,0,0
4121,chainsaw,0,0
4122,mascara,0,0
4123,bow_choker,0,0
4124,white_bird,0,0
4125,jealous,0,0
4126,body_freckles,0,0
4127,skirt_suit,0,0
4128,reverse_upright_straddle,0,0
4129,left-handed,0,0
4130,electric_fan,0,0
4131,green_neckerchief,0,0
4132,qingdai_guanmao,0,0
4133,open_dress,0,0
4134,purple_eyeshadow,0,0
4135,plaid_necktie,0,0
4136,twirling_hair,0,0
4137,drumsticks,0,0
4138,holding_swim_ring,0,0
4139,nightcap,0,0
4140,sode,0,0
4141,scratches,0,0
4142,nose_piercing,0,0
4143,dreadlocks,0,0
4144,mating_press,0,0
4145,uchiwa,0,0
4146,utaite,0,0
4147,spread_fingers,0,0
4148,fellatio_gesture,0,0
4149,flight_deck,0,0
4150,deer_antlers,0,0
4151,grey_sleeves,0,0
4152,hugging_doll,0,0
4153,tulip,0,0
4154,tally,0,0
4155,squirrel_girl,0,0
4156,ice_cube,0,0
4157,segmented_comic,0,0
4158,corpse,0,0
4159,adjusting_swimsuit,0,0
4160,bat_hair_ornament,0,0
4161,shark_hair_ornament,0,0
4162,stitched_face,0,0
4163,gas_mask,0,0
4164,print_bow,0,0
4165,arched_bangs,0,0
4166,aqua_jacket,0,0
4167,crazy_smile,0,0
4168,object_namesake,0,0
4169,holding_condom,0,0
4170,instrument_case,0,0
4171,running_bond,0,0
4172,grenade,0,0
4173,heart_hands_duo,0,0
4174,character_hair_ornament,0,0
4175,orange_kimono,0,0
4176,veiny_arms,0,0
4177,brown_socks,0,0
4178,horseback_riding,0,0
4179,cuddling,0,0
4180,lifebuoy,0,0
4181,pinching,0,0
4182,slave,0,0
4183,rabbit_boy,0,0
4184,goldfish,0,0
4185,sake_bottle,0,0
4186,attack,0,0
4187,uranohoshi_school_uniform,0,0
4188,bloom,0,0
4189,presenting_foot,0,0
4190,alternate_skin_color,0,0
4191,blue_tail,0,0
4192,hand_on_another's_ass,0,0
4193,bread_slice,0,0
4194,perky_breasts,0,0
4195,computer_mouse,0,0
4196,moss,0,0
4197,bound_ankles,0,0
4198,multicolored_shoes,0,0
4199,seashell,0,0
4200,incoming_attack,0,0
4201,yellow_coat,0,0
4202,bullpup,0,0
4203,riding_crop,0,0
4204,side_cape,0,0
4205,screentones,0,0
4206,fishnet_top,0,0
4207,rubbing_eyes,0,0
4208,subtitled,0,0
4209,white_armor,0,0
4210,pink_coat,0,0
4211,clitoral_stimulation,0,0
4212,rabbit_hood,0,0
4213,spill,0,0
4214,purple_streaks,0,0
4215,dove,0,0
4216,holding_pencil,0,0
4217,cat_print,0,0
4218,slime_girl,0,0
4219,furry_with_furry,0,0
4220,neck_ruff,0,0
4221,cheating_(relationship),0,0
4222,public_nudity,0,0
4223,grey-framed_eyewear,0,0
4224,undersized_clothes,0,0
4225,partially_shaded_face,0,0
4226,o-ring_bottom,0,0
4227,lifting_another's_clothes,0,0
4228,hooves,0,0
4229,rug,0,0
4230,orange_theme,0,0
4231,heart-shaped_pillow,0,0
4232,heart_in_mouth,0,0
4233,yellow_scrunchie,0,0
4234,title,0,0
4235,pantylines,0,0
4236,;3,0,0
4237,grey_neckerchief,0,0
4238,gold_armor,0,0
4239,paint,0,0
4240,sink,0,0
4241,capri_pants,0,0
4242,long_shirt,0,0
4243,adam's_apple,0,0
4244,loose_belt,0,0
4245,sunburst,0,0
4246,diamond_cutout,0,0
4247,desert,0,0
4248,fur_scarf,0,0
4249,diagonal-striped_bowtie,0,0
4250,goat_ears,0,0
4251,you_gonna_get_raped,0,0
4252,stethoscope,0,0
4253,wedding,0,0
4254,cum_on_penis,0,0
4255,purple_belt,0,0
4256,pink_tail,0,0
4257,ladder,0,0
4258,come_hither,0,0
4259,yellow_thighhighs,0,0
4260,holding_ice_cream,0,0
4261,suspension,0,0
4262,restaurant,0,0
4263,black_pubic_hair,0,0
4264,platform_boots,0,0
4265,wife_and_wife,0,0
4266,neckwear_grab,0,0
4267,twitching_penis,0,0
4268,in_tree,0,0
4269,yellow_trim,0,0
4270,cellphone_photo,0,0
4271,untucked_shirt,0,0
4272,belly_chain,0,0
4273,orange_pants,0,0
4274,multicolored_swimsuit,0,0
4275,clothes_hanger,0,0
4276,shark,0,0
4277,crossed_bandaids,0,0
4278,fanny_pack,0,0
4279,impregnation,0,0
4280,club_(weapon),0,0
4281,nipple_bar,0,0
4282,toothbrush,0,0
4283,dessert,0,0
4284,pink-tinted_eyewear,0,0
4285,party_hat,0,0
4286,wet_swimsuit,0,0
4287,holding_cane,0,0
4288,scar_on_neck,0,0
4289,looking_at_mirror,0,0
4290,request_inset,0,0
4291,wide_ponytail,0,0
4292,covering_own_eyes,0,0
4293,screaming,0,0
4294,rubber_boots,0,0
4295,brown_hairband,0,0
4296,multicolored_hairband,0,0
4297,patterned_background,0,0
4298,censored_nipples,0,0
4299,grey_necktie,0,0
4300,legwear_garter,0,0
4301,peeing_self,0,0
4302,user_interface,0,0
4303,striped_horns,0,0
4304,orc,0,0
4305,crotch_rope,0,0
4306,orange_shoes,0,0
4307,feather_trim,0,0
4308,plantar_flexion,0,0
4309,cropped_vest,0,0
4310,head_on_another's_shoulder,0,0
4311,condom_on_penis,0,0
4312,ribbon-trimmed_skirt,0,0
4313,watson_cross,0,0
4314,binoculars,0,0
4315,arabian_clothes,0,0
4316,frilled_ribbon,0,0
4317,green_choker,0,0
4318,frogtie,0,0
4319,cold,0,0
4320,eyebrow_cut,0,0
4321,halo_behind_head,0,0
4322,church,0,0
4323,dirty_clothes,0,0
4324,carpet,0,0
4325,burning,0,0
4326,greatsword,0,0
4327,group_picture,0,0
4328,different_reflection,0,0
4329,musical_staff,0,0
4330,yellow_bag,0,0
4331,ruffle_bikini,0,0
4332,full_beard,0,0
4333,mouth_veil,0,0
4334,faux_traditional_media,0,0
4335,bento,0,0
4336,brown_necktie,0,0
4337,sunrise,0,0
4338,purple_umbrella,0,0
4339,kabedon,0,0
4340,fanbox_username,0,0
4341,mechabare,0,0
4342,space_helmet,0,0
4343,fur_coat,0,0
4344,black_rose,0,0
4345,open_shorts,0,0
4346,fish_hair_ornament,0,0
4347,arm_held_back,0,0
4348,asticassia_school_uniform,0,0
4349,bow_bikini,0,0
4350,toon_(style),0,0
4351,shiny,0,0
4352,see-through_veil,0,0
4353,pink-framed_eyewear,0,0
4354,blowing_kiss,0,0
4355,shirt_tug,0,0
4356,green_lips,0,0
4357,baseball_uniform,0,0
4358,sticker_on_face,0,0
4359,duel,0,0
4360,tombstone,0,0
4361,hands_on_another's_head,0,0
4362,lotion,0,0
4363,bandage_on_face,0,0
4364,stiletto_heels,0,0
4365,bare_hips,0,0
4366,cliff,0,0
4367,pirate_costume,0,0
4368,pussyjob,0,0
4369,snowflake_hair_ornament,0,0
4370,chained,0,0
4371,sitting_on_face,0,0
4372,grimace,0,0
4373,licking_finger,0,0
4374,patch,0,0
4375,pink_pajamas,0,0
4376,skull_and_crossbones,0,0
4377,hip_bones,0,0
4378,holding_stick,0,0
4379,lip_piercing,0,0
4380,no_lineart,0,0
4381,mismatched_bikini,0,0
4382,rabbit_print,0,0
4383,multicolored_shirt,0,0
4384,green_socks,0,0
4385,impending_doom,0,0
4386,neon_trim,0,0
4387,flexing,0,0
4388,fake_wings,0,0
4389,red_hands,0,0
4390,laevatein_(touhou),0,0
4391,grey_belt,0,0
4392,fetal_position,0,0
4393,single_gauntlet,0,0
4394,quarter_note,0,0
4395,sleep_mask,0,0
4396,fivesome,0,0
4397,submerged,0,0
4398,locker_room,0,0
4399,blank_censor,0,0
4400,curled_fingers,0,0
4401,grey_scarf,0,0
4402,monsterification,0,0
4403,gold_ring,0,0
4404,finger_to_own_chin,0,0
4405,figure,0,0
4406,goatee_stubble,0,0
4407,over-rim_eyewear,0,0
4408,light_bulb,0,0
4409,beach_towel,0,0
4410,lemon_slice,0,0
4411,school_emblem,0,0
4412,false_smile,0,0
4413,reflective_floor,0,0
4414,thrusters,0,0
4415,blood_from_eyes,0,0
4416,nanamori_school_uniform,0,0
4417,caught,0,0
4418,photo_inset,0,0
4419,backless_leotard,0,0
4420,blur_censor,0,0
4421,shell_casing,0,0
4422,purple_horns,0,0
4423,purple-tinted_eyewear,0,0
4424,inset_border,0,0
4425,striped_shorts,0,0
4426,brown_theme,0,0
4427,strawberry_shortcake,0,0
4428,broken_horn,0,0
4429,skewer,0,0
4430,naked_jacket,0,0
4431,deviantart_username,0,0
4432,multicolored_leotard,0,0
4433,aqua_bikini,0,0
4434,studded_belt,0,0
4435,shrimp,0,0
4436,panda,0,0
4437,cross-laced_dress,0,0
4438,shower_head,0,0
4439,ribbed_dress,0,0
4440,spatula,0,0
4441,korean_clothes,0,0
4442,moonlight,0,0
4443,champagne_flute,0,0
4444,pink_bodysuit,0,0
4445,skull_print,0,0
4446,after_ejaculation,0,0
4447,holding_another's_leg,0,0
4448,jackal_ears,0,0
4449,roman_numeral,0,0
4450,swirl_lollipop,0,0
4451,milk_bottle,0,0
4452,holding_scissors,0,0
4453,cropped_hoodie,0,0
4454,straddling_paizuri,0,0
4455,fish_girl,0,0
4456,yellow_sweater_vest,0,0
4457,american_flag_bikini,0,0
4458,high_contrast,0,0
4459,pink_pantyhose,0,0
4460,bamboo_forest,0,0
4461,breastless_clothes,0,0
4462,side_up_bun,0,0
4463,hair_ears,0,0
4464,shako_cap,0,0
4465,yunomi,0,0
4466,blue_armband,0,0
4467,starry_sky_print,0,0
4468,drawing_(action),0,0
4469,vertical-striped_skirt,0,0
4470,bat_ears,0,0
4471,no_jacket,0,0
4472,ghost_tail,0,0
4473,hands_on_own_thighs,0,0
4474,giving,0,0
4475,helm,0,0
4476,shaved_ice,0,0
4477,textless_cover_page,0,0
4478,turnaround,0,0
4479,steering_wheel,0,0
4480,corded_phone,0,0
4481,ammunition,0,0
4482,onee-loli,0,0
4483,5koma,0,0
4484,orange_bodysuit,0,0
4485,pyrokinesis,0,0
4486,see-through_leotard,0,0
4487,paddle,0,0
4488,uneven_sleeves,0,0
4489,transparent_umbrella,0,0
4490,red_sky,0,0
4491,open-toe_boots,0,0
4492,clothed_female_nude_female,0,0
4493,horn_bow,0,0
4494,town,0,0
4495,japari_symbol,0,0
4496,american_flag_legwear,0,0
4497,whipped_cream,0,0
4498,shared_clothes,0,0
4499,thigh_sex,0,0
4500,talisman,0,0
4501,butterfly_print,0,0
4502,balcony,0,0
4503,cocktail_glass,0,0
4504,pink_border,0,0
4505,holding_weapon_behind_back,0,0
4506,striped_sweater,0,0
4507,ankle_ribbon,0,0
4508,yume_kawaii,0,0
4509,pink_vest,0,0
4510,oni_horns,0,0
4511,bird_on_hand,0,0
4512,safety_pin,0,0
4513,cousins,0,0
4514,multiple_bracelets,0,0
4515,abstract,0,0
4516,buzz_cut,0,0
4517,plum_blossoms,0,0
4518,playing_with_own_hair,0,0
4519,winged_helmet,0,0
4520,white_shrug,0,0
4521,multicolored_thighhighs,0,0
4522,excalibur_(fate/stay_night),0,0
4523,brown_kimono,0,0
4524,purple_capelet,0,0
4525,playing_sports,0,0
4526,pearl_(gemstone),0,0
4527,wrinkled_skin,0,0
4528,wooden_table,0,0
4529,blue_collar,0,0
4530,barcode_tattoo,0,0
4531,vibrator_under_clothes,0,0
4532,deer_girl,0,0
4533,sleeve_garter,0,0
4534,holding_panties,0,0
4535,orange_scarf,0,0
4536,pig,0,0
4537,tied_up_(nonsexual),0,0
4538,eyewear_strap,0,0
4539,yellow_pants,0,0
4540,mole_under_each_eye,0,0
4541,adjusting_gloves,0,0
4542,oversized_animal,0,0
4543,o3o,0,0
4544,star_choker,0,0
4545,combat_helmet,0,0
4546,holding_unworn_helmet,0,0
4547,soccer_ball,0,0
4548,bowl_cut,0,0
4549,enpera,0,0
4550,instant_noodles,0,0
4551,hand_on_another's_stomach,0,0
4552,mole_on_cheek,0,0
4553,sleeping_on_person,0,0
4554,holding_whip,0,0
4555,open_robe,0,0
4556,lace_bra,0,0
4557,heart_button,0,0
4558,thick_lips,0,0
4559,pastel_colors,0,0
4560,cooking_pot,0,0
4561,striped_bra,0,0
4562,2020,0,0
4563,american_flag_dress,0,0
4564,afro,0,0
4565,pillbox_hat,0,0
4566,skirt_tug,0,0
4567,hands_in_opposite_sleeves,0,0
4568,shoe_dangle,0,0
4569,3others,0,0
4570,sweets,0,0
4571,mechanical_hands,0,0
4572,sigh,0,0
4573,fiery_hair,0,0
4574,cloth_gag,0,0
4575,bow_legwear,0,0
4576,glowing_sword,0,0
4577,ovum,0,0
4578,turtleneck_leotard,0,0
4579,collared_cape,0,0
4580,milk_carton,0,0
4581,pulling_another's_clothes,0,0
4582,peeking,0,0
4583,tiger_stripes,0,0
4584,white_theme,0,0
4585,melting,0,0
4586,mustache_stubble,0,0
4587,shoulder_carry,0,0
4588,red_one-piece_swimsuit,0,0
4589,birdcage,0,0
4590,gorget,0,0
4591,two-sided_coat,0,0
4592,sailor_bikini,0,0
4593,white_romper,0,0
4594,lace-trimmed_sleeves,0,0
4595,ouji_fashion,0,0
4596,heart_maebari,0,0
4597,buck_teeth,0,0
4598,swing,0,0
4599,headlamp,0,0
4600,teardrop_earrings,0,0
4601,footprints,0,0
4602,panther_ears,0,0
4603,tarot,0,0
4604,darkness,0,0
4605,too_many_watermarks,0,0
4606,tribadism,0,0
4607,puffy_shorts,0,0
4608,carrying_over_shoulder,0,0
4609,object_head,0,0
4610,purple_fur,0,0
4611,fur-trimmed_skirt,0,0
4612,turtle_shell,0,0
4613,multiple_braids,0,0
4614,grey_tail,0,0
4615,nape,0,0
4616,turban,0,0
4617,vending_machine,0,0
4618,fried_egg,0,0
4619,blue_border,0,0
4620,gold_crown,0,0
4621,calendar_(object),0,0
4622,flaming_eye,0,0
4623,blue_headband,0,0
4624,very_long_fingernails,0,0
4625,hatsuboshi_gakuen_school_uniform,0,0
4626,mop,0,0
4627,star_facial_mark,0,0
4628,stripper_pole,0,0
4629,forked_tongue,0,0
4630,square_4koma,0,0
4631,holding_balloon,0,0
4632,hitachi_magic_wand,0,0
4633,disembodied_head,0,0
4634,red_hood,0,0
4635,hands_on_lap,0,0
4636,holding_pillow,0,0
4637,green_apron,0,0
4638,thumb_ring,0,0
4639,sweatpants,0,0
4640,single_hair_tube,0,0
4641,duffel_bag,0,0
4642,butler,0,0
4643,fake_antlers,0,0
4644,futa_with_male,0,0
4645,gold_hairband,0,0
4646,cat_ear_hairband,0,0
4647,world_war_ii,0,0
4648,paradis_military_uniform,0,0
4649,blue_robe,0,0
4650,obliques,0,0
4651,roller_skates,0,0
4652,breast_bondage,0,0
4653,ofuda_on_clothes,0,0
4654,star_necklace,0,0
4655,clothes_down,0,0
4656,drinking_straw_in_mouth,0,0
4657,pillow_grab,0,0
4658,nose_bubble,0,0
4659,padlock,0,0
4660,counter,0,0
4661,negligee,0,0
4662,drone,0,0
4663,what,0,0
4664,loose_bowtie,0,0
4665,multicolored_coat,0,0
4666,blue-tinted_eyewear,0,0
4667,plaid_pants,0,0
4668,no_feet,0,0
4669,pointing_at_another,0,0
4670,shading_eyes,0,0
4671,tuxedo,0,0
4672,poke_ball_print,0,0
4673,sweaty_armpits,0,0
4674,magatama_necklace,0,0
4675,pant_suit,0,0
4676,veiny_breasts,0,0
4677,ornate_border,0,0
4678,gauze,0,0
4679,flower_tattoo,0,0
4680,fertilization,0,0
4681,hand_on_hilt,0,0
4682,against_railing,0,0
4683,purple_hoodie,0,0
4684,hadanugi_dousa,0,0
4685,typo,0,0
4686,spreading_another's_pussy,0,0
4687,reach-around,0,0
4688,holding_sex_toy,0,0
4689,tsukinomori_school_uniform,0,0
4690,porkpie_hat,0,0
4691,holding_shoes,0,0
4692,keyhole,0,0
4693,cafe,0,0
4694,possessed,0,0
4695,harem,0,0
4696,hooded_robe,0,0
4697,surfboard,0,0
4698,no_eyewear,0,0
4699,boxing_gloves,0,0
4700,sleeping_upright,0,0
4701,in-universe_location,0,0
4702,tape_gag,0,0
4703,whisk,0,0
4704,crossdressing_(ftm),0,0
4705,beam_rifle,0,0
4706,white_garter_straps,0,0
4707,girthy_penis,0,0
4708,ace_(playing_card),0,0
4709,brown_corset,0,0
4710,yellow_choker,0,0
4711,linear_hatching,0,0
4712,bit_gag,0,0
4713,multiple_piercings,0,0
4714,hand_tattoo,0,0
4715,fluffy_hair,0,0
4716,print_bowtie,0,0
4717,santa_bikini,0,0
4718,bomber_jacket,0,0
4719,mirror_selfie,0,0
4720,shimakaze_(kancolle)_(cosplay),0,0
4721,toast,0,0
4722,blueberry,0,0
4723,cervix,0,0
4724,bear_girl,0,0
4725,zombie_pose,0,0
4726,trefoil,0,0
4727,wrestling_outfit,0,0
4728,rice_bowl,0,0
4729,walk-in,0,0
4730,spilling,0,0
4731,potato_chips,0,0
4732,head_only,0,0
4733,creature_and_personification,0,0
4734,scar_on_stomach,0,0
4735,coral,0,0
4736,selfcest,0,0
4737,chandelier,0,0
4738,lipstick_tube,0,0
4739,mallet,0,0
4740,teasing,0,0
4741,alley,0,0
4742,creator_connection,0,0
4743,overcast,0,0
4744,blue_cloak,0,0
4745,shuriken,0,0
4746,blue_helmet,0,0
4747,morning,0,0
4748,spiked_choker,0,0
4749,happy_tears,0,0
4750,stuck,0,0
4751,bird_legs,0,0
4752,real_world_location,0,0
4753,curly_eyebrows,0,0
4754,bow_(music),0,0
4755,hawaiian_shirt,0,0
4756,age_progression,0,0
4757,inverted_cross,0,0
4758,baguette,0,0
4759,handsfree_ejaculation,0,0
4760,talking_on_phone,0,0
4761,ammunition_pouch,0,0
4762,black_male_underwear,0,0
4763,blue_trim,0,0
4764,halloween_bucket,0,0
4765,anal_fingering,0,0
4766,cube,0,0
4767,egg_(food),0,0
4768,blue_tongue,0,0
4769,halter_shirt,0,0
4770,licking_nipple,0,0
4771,kitauji_high_school_uniform,0,0
4772,pink_collar,0,0
4773,asphyxiation,0,0
4774,grey_bodysuit,0,0
4775,arm_armor,0,0
4776,insignia,0,0
4777,chainmail,0,0
4778,flame_print,0,0
4779,hamster,0,0
4780,utility_belt,0,0
4781,head_between_breasts,0,0
4782,plaid_jacket,0,0
4783,claw_(weapon),0,0
4784,hexagram,0,0
4785,fleeing,0,0
4786,neck_fur,0,0
4787,tangzhuang,0,0
4788,6+others,0,0
4789,constellation_print,0,0
4790,bear_hair_ornament,0,0
4791,plaid_background,0,0
4792,magazine_(object),0,0
4793,white_snake,0,0
4794,footjob_with_legwear,0,0
4795,no_dickey,0,0
4796,omurice,0,0
4797,video_game_dialogue_box,0,0
4798,under_table,0,0
4799,mars_symbol,0,0
4800,holding_water_gun,0,0
4801,arm_wrap,0,0
4802,holding_brush,0,0
4803,boxers,0,0
4804,fur-trimmed_cloak,0,0
4805,phimosis,0,0
4806,crepe,0,0
4807,gem_uniform_(houseki_no_kuni),0,0
4808,kuromorimine_military_uniform,0,0
4809,panther_girl,0,0
4810,naked_sweater,0,0
4811,russian_text,0,0
4812,eastern_dragon_horns,0,0
4813,cheek_pinching,0,0
4814,cyberpunk,0,0
4815,orange_thighhighs,0,0
4816,juice_box,0,0
4817,eraser,0,0
4818,cross_print,0,0
4819,round_border,0,0
4820,bandaid_on_pussy,0,0
4821,horn_hairband,0,0
4822,breasts_on_glass,0,0
4823,inflatable_toy,0,0
4824,hand_on_eyewear,0,0
4825,cheek_poking,0,0
4826,black_hood,0,0
4827,shoulder_strap,0,0
4828,tactical_clothes,0,0
4829,tail_wrap,0,0
4830,gradient_dress,0,0
4831,gae_bolg_(fate),0,0
4832,pink_blood,0,0
4833,goblin,0,0
4834,sketchbook,0,0
4835,smiley_face,0,0
4836,mummy_costume,0,0
4837,vial,0,0
4838,white_hood,0,0
4839,hakama_pants,0,0
4840,industrial_pipe,0,0
4841,wire,0,0
4842,full_nelson,0,0
4843,sideburns_stubble,0,0
4844,bruise_on_face,0,0
4845,steam_censor,0,0
4846,ribbed_socks,0,0
4847,guitar_case,0,0
4848,dust,0,0
4849,squirrel,0,0
4850,rocket_launcher,0,0
4851,walkie-talkie,0,0
4852,bandaid_on_hand,0,0
4853,holstered,0,0
4854,bisexual_female,0,0
4855,bow_earrings,0,0
4856,surrounded_by_hands,0,0
4857,argyle_pantyhose,0,0
4858,tokkuri,0,0
4859,white_male_underwear,0,0
4860,wreath,0,0
4861,colored_shoe_soles,0,0
4862,sleep_molestation,0,0
4863,bad_feet,0,0
4864,blood_in_hair,0,0
4865,nail_(hardware),0,0
4866,window_shadow,0,0
4867,rough_sex,0,0
4868,nape_braid,0,0
4869,knees_apart_feet_together,0,0
4870,no_sclera,0,0
4871,cherry_blossom_print,0,0
4872,leaning_on_object,0,0
4873,incoming_gift,0,0
4874,keyboard_(instrument),0,0
4875,tree_shade,0,0
4876,missing_halo,0,0
4877,ankle_cuffs,0,0
4878,thigh_cutout,0,0
4879,curry,0,0
4880,thigh_ribbon,0,0
4881,drawer,0,0
4882,palms_together,0,0
4883,yellow_sleeves,0,0
4884,fur-trimmed_kimono,0,0
4885,scepter,0,0
4886,school_hat,0,0
4887,rubble,0,0
4888,pink_wings,0,0
4889,sparks,0,0
4890,turtle,0,0
4891,office,0,0
4892,multiple_drawing_challenge,0,0
4893,blue_sclera,0,0
4894,fine_art_parody,0,0
4895,rod_of_remorse,0,0
4896,slap_mark,0,0
4897,shoelaces,0,0
4898,tricorne,0,0
4899,censored_identity,0,0
4900,tickling,0,0
4901,platform_heels,0,0
4902,butterfly_on_hand,0,0
4903,stole,0,0
4904,hanasakigawa_school_uniform,0,0
4905,cameo,0,0
4906,xiao_guan_(headdress),0,0
4907,winding_key,0,0
4908,naoetsu_high_school_uniform,0,0
4909,g-string,0,0
4910,spring_(season),0,0
4911,short_sword,0,0
4912,animal_bag,0,0
4913,yellow_wings,0,0
4914,impossible_dress,0,0
4915,low_neckline,0,0
4916,side_part,0,0
4917,vertical-striped_pantyhose,0,0
4918,patchwork_skin,0,0
4919,layered_kimono,0,0
4920,palm_leaf,0,0
4921,breast_slip,0,0
4922,melting_popsicle,0,0
4923,cat_ear_panties,0,0
4924,index_fingers_together,0,0
4925,cave,0,0
4926,naked_bandage,0,0
4927,crotchless_panties,0,0
4928,winged_hat,0,0
4929,eye_trail,0,0
4930,refrigerator,0,0
4931,jersey,0,0
4932,purple_serafuku,0,0
4933,cabinet,0,0
4934,drop-shaped_pupils,0,0
4935,plaid_hat,0,0
4936,zero_suit,0,0
4937,tight_shirt,0,0
4938,look-alike,0,0
4939,stationary_restraints,0,0
4940,puffy_pants,0,0
4941,taut_dress,0,0
4942,industrial_piercing,0,0
4943,team_rocket,0,0
4944,canon_event,0,0
4945,fur-trimmed_collar,0,0
4946,tooth_necklace,0,0
4947,muscular_arms,0,0
4948,hands_on_another's_cheeks,0,0
4949,grabbing,0,0
4950,pastry,0,0
4951,redesign,0,0
4952,looking_at_food,0,0
4953,alternate_headwear,0,0
4954,samurai,0,0
4955,pond,0,0
4956,rei_no_himo,0,0
4957,untied,0,0
4958,pink_sailor_collar,0,0
4959,instagram_logo,0,0
4960,blue_tunic,0,0
4961,brushing_hair,0,0
4962,blood_stain,0,0
4963,starter_pokemon_trio,0,0
4964,meiji_schoolgirl_uniform,0,0
4965,sparkler,0,0
4966,liquid,0,0
4967,cum_on_male,0,0
4968,colored_shadow,0,0
4969,ankle_lace-up,0,0
4970,goat_girl,0,0
4971,frilled_cuffs,0,0
4972,breast_focus,0,0
4973,dalachi_(headdress),0,0
4974,comb,0,0
4975,oni_mask,0,0
4976,banknote,0,0
4977,frilled_shorts,0,0
4978,purple_rope,0,0
4979,magnifying_glass,0,0
4980,gold_armlet,0,0
4981,brown_cloak,0,0
4982,holding_ladle,0,0
4983,leotard_pull,0,0
4984,pencil_dress,0,0
4985,yellow_cape,0,0
4986,energy_ball,0,0
4987,year_of_the_rabbit,0,0
4988,red_helmet,0,0
4989,cutout_above_navel,0,0
4990,sweater_around_waist,0,0
4991,baseball,0,0
4992,x_(symbol),0,0
4993,barrel,0,0
4994,side-tie_leotard,0,0
4995,seamed_legwear,0,0
4996,star_brooch,0,0
4997,fangs_out,0,0
4998,white_serafuku,0,0
4999,torch,0,0
5000,impossible_leotard,0,0
5001,pale_color,0,0
5002,dreaming,0,0
5003,fold-over_boots,0,0
5004,eyewear_on_headwear,0,0
5005,holding_leaf,0,0
5006,lapel_pin,0,0
5007,volleyball,0,0
5008,polka_dot_dress,0,0
5009,on_swing,0,0
5010,battery_indicator,0,0
5011,alternate_legwear,0,0
5012,mismatched_pubic_hair,0,0
5013,chemise,0,0
5014,finger_in_own_mouth,0,0
5015,fourth_wall,0,0
5016,covering_nipples,0,0
5017,traditional_nun,0,0
5018,skyline,0,0
5019,loose_clothes,0,0
5020,polo_shirt,0,0
5021,armored_gloves,0,0
5022,black_armband,0,0
5023,floating_cape,0,0
5024,if_they_mated,0,0
5025,scar_on_leg,0,0
5026,horse_penis,0,0
5027,yellow_feathers,0,0
5028,disgust,0,0
5029,satchel,0,0
5030,carrot_necklace,0,0
5031,shoulder_belt,0,0
5032,real_life_insert,0,0
5033,green_flower,0,0
5034,spoken_sweatdrop,0,0
5035,hikimayu,0,0
5036,chicken_(food),0,0
5037,hyur,0,0
5038,red_mask,0,0
5039,biker_clothes,0,0
5040,middle_ring,0,0
5041,ufo,0,0
5042,sanshoku_dango,0,0
5043,ring_light_reflection,0,0
5044,lion_boy,0,0
5045,caterpillar_tracks,0,0
5046,shower_(place),0,0
5047,arm_blade,0,0
5048,lycoris_uniform,0,0
5049,whale,0,0
5050,starry_sky_background,0,0
5051,purple_socks,0,0
5052,brown_apron,0,0
5053,orange_slice,0,0
5054,electrokinesis,0,0
5055,watering_can,0,0
5056,trick_or_treat,0,0
5057,leg_belt,0,0
5058,fish_(food),0,0
5059,drawing_bow,0,0
5060,brown-framed_eyewear,0,0
5061,racket,0,0
5062,caustics,0,0
5063,black_tiara,0,0
5064,braided_twintails,0,0
5065,black_buruma,0,0
5066,buttoned_cuffs,0,0
5067,traffic_light,0,0
5068,wooden_fence,0,0
5069,flat_ass,0,0
5070,sitting_on_stairs,0,0
5071,eye_focus,0,0
5072,neck_flower,0,0
5073,battle_axe,0,0
5074,countdown,0,0
5075,strapless_bra,0,0
5076,white_corset,0,0
5077,spider,0,0
5078,window_blinds,0,0
5079,rectangular_halo,0,0
5080,pot,0,0
5081,2019,0,0
5082,yellow_socks,0,0
5083,drawing_tablet,0,0
5084,multicolored_bow,0,0
5085,beamed_sixteenth_notes,0,0
5086,black_helmet,0,0
5087,male_playboy_bunny,0,0
5088,grey_sports_bra,0,0
5089,red_tank_top,0,0
5090,incoming_food,0,0
5091,wrist_guards,0,0
5092,respirator,0,0
5093,brown_bowtie,0,0
5094,side_ahoge,0,0
5095,mesugaki,0,0
5096,colored_speech_bubble,0,0
5097,large_testicles,0,0
5098,trumpet,0,0
5099,sports_car,0,0
5100,striped_headwear,0,0
5101,orange_hoodie,0,0
5102,cloud_print,0,0
5103,power_symbol,0,0
5104,orange_scrunchie,0,0
5105,menu,0,0
5106,cyclops,0,0
5107,torn_jeans,0,0
5108,holly,0,0
5109,manga_(object),0,0
5110,kalashnikov_rifle,0,0
5111,art_tools_in_frame,0,0
5112,alarm_clock,0,0
5113,millennium_cheerleader_outfit_(blue_archive),0,0
5114,holding_fireworks,0,0
5115,colored_bangs,0,0
5116,hiphighs,0,0
5117,orange_choker,0,0
5118,ushanka,0,0
5119,ribbon-trimmed_collar,0,0
5120,faucet,0,0
5121,fighter_jet,0,0
5122,striped_kimono,0,0
5123,chaps,0,0
5124,seigaiha,0,0
5125,head_down,0,0
5126,color_connection,0,0
5127,poker_chip,0,0
5128,single_pantsleg,0,0
5129,black_tube_top,0,0
5130,green_capelet,0,0
5131,dinosaur,0,0
5132,red_petals,0,0
5133,ainu_clothes,0,0
5134,multiple_weapons,0,0
5135,triforce,0,0
5136,overall_shorts,0,0
5137,purple_fire,0,0
5138,marker,0,0
5139,orange_skin,0,0
5140,pool_ladder,0,0
5141,board_game,0,0
5142,wooden_bucket,0,0
5143,nengajou,0,0
5144,cropped_sweater,0,0
5145,bird_on_shoulder,0,0
5146,fur-trimmed_shorts,0,0
5147,leg_armor,0,0
5148,park_bench,0,0
5149,prostitution,0,0
5150,green_bodysuit,0,0
5151,asymmetrical_sidelocks,0,0
5152,pixiv_username,0,0
5153,fishnet_gloves,0,0
5154,standing_on_liquid,0,0
5155,hair_brush,0,0
5156,have_to_pee,0,0
5157,pinstripe_jacket,0,0
5158,pixiv_id,0,0
5159,faux_retro_artstyle,0,0
5160,suppressor,0,0
5161,desk_lamp,0,0
5162,finger_heart,0,0
5163,taiyaki,0,0
5164,champion's_tunic_(zelda),0,0
5165,claw_ring,0,0
5166,beckoning,0,0
5167,pocky_day,0,0
5168,shared_scarf,0,0
5169,bodice,0,0
5170,hair_lift,0,0
5171,frilled_headwear,0,0
5172,mob_x_character,0,0
5173,wooden_wall,0,0
5174,leather_belt,0,0
5175,bomb,0,0
5176,groin_tendon,0,0
5177,plate_armor,0,0
5178,tanuki,0,0
5179,prayer_beads,0,0
5180,two-tone_ribbon,0,0
5181,bondage_outfit,0,0
5182,festival,0,0
5183,lizard_tail,0,0
5184,yugake,0,0
5185,commissioner_name,0,0
5186,d-pad,0,0
5187,see-through_legwear,0,0
5188,old_woman,0,0
5189,poncho,0,0
5190,key_necklace,0,0
5191,solid_eyes,0,0
5192,plaid_bikini,0,0
5193,multiple_hairpins,0,0
5194,fake_facial_hair,0,0
5195,health_bar,0,0
5196,spiked_armlet,0,0
5197,penis_out,0,0
5198,white_lily,0,0
5199,checkered_kimono,0,0
5200,mechanical_ears,0,0
5201,blank_speech_bubble,0,0
5202,face_to_breasts,0,0
5203,pulling,0,0
5204,furrification,0,0
5205,strap-on,0,0
5206,pet_play,0,0
5207,year_of_the_tiger,0,0
5208,naked_coat,0,0
5209,green_fur,0,0
5210,digitigrade,0,0
5211,latex_gloves,0,0
5212,linked_piercing,0,0
5213,chocolate_on_body,0,0
5214,tam_o'_shanter,0,0
5215,basketball_(sport),0,0
5216,sweet_potato,0,0
5217,purple_ascot,0,0
5218,spread_wings,0,0
5219,v-shaped_eyes,0,0
5220,dynamax_band,0,0
5221,green_tunic,0,0
5222,fine_fabric_emphasis,0,0
5223,overgrown,0,0
5224,timestamp,0,0
5225,watermark_grid,0,0
5226,wind_chime,0,0
5227,green_bag,0,0
5228,streamers,0,0
5229,clawed_gauntlets,0,0
5230,implied_yuri,0,0
5231,red_tail,0,0
5232,k-pop,0,0
5233,column,0,0
5234,camellia,0,0
5235,video_camera,0,0
5236,holding_tablet_pc,0,0
5237,dark_anus,0,0
5238,wing_ornament,0,0
5239,strawberry_print,0,0
5240,white_tube_top,0,0
5241,wisteria,0,0
5242,arm_cutout,0,0
5243,tripping,0,0
5244,railroad_tracks,0,0
5245,projected_inset,0,0
5246,smoke_trail,0,0
5247,neck,0,0
5248,choko_(cup),0,0
5249,ink,0,0
5250,warship,0,0
5251,volleyball_uniform,0,0
5252,variations,0,0
5253,red_apron,0,0
5254,digging_your_own_grave,0,0
5255,drying,0,0
5256,armpit_focus,0,0
5257,pain,0,0
5258,wheelchair,0,0
5259,ankle_strap,0,0
5260,purple_neckerchief,0,0
5261,multicolored_halo,0,0
5262,two-tone_leotard,0,0
5263,open_pants,0,0
5264,artificial_vagina,0,0
5265,coif,0,0
5266,excited,0,0
5267,through_clothes,0,0
5268,hand_puppet,0,0
5269,crosswalk,0,0
5270,ass_ripple,0,0
5271,donut_hair_bun,0,0
5272,pinstripe_shirt,0,0
5273,impaled,0,0
5274,breath_weapon,0,0
5275,excessive_cum,0,0
5276,product_placement,0,0
5277,yellow_bra,0,0
5278,briefs,0,0
5279,heel_up,0,0
5280,undone_necktie,0,0
5281,tail_bell,0,0
5282,molestation,0,0
5283,lettuce,0,0
5284,feather-trimmed_sleeves,0,0
5285,pokemon_on_head,0,0
5286,implied_yaoi,0,0
5287,blue_feathers,0,0
5288,blunt_tresses,0,0
5289,opening_door,0,0
5290,skull_earrings,0,0
5291,hair_on_horn,0,0
5292,sports_bikini,0,0
5293,prosthetic_leg,0,0
5294,konohagakure_symbol,0,0
5295,elbow_carry,0,0
5296,plant_girl,0,0
5297,german_clothes,0,0
5298,bud,0,0
5299,open-chest_sweater,0,0
5300,east_asian,0,0
5301,blood_on_knife,0,0
5302,vertical-striped_jacket,0,0
5303,long_beard,0,0
5304,lion,0,0
5305,excessive_pubic_hair,0,0
5306,dotted_line,0,0
5307,bad_hands,0,0
5308,unworn_boots,0,0
5309,pie,0,0
5310,column_lineup,0,0
5311,wrist_bow,0,0
5312,black_garter_belt,0,0
5313,pith_helmet,0,0
5314,necktie_grab,0,0
5315,sweatband,0,0
5316,screen,0,0
5317,penis_size_difference,0,0
5318,oc_x_canon,0,0
5319,bucket_hat,0,0
5320,hair_extensions,0,0
5321,circle_name,0,0
5322,bat_girl,0,0
5323,spoken_object,0,0
5324,crest,0,0
5325,2018,0,0
5326,exhausted,0,0
5327,holding_own_leg,0,0
5328,crescent_print,0,0
5329,deerstalker,0,0
5330,stab,0,0
5331,baseball_mitt,0,0
5332,bolo_tie,0,0
5333,wrestling,0,0
5334,multiple_swords,0,0
5335,white_umbrella,0,0
5336,implied_futanari,0,0
5337,holding_fishing_rod,0,0
5338,pacifier,0,0
5339,ghost_costume,0,0
5340,holding_chocolate,0,0
5341,oversized_food,0,0
5342,palms,0,0
5343,circle_skirt,0,0
5344,broken_halo,0,0
5345,pov_doorway,0,0
5346,pink_camisole,0,0
5347,monkey,0,0
5348,poke_ball_symbol,0,0
5349,hair_through_headwear,0,0
5350,mace,0,0
5351,red_cross,0,0
5352,foliage,0,0
5353,cum_on_feet,0,0
5354,animal_ear_hood,0,0
5355,livestream,0,0
5356,neon_lights,0,0
5357,youkai_(youkai_watch),0,0
5358,yellow_armband,0,0
5359,puckered_anus,0,0
5360,single_vertical_stripe,0,0
5361,qr_code,0,0
5362,intravenous_drip,0,0
5363,hakama_shorts,0,0
5364,checkered_necktie,0,0
5365,pink_gem,0,0
5366,cupless_bra,0,0
5367,untied_panties,0,0
5368,metal_hairband,0,0
5369,d-pad_hair_ornament,0,0
5370,pov_across_table,0,0
5371,grey_bra,0,0
5372,when_you_see_it,0,0
5373,suit_pants,0,0
5374,twincest,0,0
5375,jersey_maid,0,0
5376,priest,0,0
5377,multiple_condoms,0,0
5378,pink_capelet,0,0
5379,green_tail,0,0
5380,nail_art,0,0
5381,st._gloriana's_school_uniform,0,0
5382,yellow_apron,0,0
5383,open_bra,0,0
5384,rotational_symmetry,0,0
5385,hand_on_own_shoulder,0,0
5386,collared_vest,0,0
5387,tennis_uniform,0,0
5388,off-shoulder_jacket,0,0
5389,dark_aura,0,0
5390,jewel_under_eye,0,0
5391,through_wall,0,0
5392,animal_hug,0,0
5393,concert,0,0
5394,cum_on_hands,0,0
5395,pink_cape,0,0
5396,popsicle_in_mouth,0,0
5397,blood_on_arm,0,0
5398,tablecloth,0,0
5399,condom_packet_strip,0,0
5400,surprise_kiss,0,0
5401,brown_wings,0,0
5402,print_jacket,0,0
5403,striped_gloves,0,0
5404,fishing,0,0
5405,skirt_around_one_leg,0,0
5406,jimiko,0,0
5407,hand_on_own_neck,0,0
5408,diadem,0,0
5409,aqua_trim,0,0
5410,yurigaoka_girls_academy_school_uniform,0,0
5411,undressing_another,0,0
5412,chocolate_bar,0,0
5413,shark_hood,0,0
5414,69,0,0
5415,spider_girl,0,0
5416,white_mouth,0,0
5417,chewing,0,0
5418,curtain_grab,0,0
5419,grey_ribbon,0,0
5420,front_slit,0,0
5421,viera,0,0
5422,spandex,0,0
5423,shoulder_peek,0,0
5424,open_window,0,0
5425,blue_tabard,0,0
5426,hands_on_headwear,0,0
5427,potion,0,0
5428,pocky_in_mouth,0,0
5429,yellow-tinted_eyewear,0,0
5430,unconscious,0,0
5431,green-framed_eyewear,0,0
5432,doyagao,0,0
5433,pole_dancing,0,0
5434,yasogami_school_uniform,0,0
5435,sword_of_hisou,0,0
5436,sangvis_ferri,0,0
5437,diving_mask,0,0
5438,swim_briefs,0,0
5439,convenient_arm,0,0
5440,frilled_sailor_collar,0,0
5441,grand_piano,0,0
5442,truck,0,0
5443,paint_palette,0,0
5444,star_sticker,0,0
5445,two-tone_shoes,0,0
5446,ryona,0,0
5447,ribbon_braid,0,0
5448,deer,0,0
5449,open_skirt,0,0
5450,two-tone_bowtie,0,0
5451,sidepec,0,0
5452,naked_shoes,0,0
5453,horns_through_headwear,0,0
5454,gate,0,0
5455,gibson_les_paul,0,0
5456,prehensile_hair,0,0
5457,super_robot,0,0
5458,group_name,0,0
5459,bath_yukata,0,0
5460,chasing,0,0
5461,whispering,0,0
5462,scar_on_mouth,0,0
5463,striker_unit,0,0
5464,destruction,0,0
5465,dynamic_pose,0,0
5466,striped_arm_warmers,0,0
5467,after_paizuri,0,0
5468,between_thighs,0,0
5469,treasure_chest,0,0
5470,hairdressing,0,0
5471,bilingual_text,0,0
5472,grey_hairband,0,0
5473,bear_boy,0,0
5474,black_wrist_cuffs,0,0
5475,split_ponytail,0,0
5476,vertical-striped_background,0,0
5477,absurdly_detailed_composition,0,0
5478,voice_actor,0,0
5479,mole_on_ass,0,0
5480,holding_megaphone,0,0
5481,futanari_masturbation,0,0
5482,anti-materiel_rifle,0,0
5483,two-tone_hairband,0,0
5484,notepad,0,0
5485,crotch_plate,0,0
5486,little_busters!_school_uniform,0,0
5487,spanking,0,0
5488,sunflower_hair_ornament,0,0
5489,meandros,0,0
5490,christmas_lights,0,0
5491,pear-shaped_figure,0,0
5492,painting_(action),0,0
5493,._.,0,0
5494,snap-fit_buckle,0,0
5495,mimikaki,0,0
5496,cross-laced_sleeves,0,0
5497,sword_over_shoulder,0,0
5498,orange_vest,0,0
5499,yellow_bodysuit,0,0
5500,hand_on_another's_leg,0,0
5501,kissing_forehead,0,0
5502,white_butterfly,0,0
5503,spirit,0,0
5504,pine_tree,0,0
5505,ugly_bastard,0,0
5506,large_nose,0,0
5507,yagasuri,0,0
5508,beach_chair,0,0
5509,holding_vegetable,0,0
5510,cardigan_around_waist,0,0
5511,blue_pajamas,0,0
5512,hollow_eyes,0,0
5513,dwarf,0,0
5514,spine,0,0
5515,venus_symbol,0,0
5516,against_tree,0,0
5517,train_station,0,0
5518,simplified_chinese_text,0,0
5519,party_popper,0,0
5520,dress_shoes,0,0
5521,calico_(pattern),0,0
5522,pink_one-piece_swimsuit,0,0
5523,sunburst_background,0,0
5524,runny_makeup,0,0
5525,cheering,0,0
5526,ribbon_bondage,0,0
5527,sleeveless_coat,0,0
5528,breathing_fire,0,0
5529,kettle,0,0
5530,stepped_on,0,0
5531,wheel,0,0
5532,holding_notebook,0,0
5533,red_border,0,0
5534,rabbit-shaped_pupils,0,0
5535,broken_heart,0,0
5536,panda_ears,0,0
5537,star_ornament,0,0
5538,tennis_racket,0,0
5539,calendar_(medium),0,0
5540,kigurumi,0,0
5541,thick_mustache,0,0
5542,single_stripe,0,0
5543,single_breast_curtain,0,0
5544,blue_tank_top,0,0
5545,licking_another's_face,0,0
5546,wiping_tears,0,0
5547,love_letter,0,0
5548,missile,0,0
5549,imminent_fellatio,0,0
5550,holding_stylus,0,0
5551,m4_carbine,0,0
5552,cheek_press,0,0
5553,grey_nails,0,0
5554,shared_umbrella,0,0
5555,stone_wall,0,0
5556,tentacle_pit,0,0
5557,sleeve_ribbon,0,0
5558,caution_tape,0,0
5559,double_w,0,0
5560,inflation,0,0
5561,masturbation_through_clothes,0,0
5562,official_alternate_color,0,0
5563,stuffed_shark,0,0
5564,delinquent,0,0
5565,orange_tail,0,0
5566,gym_storeroom,0,0
5567,see-through_body,0,0
5568,head_on_hand,0,0
5569,anilingus,0,0
5570,simple_bird,0,0
5571,tube,0,0
5572,no_eyebrows,0,0
5573,yellow_tail,0,0
5574,ballerina,0,0
5575,floating_headgear,0,0
5576,pearl_bracelet,0,0
5577,chef,0,0
5578,usekh_collar,0,0
5579,severed_head,0,0
5580,green_pupils,0,0
5581,failure,0,0
5582,year_of_the_ox,0,0
5583,brown_sleeves,0,0
5584,manga_cover,0,0
5585,pussy_juice_puddle,0,0
5586,arms_around_another's_waist,0,0
5587,shoulder_sash,0,0
5588,diagonal-striped_background,0,0
5589,green_headband,0,0
5590,green_belt,0,0
5591,handkerchief,0,0
5592,ketchup,0,0
5593,head_bump,0,0
5594,object_through_head,0,0
5595,skull_mask,0,0
5596,mismatched_sleeves,0,0
5597,holding_violin,0,0
5598,setsubun,0,0
5599,mini-hakkero,0,0
5600,on_motorcycle,0,0
5601,projectile_lactation,0,0
5602,dixie_cup_hat,0,0
5603,sitting_in_tree,0,0
5604,framed,0,0
5605,ooarai_military_uniform,0,0
5606,sleeveless_hoodie,0,0
5607,open_belt,0,0
5608,heart_tail,0,0
5609,game_screenshot_inset,0,0
5610,multicolored_boots,0,0
5611,holographic_interface,0,0
5612,stroking_own_chin,0,0
5613,dominatrix,0,0
5614,birthmark,0,0
5615,holding_burger,0,0
5616,fallen_down,0,0
5617,crt,0,0
5618,argyle_thighhighs,0,0
5619,family_bonding,0,0
5620,holding_saucer,0,0
5621,fur-trimmed_legwear,0,0
5622,print_bra,0,0
5623,rectangular_mouth,0,0
5624,mascot,0,0
5625,veranda,0,0
5626,aqua_hat,0,0
5627,see-through_jacket,0,0
5628,syrup,0,0
5629,after_rape,0,0
5630,ginkgo_leaf,0,0
5631,juice,0,0
5632,holding_envelope,0,0
5633,plume,0,0
5634,2026,0,0
5635,unworn_bag,0,0
5636,black_arm_warmers,0,0
5637,torn_leotard,0,0
5638,used_tissue,0,0
5639,lace_choker,0,0
5640,gatling_gun,0,0
5641,naked_sheet,0,0
5642,futa_with_futa,0,0
5643,cross_tie,0,0
5644,letter_hair_ornament,0,0
5645,skateboard,0,0
5646,pink_horns,0,0
5647,dust_cloud,0,0
5648,short-sleeved_jacket,0,0
5649,holding_drink_carton,0,0
5650,cat_day,0,0
5651,berry,0,0
5652,red_sandals,0,0
5653,picnic_basket,0,0
5654,x_x,0,0
5655,spiked_halo,0,0
5656,white_leggings,0,0
5657,fourth_east_high_school_uniform,0,0
5658,told_you_not_to_do_that,0,0
5659,cowboy_western,0,0
5660,unworn_socks,0,0
5661,novel_cover,0,0
5662,fake_mustache,0,0
5663,2017,0,0
5664,holding_ice_cream_cone,0,0
5665,sig_sauer,0,0
5666,aqua_halo,0,0
5667,stone_floor,0,0
5668,2016,0,0
5669,grabbing_another's_chin,0,0
5670,viewer_holding_phone,0,0
5671,pavement,0,0
5672,completely_unamused,0,0
5673,symmetry,0,0
5674,grey_tank_top,0,0
5675,yellow_border,0,0
5676,3d_background,0,0
5677,tissue,0,0
5678,holding_jacket,0,0
5679,green_cloak,0,0
5680,official_art_inset,0,0
5681,kappougi,0,0
5682,in_water,0,0
5683,cat_on_head,0,0
5684,blending,0,0
5685,jujutsu_tech_uniform,0,0
5686,oversized_wings,0,0
5687,leather_gloves,0,0
5688,twitter_strip_game,0,0
5689,spitting,0,0
5690,ring_hair_extensions,0,0
5691,reins,0,0
5692,naginata,0,0
5693,instant_cup_noodles,0,0
5694,bandaged_chest,0,0
5695,weighing_scale,0,0
5696,applying_makeup,0,0
5697,gun_sling,0,0
5698,dolphin,0,0
5699,2015,0,0
5700,centaur,0,0
5701,air_conditioner,0,0
5702,harem_pants,0,0
5703,garden,0,0
5704,frilled_leotard,0,0
5705,acoustic_guitar,0,0
5706,mask_around_neck,0,0
5707,orange_belt,0,0
5708,shorts_under_dress,0,0
5709,breasts_on_head,0,0
5710,sideless_kimono,0,0
5711,wiping_face,0,0
5712,off-shoulder_bikini,0,0
5713,kitchen_knife,0,0
5714,cross-laced_top,0,0
5715,strongman_waist,0,0
5716,orange_pantyhose,0,0
5717,crew_neck,0,0
5718,panther_tail,0,0
5719,camouflage_pants,0,0
5720,no_testicles,0,0
5721,holding_beachball,0,0
5722,o-ring_belt,0,0
5723,brown_hoodie,0,0
5724,tree_stump,0,0
5725,single_strap,0,0
5726,zeon,0,0
5727,black_hands,0,0
5728,cetacean_tail,0,0
5729,square-end_necktie,0,0
5730,onesie,0,0
5731,micro_panties,0,0
5732,yuigaoka_school_uniform,0,0
5733,shallow_water,0,0
5734,holding_hose,0,0
5735,sidecut,0,0
5736,centauroid,0,0
5737,folding_chair,0,0
5738,lighter,0,0
5739,grey_bikini,0,0
5740,yellow_sky,0,0
5741,pointless_condom,0,0
5742,ring_hair_ornament,0,0
5743,crescent_facial_mark,0,0
5744,checkerboard_cookie,0,0
5745,costume,0,0
5746,rider_belt,0,0
5747,in_food,0,0
5748,lights,0,0
5749,crossbow,0,0
5750,shuuchiin_academy_school_uniform,0,0
5751,transparent_wings,0,0
5752,striped_hairband,0,0
5753,carrying_under_arm,0,0
5754,two-tone_one-piece_swimsuit,0,0
5755,nike_(company),0,0
5756,split_screen,0,0
5757,core_crystal_(xenoblade),0,0
5758,c:,0,0
5759,boobplate,0,0
5760,box_of_chocolates,0,0
5761,spooning,0,0
5762,tiered_tray,0,0
5763,tri_tails,0,0
5764,wooden_sword,0,0
5765,single_epaulette,0,0
5766,club_(shape),0,0
5767,triangle_facial_mark,0,0
5768,fumo_(doll),0,0
5769,drum_set,0,0
5770,cotton_candy,0,0
5771,looking_at_breasts,0,0
5772,layered_shirt,0,0
5773,stadium,0,0
5774,camouflage_jacket,0,0
5775,large_hands,0,0
5776,crotch_rub,0,0
5777,flower_necklace,0,0
5778,ferris_wheel,0,0
5779,cactus,0,0
5780,viewer_holding_leash,0,0
5781,on_stool,0,0
5782,snow_leopard_ears,0,0
5783,holding_drumsticks,0,0
5784,grenade_pin,0,0
5785,caressing_testicles,0,0
5786,single_braided_sidelock,0,0
5787,monster_energy,0,0
5788,pants_rolled_up,0,0
5789,square_neckline,0,0
5790,pink_sky,0,0
5791,purple_pupils,0,0
5792,arthropod_limbs,0,0
5793,pink_wrist_cuffs,0,0
5794,twitter_x_logo,0,0
5795,pocky_kiss,0,0
5796,chibikemo,0,0
5797,phonograph,0,0
5798,blue_veil,0,0
5799,two-tone_scarf,0,0
5800,green_wings,0,0
5801,green_pantyhose,0,0
5802,vertical-striped_pants,0,0
5803,visible_air,0,0
5804,bowing,0,0
5805,union_jack,0,0
5806,purple_butterfly,0,0
5807,fur_cape,0,0
5808,sunflower_field,0,0
5809,chest_bow,0,0
5810,cat_teaser,0,0
5811,raised_fist,0,0
5812,orange_sweater,0,0
5813,half_up_half_down_braid,0,0
5814,friends,0,0
5815,st._gloriana's_military_uniform,0,0
5816,purple_scrunchie,0,0
5817,left-to-right_manga,0,0
5818,inset,0,0
5819,expressive_hair,0,0
5820,missing_wings,0,0
5821,metal_skin,0,0
5822,icing,0,0
5823,park,0,0
5824,thick_beard,0,0
5825,hanbok,0,0
5826,holding_own_tail,0,0
5827,portrait_(object),0,0
5828,lounge_chair,0,0
5829,large_insertion,0,0
5830,purple_veil,0,0
5831,bandana_around_neck,0,0
5832,dirndl,0,0
5833,sheet_music,0,0
5834,single_garter_strap,0,0
5835,forehead-to-forehead,0,0
5836,hand_rest,0,0
5837,cucumber,0,0
5838,on_rock,0,0
5839,pectoral_grab,0,0
5840,braided_sidelocks,0,0
5841,lily_of_the_valley,0,0
5842,rainbow_order,0,0
5843,sex_machine,0,0
5844,gladiator_sandals,0,0
5845,squid,0,0
5846,artificial_eye,0,0
5847,short_tail,0,0
5848,rope_belt,0,0
5849,graveyard,0,0
5850,tent,0,0
5851,hair_in_own_mouth,0,0
5852,tight_dress,0,0
5853,missing_tail,0,0
5854,grabbed_by_tentacles,0,0
5855,shards,0,0
5856,sweet_lolita,0,0
5857,brushing_teeth,0,0
5858,pokedex_number,0,0
5859,bowl_hat,0,0
5860,official_alternate_eye_color,0,0
5861,multi-strapped_bikini_top,0,0
5862,frilled_ascot,0,0
5863,lace_gloves,0,0
5864,bikesuit,0,0
5865,soap,0,0
5866,lop_rabbit_ears,0,0
5867,circle_cut,0,0
5868,hand_on_another's_hand,0,0
5869,diving_suit,0,0
5870,antique_phone,0,0
5871,puppet_strings,0,0
5872,teacher_and_student,0,0
5873,dress_tug,0,0
5874,hooded_sweater,0,0
5875,holding_ribbon,0,0
5876,denim_jacket,0,0
5877,strawberry_hair_ornament,0,0
5878,blindfold_mask,0,0
5879,full-length_zipper,0,0
5880,hydrokinesis,0,0
5881,pokemon_on_shoulder,0,0
5882,hand_on_own_forehead,0,0
5883,flock,0,0
5884,log,0,0
5885,orange_halo,0,0
5886,load_bearing_vest,0,0
5887,food-themed_earrings,0,0
5888,suspended_congress,0,0
5889,reindeer_costume,0,0
5890,two-tone_cape,0,0
5891,power_symbol-shaped_pupils,0,0
5892,blonde_pubic_hair,0,0
5893,stove,0,0
5894,window_(computing),0,0
5895,loungewear,0,0
5896,volleyball_(object),0,0
5897,buttjob,0,0
5898,pointed_crown,0,0
5899,boned_meat,0,0
5900,cockpit,0,0
5901,takoyaki,0,0
5902,clover_print,0,0
5903,fake_magazine_cover,0,0
5904,you're_doing_it_wrong,0,0
5905,tanabata,0,0
5906,spiked_tail,0,0
5907,sticker_(medium),0,0
5908,cupping_hands,0,0
5909,convenient_tail,0,0
5910,pink_ascot,0,0
5911,halberd,0,0
5912,unworn_bikini_top,0,0
5913,grey_wings,0,0
5914,bird_boy,0,0
5915,hands_on_own_ass,0,0
5916,angel_and_devil,0,0
5917,ballet_slippers,0,0
5918,blue_sports_bra,0,0
5919,pixiv_logo,0,0
5920,holding_creature,0,0
5921,fingering_through_clothes,0,0
5922,sweaty_clothes,0,0
5923,robot_animal,0,0
5924,analog_clock,0,0
5925,fireplace,0,0
5926,master_sword,0,0
5927,team_rocket_uniform,0,0
5928,half_mask,0,0
5929,laser,0,0
5930,japanese_flag,0,0
5931,underbutt,0,0
5932,unworn_sandals,0,0
5933,covered_penis,0,0
5934,mixing_bowl,0,0
5935,hagoita,0,0
5936,flashlight,0,0
5937,aqua_theme,0,0
5938,origami,0,0
5939,christmas_present,0,0
5940,chemical_structure,0,0
5941,drawing_sword,0,0
5942,hanging,0,0
5943,determined,0,0
5944,shiba_inu,0,0
5945,juban,0,0
5946,budget_sarashi,0,0
5947,double_fox_shadow_puppet,0,0
5948,flower_brooch,0,0
5949,compound_eyes,0,0
5950,guiding_hand,0,0
5951,drill_ponytail,0,0
5952,spread_pussy_under_clothes,0,0
5953,tempura,0,0
5954,cow_boy,0,0
5955,black_umbrella,0,0
5956,vibrator_cord,0,0
5957,sparkling_aura,0,0
5958,year_of_the_snake,0,0
5959,candy_hair_ornament,0,0
5960,lotion_bottle,0,0
5961,holding_letter,0,0
5962,harvin,0,0
5963,unicorn,0,0
5964,fireflies,0,0
5965,eyelid_pull,0,0
5966,belt_bra,0,0
5967,holding_jewelry,0,0
5968,unworn_gloves,0,0
5969,brown_bikini,0,0
5970,ribbed_sleeves,0,0
5971,grabbing_another's_shirt,0,0
5972,extra_mouth,0,0
5973,wiping_sweat,0,0
5974,x_mouth,0,0
5975,holding_bucket,0,0
5976,ritual_baton,0,0
5977,bandaged_wrist,0,0
5978,character_charm,0,0
5979,glutton,0,0
5980,alphes_(style),0,0
5981,pancake_stack,0,0
5982,pointer,0,0
5983,back_focus,0,0
5984,extra,0,0
5985,shirt_under_shirt,0,0
5986,role_reversal,0,0
5987,rainbow_gradient,0,0
5988,cooperative_paizuri,0,0
5989,tail_around_own_leg,0,0
5990,aqua_gem,0,0
5991,yes-no_pillow,0,0
5992,prehensile_tail,0,0
5993,sidewalk,0,0
5994,orange_rose,0,0
5995,mega_stone,0,0
5996,dark_halo,0,0
5997,yellow_leotard,0,0
5998,sitting_on_object,0,0
5999,shinsengumi,0,0
6000,black_eyeshadow,0,0
6001,tarot_(medium),0,0
6002,39,0,0
6003,v_over_mouth,0,0
6004,cursor,0,0
6005,phallic_symbol,0,0
6006,full-body_tattoo,0,0
6007,hand_on_ground,0,0
6008,pussy_piercing,0,0
6009,huge_testicles,0,0
6010,thread,0,0
6011,shin_guards,0,0
6012,floral_print_bikini,0,0
6013,autobot,0,0
6014,voyeurism,0,0
6015,helicopter,0,0
6016,blue_hood,0,0
6017,full_page_comic,0,0
6018,huge_bow,0,0
6019,ribbon-trimmed_dress,0,0
6020,soup,0,0
6021,screw,0,0
6022,partially_underwater_shot,0,0
6023,virtual_graduation_commemoration,0,0
6024,two-tone_coat,0,0
6025,hatsune_miku_(cosplay),0,0
6026,mechanical_pencil,0,0
6027,watermelon_slice,0,0
6028,popcorn,0,0
6029,orange_boots,0,0
6030,trash_bag,0,0
6031,eagle,0,0
6032,hammer_and_sickle,0,0
6033,two-tone_headwear,0,0
6034,brown_border,0,0
6035,waist_sash,0,0
6036,pearl_hair_ornament,0,0
6037,button_eyes,0,0
6038,pikmin_(creature),0,0
6039,cheek_squash,0,0
6040,side_drill,0,0
6041,coffin,0,0
6042,torn_scarf,0,0
6043,curtsey,0,0
6044,yellow_butterfly,0,0
6045,drill,0,0
6046,flower_in_eye,0,0
6047,visor_(armor),0,0
6048,aqua_panties,0,0
6049,mark_under_both_eyes,0,0
6050,doki_doki_literature_club_school_uniform,0,0
6051,gauze_on_face,0,0
6052,anzio_school_uniform,0,0
6053,year_of_the_dragon,0,0
6054,red_robe,0,0
6055,ninja_mask,0,0
6056,orange_sailor_collar,0,0
6057,naranja_academy_school_uniform,0,0
6058,hands_on_own_stomach,0,0
6059,demon_(megami_tensei),0,0
6060,kissing_hand,0,0
6061,sausage,0,0
6062,flaming_weapon,0,0
6063,flower_choker,0,0
6064,long_nose,0,0
6065,jack-o'_challenge,0,0
6066,tumblr_username,0,0
6067,grey_capelet,0,0
6068,chat_log,0,0
6069,glowing_butterfly,0,0
6070,dumbbell,0,0
6071,single_horizontal_stripe,0,0
6072,naked_cape,0,0
6073,traditional_youkai,0,0
6074,height,0,0
6075,ramune,0,0
6076,doctor,0,0
6077,snake_hair,0,0
6078,lace-trimmed_skirt,0,0
6079,ribbon_in_mouth,0,0
6080,animal_on_lap,0,0
6081,cleaning,0,0
6082,bear_print,0,0
6083,purple_cardigan,0,0
6084,high_kick,0,0
6085,low_side_ponytail,0,0
6086,eastern_dragon_tail,0,0
6087,brown_choker,0,0
6088,vertical-striped_shorts,0,0
6089,spiked_club,0,0
6090,armpit_cutout,0,0
6091,rolling_suitcase,0,0
6092,condom_belt,0,0
6093,multiple_necklaces,0,0
6094,cephalopod_eyes,0,0
6095,stained_panties,0,0
6096,yes,0,0
6097,multicolored_hat,0,0
6098,diamond_hair_ornament,0,0
6099,breast_smother,0,0
6100,two-tone_hoodie,0,0
6101,blood_on_ground,0,0
6102,tail_piercing,0,0
6103,polka_dot_bra,0,0
6104,character_age,0,0
6105,kusazuri,0,0
6106,pointing_out_the_details,0,0
6107,miku_day,0,0
6108,frilled_jacket,0,0
6109,wooden_chair,0,0
6110,broken_chain,0,0
6111,asymmetrical_dual_wielding,0,0
6112,cross-laced_shoes,0,0
6113,fortissimo,0,0
6114,utensil_in_mouth,0,0
6115,holding_needle,0,0
6116,vignetting,0,0
6117,tankini,0,0
6118,shoulder_blush,0,0
6119,u.a._school_uniform,0,0
6120,shimaidon_(sex),0,0
6121,sperm_cell,0,0
6122,mismatched_eyebrows,0,0
6123,before_and_after,0,0
6124,offering_hand,0,0
6125,heart_collar,0,0
6126,presenting_own_ass,0,0
6127,futa_without_pussy,0,0
6128,miyamasuzaka_girls'_academy_school_uniform,0,0
6129,cherry_hair_ornament,0,0
6130,western_dragon,0,0
6131,tokyo-3_middle_school_uniform,0,0
6132,mahjong_tile,0,0
6133,lube,0,0
6134,colored_nipples,0,0
6135,telekinesis,0,0
6136,hand_on_lap,0,0
6137,flower_on_head,0,0
6138,bendy_straw,0,0
6139,summer_festival,0,0
6140,genderswap_(otf),0,0
6141,sweaty_breasts,0,0
6142,holding_pizza,0,0
6143,floating_weapon,0,0
6144,red_cardigan,0,0
6145,cocktail_dress,0,0
6146,campfire,0,0
6147,jaguar_ears,0,0
6148,green_sweater_vest,0,0
6149,military_combat_uniform,0,0
6150,mark_under_eye,0,0
6151,globe,0,0
6152,chest_of_drawers,0,0
6153,hospital_bed,0,0
6154,mechanical_eyes,0,0
6155,cross_pasties,0,0
6156,buster_sword,0,0
6157,chocolate_on_breasts,0,0
6158,soda,0,0
6159,ofuda_on_head,0,0
6160,shirt_in_mouth,0,0
6161,arm_between_breasts,0,0
6162,pants_tucked_in,0,0
6163,torn,0,0
6164,hikarizaka_private_high_school_uniform,0,0
6165,fountain,0,0
6166,ankh,0,0
6167,magical_musket_(madoka_magica),0,0
6168,furigana,0,0
6169,gusset,0,0
6170,pizza_slice,0,0
6171,round-bottom_flask,0,0
6172,grey_cape,0,0
6173,collared_capelet,0,0
6174,on_person,0,0
6175,alternate_breast_size_(smaller),0,0
6176,hand_net,0,0
6177,mole_on_stomach,0,0
6178,happi,0,0
6179,cropped_head,0,0
6180,normal_suit_(gundam),0,0
6181,two-tone_thighhighs,0,0
6182,detective,0,0
6183,full-package_futanari,0,0
6184,holding_branch,0,0
6185,tail_ring,0,0
6186,fff_threesome,0,0
6187,scissor_blade_(kill_la_kill),0,0
6188,holding_suitcase,0,0
6189,presenting_pussy,0,0
6190,sideless_dress,0,0
6191,fast_food,0,0
6192,holding_riding_crop,0,0
6193,werewolf,0,0
6194,pasta,0,0
6195,stone_lantern,0,0
6196,holding_teapot,0,0
6197,in_the_face,0,0
6198,spray_can,0,0
6199,crate,0,0
6200,ribbed_thighhighs,0,0
6201,cleave_gag,0,0
6202,shuka_high_school_uniform,0,0
6203,torpedo_tubes,0,0
6204,adjusting_necktie,0,0
6205,unworn_coat,0,0
6206,riding_pokemon,0,0
6207,oral_invitation,0,0
6208,gold_buttons,0,0
6209,chinstrap,0,0
6210,kibito_high_school_uniform,0,0
6211,gauze_on_cheek,0,0
6212,mahjong,0,0
6213,lalafell,0,0
6214,animal_ear_legwear,0,0
6215,aqua_gloves,0,0
6216,large_ears,0,0
6217,motorcycle_helmet,0,0
6218,jacket_over_hoodie,0,0
6219,triangle_print,0,0
6220,basketball_uniform,0,0
6221,bar_stool,0,0
6222,ballet,0,0
6223,sunscreen,0,0
6224,object_focus,0,0
6225,pinned,0,0
6226,holding_cake,0,0
6227,runes,0,0
6228,short_jumpsuit,0,0
6229,animal_skull,0,0
6230,body_hair,0,0
6231,three-dimensional_maneuver_gear,0,0
6232,mole_above_mouth,0,0
6233,bad_proportions,0,0
6234,flower_over_eye,0,0
6235,morning_glory,0,0
6236,accidental_exposure,0,0
6237,coin_on_string,0,0
6238,akeome,0,0
6239,multiple_heads,0,0
6240,vampire_costume,0,0
6241,fish_print,0,0
6242,arrow_through_heart,0,0
6243,crime_prevention_buzzer,0,0
6244,torn_jacket,0,0
6245,milking_machine,0,0
6246,clear_sky,0,0
6247,tutu,0,0
6248,grey_serafuku,0,0
6249,lone_nape_hair,0,0
6250,akanbe,0,0
6251,cheek_bulge,0,0
6252,single_wrist_cuff,0,0
6253,sideless_shirt,0,0
6254,holding_cotton_candy,0,0
6255,plap,0,0
6256,frilled_camisole,0,0
6257,wheat,0,0
6258,oven_mitts,0,0
6259,ajirogasa,0,0
6260,moon_(ornament),0,0
6261,iphone,0,0
6262,giving_up_the_ghost,0,0
6263,multicolored_kimono,0,0
6264,crystal_earrings,0,0
6265,y2k_fashion,0,0
6266,scar_on_hand,0,0
6267,looking_outside,0,0
6268,high-waist_belt,0,0
6269,single_shoulder_pad,0,0
6270,leg_between_thighs,0,0
6271,gold_coin,0,0
6272,hand_focus,0,0
6273,bookmark,0,0
6274,cutting_board,0,0
6275,chimney,0,0
6276,invisible_penis,0,0
6277,in_bucket,0,0
6278,kuromorimine_school_uniform,0,0
6279,potara_earrings,0,0
6280,eyewear_hang,0,0
6281,scooter,0,0
6282,holed_coin,0,0
6283,blank_stare,0,0
6284,misleading_thumbnail,0,0
6285,round_window,0,0
6286,canvas_(object),0,0
6287,anal_hair,0,0
6288,turtleneck_jacket,0,0
6289,ribbon-trimmed_clothes,0,0
6290,comforting,0,0
6291,drawn_ears,0,0
6292,blue_sweater_vest,0,0
6293,bunny_day,0,0
6294,weight_conscious,0,0
6295,traffic_cone,0,0
6296,chinese_new_year,0,0
6297,vaulting_horse,0,0
6298,dark_penis,0,0
6299,snake_girl,0,0
6300,single_bare_foot,0,0
6301,ass_cutout,0,0
6302,green_tank_top,0,0
6303,visor,0,0
6304,blunt_sidelocks,0,0
6305,tanzaku,0,0
6306,april_fools,0,0
6307,ho-kago_tea_time,0,0
6308,naked_kimono,0,0
6309,polka_dot_headwear,0,0
6310,puffy_cheeks,0,0
6311,feral_instincts,0,0
6312,leather_boots,0,0
6313,confession,0,0
6314,breast_expansion,0,0
6315,pornography,0,0
6316,skull_ornament,0,0
6317,paw_print_background,0,0
6318,duster,0,0
6319,squinting,0,0
6320,hexagon,0,0
6321,shared_food,0,0
6322,yin_yang_orb,0,0
6323,prison_clothes,0,0
6324,lyrics,0,0
6325,drying_hair,0,0
6326,ema,0,0
6327,spear_the_gungnir,0,0
6328,fishnet_sleeves,0,0
6329,black_sky,0,0
6330,dice_hair_ornament,0,0
6331,two-tone_hat,0,0
6332,split_theme,0,0
6333,jiangshi_costume,0,0
6334,neck_tassel,0,0
6335,orange_socks,0,0
6336,tribal,0,0
6337,ootachi,0,0
6338,weasel_ears,0,0
6339,white_helmet,0,0
6340,glowing_hair,0,0
6341,kouhaku_nawa,0,0
6342,saw,0,0
6343,coke-bottle_glasses,0,0
6344,rayman_limbs,0,0
6345,light_censor,0,0
6346,grey_suit,0,0
6347,paper_airplane,0,0
6348,holding_wrench,0,0
6349,german_text,0,0
6350,black_bandeau,0,0
6351,school_briefcase,0,0
6352,tented_shirt,0,0
6353,embellished_costume,0,0
6354,heart_in_heart_hands,0,0
6355,under_kotatsu,0,0
6356,heart-shaped_buckle,0,0
6357,green_horns,0,0
6358,pinwheel,0,0
6359,spinning,0,0
6360,tube_dress,0,0
6361,toe_ring,0,0
6362,hospital_gown,0,0
6363,berry_(pokemon),0,0
6364,orange_sleeves,0,0
6365,chinese_hairpin,0,0
6366,playing_guitar,0,0
6367,gaming_chair,0,0
6368,bowlegged_pose,0,0
6369,struggling,0,0
6370,elbows_on_table,0,0
6371,round_table,0,0
6372,unworn_dress,0,0
6373,green_armband,0,0
6374,lace-trimmed_choker,0,0
6375,duffel_coat,0,0
6376,tail_grab,0,0
6377,dandelion,0,0
6378,spiked_shell,0,0
6379,cum_on_self,0,0
6380,honeycomb_(pattern),0,0
6381,skirt_bow,0,0
6382,food-themed_clothes,0,0
6383,cooler,0,0
6384,champagne,0,0
6385,green_sclera,0,0
6386,daruma_doll,0,0
6387,legs_folded,0,0
6388,torn_gloves,0,0
6389,yarn,0,0
6390,single_thigh_boot,0,0
6391,pink_arm_warmers,0,0
6392,h&k_hk416,0,0
6393,lava,0,0
6394,sidesaddle,0,0
6395,self-harm,0,0
6396,guided_breast_grab,0,0
6397,leather_pants,0,0
6398,dropping,0,0
6399,arms_between_legs,0,0
6400,torpedo_launcher,0,0
6401,electric_plug,0,0
6402,overcoat,0,0
6403,orange_headband,0,0
6404,cable_tail,0,0
6405,kamiyama_high_school_uniform_(project_sekai),0,0
6406,forehead_tattoo,0,0
6407,no_gloves,0,0
6408,umamusume_horse_relations,0,0
6409,blue_camisole,0,0
6410,black_theme,0,0
6411,star_tattoo,0,0
6412,imminent_anal,0,0
6413,two-sided_dress,0,0
6414,shaking,0,0
6415,arm_on_knee,0,0
6416,shark_costume,0,0
6417,tracen_swimsuit,0,0
6418,energy_drink,0,0
6419,frog_print,0,0
6420,soda_bottle,0,0
6421,hand_on_own_elbow,0,0
6422,noose,0,0
6423,holding_flute,0,0
6424,floral_print_dress,0,0
6425,magatama_earrings,0,0
6426,reptile_girl,0,0
6427,grey_sweater_vest,0,0
6428,red_outline,0,0
6429,gyaru_v,0,0
6430,sharp_toenails,0,0
6431,no_mask,0,0
6432,green-tinted_eyewear,0,0
6433,prototype_design,0,0
6434,purple_one-piece_swimsuit,0,0
6435,heartbeat,0,0
6436,brushing_another's_hair,0,0
6437,leg_wrap,0,0
6438,dumpling,0,0
6439,head_chain,0,0
6440,wig,0,0
6441,pink_sash,0,0
6442,just_the_tip,0,0
6443,snail,0,0
6444,race_vehicle,0,0
6445,yellow_tank_top,0,0
6446,salaryman,0,0
6447,sakuramon,0,0
6448,sharp_tail,0,0
6449,tropical_fish,0,0
6450,tied_jacket,0,0
6451,tactical_school_uniform,0,0
6452,faux_figurine,0,0
6453,red_feathers,0,0
6454,ruler,0,0
6455,kaiju,0,0
6456,cow,0,0
6457,mouth_pull,0,0
6458,liquid_hair,0,0
6459,multiple_traps,0,0
6460,picnic,0,0
6461,holding_remote_control,0,0
6462,astronaut,0,0
6463,crumbs,0,0
6464,kepi,0,0
6465,holding_bow_(music),0,0
6466,machine,0,0
6467,rainbow_hair,0,0
6468,chart,0,0
6469,pendulum,0,0
6470,battle_rifle,0,0
6471,streetwear,0,0
6472,stalk_in_mouth,0,0
6473,dashed_eyes,0,0
6474,holding_microphone_stand,0,0
6475,ace_of_hearts,0,0
6476,borrowed_design,0,0
6477,grey_theme,0,0
6478,washing_machine,0,0
6479,calico_cat,0,0
6480,from_outside,0,0
6481,petals_on_liquid,0,0
6482,brown_halo,0,0
6483,poster_(medium),0,0
6484,child's_drawing,0,0
6485,dowsing_rod,0,0
6486,patchwork_clothes,0,0
6487,glass_shards,0,0
6488,audience,0,0
6489,brown_nails,0,0
6490,through_medium,0,0
6491,white_shawl,0,0
6492,sleeved_leotard,0,0
6493,curry_rice,0,0
6494,bamboo_steamer,0,0
6495,finger_to_face,0,0
6496,glass_bottle,0,0
6497,black_trim,0,0
6498,nose_ring,0,0
6499,holding_ofuda,0,0
6500,food_stand,0,0
6501,vibrator_under_panties,0,0
6502,leotard_peek,0,0
6503,animal_slippers,0,0
6504,masked,0,0
6505,print_hoodie,0,0
6506,rotary_phone,0,0
6507,character_censor,0,0
6508,butterfly_net,0,0
6509,scarf_over_mouth,0,0
6510,frottage,0,0
6511,slapping,0,0
6512,sick,0,0
6513,stream,0,0
6514,green_cardigan,0,0
6515,hitting,0,0
6516,outstretched_leg,0,0
6517,asa_no_ha_(pattern),0,0
6518,crocs,0,0
6519,perversion_of_canon,0,0
6520,open-toe_shoes,0,0
6521,purple_tongue,0,0
6522,cursive,0,0
6523,breast_conscious,0,0
6524,scarlet_devil_mansion,0,0
6525,mismatched_sclera,0,0
6526,criss-cross_straps,0,0
6527,two-tone_pants,0,0
6528,pool_of_blood,0,0
6529,elezen,0,0
6530,striped_hair,0,0
6531,penis_peek,0,0
6532,crystal_hair,0,0
6533,hat_tip,0,0
6534,shell_bikini,0,0
6535,more_muscular_than_canon,0,0
6536,pinching_sleeves,0,0
6537,jester,0,0
6538,white_mittens,0,0
6539,purple_collar,0,0
6540,two-sided_headwear,0,0
6541,fake_cover,0,0
6542,adapted_turret,0,0
6543,short_side_ponytail,0,0
6544,cut_bangs,0,0
6545,earth_(ornament),0,0
6546,wall_clock,0,0
6547,baggy_clothes,0,0
6548,blue_suit,0,0
6549,rabbit_house_uniform,0,0
6550,sundae,0,0
6551,island,0,0
6552,pointy_breasts,0,0
6553,hoodie_lift,0,0
6554,futa_on_male,0,0
6555,chain_headband,0,0
6556,cross_choker,0,0
6557,makizushi,0,0
6558,stealth_sex,0,0
6559,thai_text,0,0
6560,burnt_clothes,0,0
6561,pouring_onto_self,0,0
6562,radio,0,0
6563,monkey_ears,0,0
6564,snowball,0,0
6565,grey_leotard,0,0
6566,triangle_bikini_top,0,0
6567,hot_dog,0,0
6568,easel,0,0
6569,boater_hat,0,0
6570,pokemon_card,0,0
6571,cheekbones,0,0
6572,hand_on_glass,0,0
6573,dildo_riding,0,0
6574,black_outline,0,0
6575,doodle_inset,0,0
6576,noh_mask,0,0
6577,shoulder_holster,0,0
6578,black_scales,0,0
6579,tail_between_legs,0,0
6580,spiked_hairband,0,0
6581,kanabou,0,0
6582,tomoeda_elementary_school_uniform,0,0
6583,uvula,0,0
6584,key_earrings,0,0
6585,arm_around_another's_back,0,0
6586,crane_(machine),0,0
6587,athletic_leotard,0,0
6588,naked_hoodie,0,0
6589,cross_halo,0,0
6590,morning_after,0,0
6591,boxer_briefs,0,0
6592,yellow_raincoat,0,0
6593,shikigami,0,0
6594,jojo_pose,0,0
6595,sponge,0,0
6596,thighhighs_pull,0,0
6597,lace-trimmed_gloves,0,0
6598,holding_test_tube,0,0
6599,fur-trimmed_shirt,0,0
6600,hourglass,0,0
6601,shared_speech_bubble,0,0
6602,snorkel,0,0
6603,pom_pom_beanie,0,0
6604,yellow_outline,0,0
6605,<|>_<|>,0,0
6606,ammunition_belt,0,0
6607,fatui_coat,0,0
6608,goat_boy,0,0
6609,comic_cover,0,0
6610,hyena_ears,0,0
6611,pink_trim,0,0
6612,orange_ascot,0,0
6613,cutting_hair,0,0
6614,floating_scarf,0,0
6615,clitoral_piercing,0,0
6616,precum_drip,0,0
6617,bandaid_on_thigh,0,0
6618,playstation_controller,0,0
6619,perpendicular_paizuri,0,0
6620,brown_leotard,0,0
6621,finger_frame,0,0
6622,jacket_over_swimsuit,0,0
6623,green_hakama,0,0
6624,musou_isshin_(genshin_impact),0,0
6625,droopy_ears,0,0
6626,medallion,0,0
6627,body_armor,0,0
6628,wetsuit,0,0
6629,napkin,0,0
6630,black_eyeliner,0,0
6631,punk,0,0
6632,void_face,0,0
6633,super_saiyan_1,0,0
6634,blue_outline,0,0
6635,kimono_skirt,0,0
6636,chalk,0,0
6637,video_game,0,0
6638,police_badge,0,0
6639,shuujin_academy_school_uniform,0,0
6640,sleeveless_bodysuit,0,0
6641,arched_crown,0,0
6642,pleated_shorts,0,0
6643,chaldea_logo,0,0
6644,uva_academy_school_uniform,0,0
6645,dakimakura_(object),0,0
6646,cum_in_clothes,0,0
6647,blue_sandals,0,0
6648,easter_egg,0,0
6649,hair_strand,0,0
6650,messy,0,0
6651,powering_up,0,0
6652,kuji-in,0,0
6653,footwear_ribbon,0,0
6654,flashback,0,0
6655,holding_frying_pan,0,0
6656,hooded_cardigan,0,0
6657,devil_fruit_power,0,0
6658,black_leg_warmers,0,0
6659,eggplant,0,0
6660,clock_tower,0,0
6661,single_arm_warmer,0,0
6662,aviator_sunglasses,0,0
6663,bad_end,0,0
6664,brick_floor,0,0
6665,age_comparison,0,0
6666,heart_(organ),0,0
6667,white_armband,0,0
6668,power_suit_(metroid),0,0
6669,on_car,0,0
6670,skirt_under_dress,0,0
6671,very_wide_shot,0,0
6672,ice_skates,0,0
6673,ponytail_with_braided_base,0,0
6674,side_slit_shorts,0,0
6675,pennant,0,0
6676,blue_bandana,0,0
6677,lattice,0,0
6678,headless,0,0
6679,shiny_and_normal,0,0
6680,mechanization,0,0
6681,condensation,0,0
6682,hamaya,0,0
6683,hands_on_another's_thighs,0,0
6684,sparse_chest_hair,0,0
6685,holding_detached_head,0,0
6686,clapping,0,0
6687,holding_quill,0,0
6688,flower_hairpin,0,0
6689,yellow_gem,0,0
6690,haniwa_(statue),0,0
6691,saddle,0,0
6692,shell_necklace,0,0
6693,hat_over_one_eye,0,0
6694,holding_scroll,0,0
6695,diamond_(gemstone),0,0
6696,text_messaging,0,0
6697,ribbed_leotard,0,0
6698,wrist_wrap,0,0
6699,bartender,0,0
6700,accurate_lolita_coord,0,0
6701,covering_another's_mouth,0,0
6702,cropped_arms,0,0
6703,freediving,0,0
6704,scribble_censor,0,0
6705,paper_stack,0,0
6706,han'eri,0,0
6707,holding_lipstick_tube,0,0
6708,combat_boots,0,0
6709,levitation,0,0
6710,two-tone_boots,0,0
6711,outie_navel,0,0
6712,sequential,0,0
6713,fishnet_socks,0,0
6714,western_comics_(style),0,0
6715,balancing,0,0
6716,blonde_streaks,0,0
6717,sakugawa_school_uniform,0,0
6718,embroidery,0,0
6719,shirt_under_dress,0,0
6720,forced_orgasm,0,0
6721,knotted_penis,0,0
6722,silver_trim,0,0
6723,gills,0,0
6724,two-tone_horns,0,0
6725,holding_coin,0,0
6726,hand_in_another's_panties,0,0
6727,long_labia,0,0
6728,vocaloid_append,0,0
6729,yo-yo,0,0
6730,cracked_wall,0,0
6731,holding_candy_apple,0,0
6732,white_arm_warmers,0,0
6733,grimoire,0,0
6734,holding_person,0,0
6735,egg_hair_ornament,0,0
6736,shoulder_cannon,0,0
6737,huge_eyebrows,0,0
6738,roundel,0,0
6739,fanged_bangs,0,0
6740,red_hanfu,0,0
6741,cocktail,0,0
6742,blood_drip,0,0
6743,ear_wiggle,0,0
6744,facebook_username,0,0
6745,reaching_towards_another,0,0
6746,paint_splatter_on_face,0,0
6747,sukajan,0,0
6748,moth,0,0
6749,undead,0,0
6750,loaded_interior,0,0
6751,instrument_case_on_back,0,0
6752,honey,0,0
6753,climbing,0,0
6754,print_headwear,0,0
6755,cowboy_boots,0,0
6756,energy_beam,0,0
6757,inkwell,0,0
6758,uchikake,0,0
6759,holding_crepe,0,0
6760,uncommon_stimulation,0,0
6761,butter,0,0
6762,bandolier,0,0
6763,grocery_bag,0,0
6764,steampunk,0,0
6765,covering_one_eye,0,0
6766,yellow_headband,0,0
6767,hand_on_wall,0,0
6768,k/da_(league_of_legends),0,0
6769,huge_moon,0,0
6770,glowing_tattoo,0,0
6771,four-leaf_clover_hair_ornament,0,0
6772,purple_tabard,0,0
6773,torn_panties,0,0
6774,ass_support,0,0
6775,stitched_arm,0,0
6776,m1911,0,0
6777,drugs,0,0
6778,kishimen_hair,0,0
6779,impossible_swimsuit,0,0
6780,fluffy_tail,0,0
6781,thick_arms,0,0
6782,androgyne_symbol,0,0
6783,tentacle_in_mouth,0,0
6784,yordle,0,0
6785,cargo_pants,0,0
6786,dorsal_fin,0,0
6787,night_raven_college_school_uniform,0,0
6788,clown,0,0
6789,breasts_on_table,0,0
6790,white_bridal_gauntlets,0,0
6791,blue_wrist_cuffs,0,0
6792,exposed_pocket,0,0
6793,horned_mask,0,0
6794,blowing_bubbles,0,0
6795,heart_pendant,0,0
6796,hole_on_body,0,0
6797,cerise_bouquet,0,0
6798,opened_by_self,0,0
6799,antique_firearm,0,0
6800,slashing,0,0
6801,anchor_print,0,0
6802,holding_money,0,0
6803,hakurei_reimu_(cosplay),0,0
6804,long_ribbon,0,0
6805,crayon,0,0
6806,high-waist_pantyhose,0,0
6807,shopping,0,0
6808,honda,0,0
6809,shell_hair_ornament,0,0
6810,messenger_bag,0,0
6811,crotch_cutout,0,0
6812,gradient_legwear,0,0
6813,spanish_text,0,0
6814,wavy_eyes,0,0
6815,scar_on_shoulder,0,0
6816,seaweed,0,0
6817,papakha,0,0
6818,tropical_drink,0,0
6819,telescope,0,0
6820,head_on_chest,0,0
6821,fur-trimmed_thighhighs,0,0
6822,unitard,0,0
6823,hand_under_shirt,0,0
6824,orange_panties,0,0
6825,marshmallow_(site),0,0
6826,potato,0,0
6827,winged_heart,0,0
6828,belt_boots,0,0
6829,screwdriver,0,0
6830,hauchiwa,0,0
6831,unworn_swimsuit,0,0
6832,hat_on_back,0,0
6833,hard_hat,0,0
6834,mullet,0,0
6835,asahiyama_high_school_uniform,0,0
6836,sparkle_print,0,0
6837,nursing_handjob,0,0
6838,gradient_skin,0,0
6839,narration,0,0
6840,under_tree,0,0
6841,candy_wrapper,0,0
6842,native_american,0,0
6843,white_bandeau,0,0
6844,snow_leopard_tail,0,0
6845,tentacles_under_clothes,0,0
6846,purple_robe,0,0
6847,hands_on_ground,0,0
6848,two-tone_necktie,0,0
6849,warning_sign,0,0
6850,spoken_food,0,0
6851,eden_academy_school_uniform,0,0
6852,tegaki,0,0
6853,pickaxe,0,0
6854,saiyan_armor,0,0
6855,bicorne,0,0
6856,nejiri_hachimaki,0,0
6857,gag_harness,0,0
6858,\n/,0,0
6859,kimono_pull,0,0
6860,bag_of_chips,0,0
6861,fascinator,0,0
6862,\o/,0,0
6863,loose_shirt,0,0
6864,mira-cra_park!,0,0
6865,wing_brooch,0,0
6866,watermelon_bar,0,0
6867,raccoon,0,0
6868,hand_mirror,0,0
6869,comparison,0,0
6870,camcorder,0,0
6871,screenshot_background,0,0
6872,lyre,0,0
6873,penlight_(glowstick),0,0
6874,wrapped_candy,0,0
6875,soap_censor,0,0
6876,brown_panties,0,0
6877,smoking_barrel,0,0
6878,pink_outline,0,0
6879,cd,0,0
6880,pants_under_skirt,0,0
6881,aquarium,0,0
6882,holding_mop,0,0
6883,ojou-sama_pose,0,0
6884,captured,0,0
6885,frontal_wedgie,0,0
6886,like_and_retweet,0,0
6887,bandaid_on_forehead,0,0
6888,bus_stop,0,0
6889,hitodama_print,0,0
6890,hooded_dress,0,0
6891,pentacle,0,0
6892,donation_box,0,0
6893,in_cup,0,0
6894,2014,0,0
6895,blue_shawl,0,0
6896,yellow_pantyhose,0,0
6897,coconut,0,0
6898,barbed_wire,0,0
6899,untying,0,0
6900,apartment,0,0
6901,light_machine_gun,0,0
6902,spoiler_(automobile),0,0
6903,holding_skull,0,0
6904,spiked_ear_piercing,0,0
6905,light_areolae,0,0
6906,blind,0,0
6907,presenting_breasts,0,0
6908,ice_cream_float,0,0
6909,full-length_mirror,0,0
6910,holding_heart,0,0
6911,zabuton,0,0
6912,orange_cape,0,0
6913,musical_note_print,0,0
6914,detached_ahoge,0,0
6915,bass_clef,0,0
6916,teardrop_tattoo,0,0
6917,heart-shaped_lock,0,0
6918,age_regression,0,0
6919,glomp,0,0
6920,bamboo_broom,0,0
6921,half-spread_pussy,0,0
6922,aqua_hairband,0,0
6923,two-tone_halo,0,0
6924,high-low_dress,0,0
6925,in_palm,0,0
6926,yellow_cloak,0,0
6927,flaming_sword,0,0
6928,fanning_self,0,0
6929,convenience_store,0,0
6930,grey_bowtie,0,0
6931,italian_flag,0,0
6932,white_bonnet,0,0
6933,red_suit,0,0
6934,two-tone_legwear,0,0
6935,chalice,0,0
6936,bored,0,0
6937,sand_sculpture,0,0
6938,cleaver,0,0
6939,dithering,0,0
6940,grey_cat,0,0
6941,fish_boy,0,0
6942,condom_box,0,0
6943,aurora,0,0
6944,multiple_monochrome,0,0
6945,hands_on_another's_hips,0,0
6946,body_horror,0,0
6947,striped_hoodie,0,0
6948,aqua_kimono,0,0
6949,alternate_weapon,0,0
6950,holding_toy,0,0
6951,red_nose,0,0
6952,mat,0,0
6953,french_text,0,0
6954,fish_skeleton,0,0
6955,weibo_username,0,0
6956,race_fetishism,0,0
6957,emotionless_sex,0,0
6958,analogous_colors,0,0
6959,tengu,0,0
6960,jellyfish_cut,0,0
6961,holding_briefcase,0,0
6962,blood_on_leg,0,0
6963,homurabara_academy_school_uniform,0,0
6964,yarn_ball,0,0
6965,holding_mirror,0,0
6966,art_nouveau,0,0
6967,lactation_through_clothes,0,0
6968,propeller,0,0
6969,leash_pull,0,0
6970,swimsuit_cover-up,0,0
6971,clothes_between_thighs,0,0
6972,tapir_tail,0,0
6973,kesa,0,0
6974,red_tabard,0,0
6975,polka_dot_shirt,0,0
6976,hologram,0,0
6977,short-sleeved_sweater,0,0
6978,stitched_mouth,0,0
6979,gradient_horns,0,0
6980,4others,0,0
6981,green_sash,0,0
6982,hedgehog_boy,0,0
6983,crane_game,0,0
6984,coat_partially_removed,0,0
6985,pet_bowl,0,0
6986,mismatched_earrings,0,0
6987,person_and_animalization,0,0
6988,cum_on_legwear,0,0
6989,pencil_case,0,0
6990,dotted_background,0,0
6991,mouth_piercing,0,0
6992,chastity_cage,0,0
6993,holding_photo,0,0
6994,purple-framed_eyewear,0,0
6995,pinstripe_dress,0,0
6996,laundry,0,0
6997,sideways_hat,0,0
6998,archery,0,0
6999,crystal_ball,0,0
7000,green_armor,0,0
7001,hands_on_feet,0,0
7002,green_scrunchie,0,0
7003,brown_collar,0,0
7004,racecar,0,0
7005,striped_vest,0,0
7006,shrimp_tempura,0,0
7007,adoptive_parent_and_adoptive_child,0,0
7008,bird_print,0,0
7009,wrestling_ring,0,0
7010,umbrella_over_shoulder,0,0
7011,horn_ring,0,0
7012,sobu_high_school_uniform,0,0
7013,broken_weapon,0,0
7014,galaxy,0,0
7015,green_border,0,0
7016,dorsiflexion,0,0
7017,mutual_hug,0,0
7018,cheek_pull,0,0
7019,studded_choker,0,0
7020,lightsaber,0,0
7021,red_wine,0,0
7022,amplifier,0,0
7023,toga,0,0
7024,gradient_wings,0,0
7025,tulip_hat,0,0
7026,hunched_over,0,0
7027,red_corset,0,0
7028,decepticon,0,0
7029,orange_tank_top,0,0
7030,a_certain_high_school_uniform,0,0
7031,striped_fur,0,0
7032,blood_on_bandages,0,0
7033,symbolism,0,0
7034,invisible_floor,0,0
7035,pink_slippers,0,0
7036,white_sky,0,0
7037,red_mittens,0,0
7038,black_slingshot_swimsuit,0,0
7039,hand_on_table,0,0
7040,ready_to_draw,0,0
7041,golden_week,0,0
7042,polka_dot_skirt,0,0
7043,corn,0,0
7044,print_sleeves,0,0
7045,pump_action,0,0
7046,pursed_lips,0,0
7047,training_bra,0,0
7048,bikini_bottom_under_shorts,0,0
7049,plastic_bottle,0,0
7050,grey_flower,0,0
7051,hat_with_ears,0,0
7052,tennis_ball,0,0
7053,family_crest,0,0
7054,holding_skewer,0,0
7055,objectification,0,0
7056,eye_of_horus,0,0
7057,2013,0,0
7058,vibrator_in_thighhighs,0,0
7059,adoptive_siblings,0,0
7060,lower_eyelashes_only,0,0
7061,toilet_use,0,0
7062,half-siblings,0,0
7063,borderless_panels,0,0
7064,heart-shaped_gem,0,0
7065,riding_bicycle,0,0
7066,pigeon,0,0
7067,facing_up,0,0
7068,long_neck,0,0
7069,hair_dryer,0,0
7070,kikkoumon,0,0
7071,personality_switch,0,0
7072,new_school_swimsuit,0,0
7073,two-tone_sports_bra,0,0
7074,eldritch_abomination,0,0
7075,panicking,0,0
7076,glock,0,0
7077,zun_(style),0,0
7078,breastfeeding,0,0
7079,blue_jumpsuit,0,0
7080,pussy_juice_drip_through_clothes,0,0
7081,kissing_neck,0,0
7082,juxtaposition,0,0
7083,self_wedgie,0,0
7084,leather_armor,0,0
7085,portal_(object),0,0
7086,oda_uri,0,0
7087,lighthouse,0,0
7088,colorful_clouds,0,0
7089,bloodshot_eyes,0,0
7090,front-fastening_bra,0,0
7091,heckler_&_koch,0,0
7092,cross-laced_slit,0,0
7093,spoken_expression,0,0
7094,multiple_legs,0,0
7095,crazy,0,0
7096,toilet_paper,0,0
7097,pointing_forward,0,0
7098,flying_kick,0,0
7099,orange_pupils,0,0
7100,thighhighs_over_pantyhose,0,0
7101,swiss_roll,0,0
7102,covered_testicles,0,0
7103,arm_above_head,0,0
7104,open_bodysuit,0,0
7105,hanten_(clothes),0,0
7106,aqua_shoes,0,0
7107,amulet,0,0
7108,flower_bracelet,0,0
7109,brown_sash,0,0
7110,bindi,0,0
7111,affectionate,0,0
7112,black_bird,0,0
7113,gigantic_penis,0,0
7114,cat_ear_legwear,0,0
7115,purple_trim,0,0
7116,dirt,0,0
7117,shiny_legwear,0,0
7118,white_nightgown,0,0
7119,ghost_pose,0,0
7120,blue_umbrella,0,0
7121,grey_cloak,0,0
7122,cartoon_bone,0,0
7123,doily,0,0
7124,mole_on_arm,0,0
7125,black_babydoll,0,0
7126,snack,0,0
7127,houndstooth,0,0
7128,lizard,0,0
7129,crocodilian_tail,0,0
7130,curled_up,0,0
7131,print_shorts,0,0
7132,human_scabbard,0,0
7133,subscribestar_username,0,0
7134,holding_scepter,0,0
7135,lace-trimmed_shirt,0,0
7136,white_sarong,0,0
7137,chimera,0,0
7138,casting_spell,0,0
7139,alternate_species,0,0
7140,ear_protection,0,0
7141,half-skirt,0,0
7142,holding_magnifying_glass,0,0
7143,intestines,0,0
7144,side-tie_peek,0,0
7145,waist_ribbon,0,0
7146,arm_on_another's_shoulder,0,0
7147,teruterubouzu,0,0
7148,arthropod_boy,0,0
7149,wallet_chain,0,0
7150,brain,0,0
7151,pink_umbrella,0,0
7152,studded_bracelet,0,0
7153,groom,0,0
7154,arm_shield,0,0
7155,white_babydoll,0,0
7156,living_clothes,0,0
7157,mole_on_collarbone,0,0
7158,drawn_whiskers,0,0
7159,bishamonten's_pagoda,0,0
7160,fur_jacket,0,0
7161,shinda_sekai_sensen_uniform,0,0
7162,peony_(flower),0,0
7163,truth,0,0
7164,stone_stairs,0,0
7165,glowing_wings,0,0
7166,blood_bag,0,0
7167,grey_choker,0,0
7168,turtleneck_bodysuit,0,0
7169,off-shoulder_one-piece_swimsuit,0,0
7170,loving_aura,0,0
7171,holding_chain,0,0
7172,tongs,0,0
7173,smokestack_hair_ornament,0,0
7174,gyaruo,0,0
7175,deer_tail,0,0
7176,fiery_horns,0,0
7177,pinstripe_suit,0,0
7178,bullet_hole,0,0
7179,animal_on_arm,0,0
7180,boxcutter,0,0
7181,logo_parody,0,0
7182,number_print,0,0
7183,super_saiyan_4,0,0
7184,unzipping,0,0
7185,colorful_background,0,0
7186,kiwi_(fruit),0,0
7187,bowler_hat,0,0
7188,two-tone_sweater,0,0
7189,single_tear,0,0
7190,facing_down,0,0
7191,hair_vines,0,0
7192,holding_spatula,0,0
7193,spaghetti,0,0
7194,self_cosplay,0,0
7195,maid_day,0,0
7196,bridal_legwear,0,0
7197,above_clouds,0,0
7198,bo_staff,0,0
7199,title_parody,0,0
7200,wheat_field,0,0
7201,undersized_breast_cup,0,0
7202,hooded_vest,0,0
7203,food_bite,0,0
7204,procreate_(software),0,0
7205,double_vertical_stripe,0,0
7206,historical_name_connection,0,0
7207,hair_color_connection,0,0
7208,goat,0,0
7209,rocket,0,0
7210,object_in_pocket,0,0
7211,merchandise,0,0
7212,2012,0,0
7213,multicolored_flower,0,0
7214,beretta_92,0,0
7215,perfume_bottle,0,0
7216,looking_through_own_legs,0,0
7217,ar-15,0,0
7218,high_tops,0,0
7219,icho_private_high_school_uniform,0,0
7220,flying_fish,0,0
7221,thermometer,0,0
7222,...?,0,0
7223,child_carry,0,0
7224,bayonet,0,0
7225,futa_without_balls,0,0
7226,weightlifting,0,0
7227,holding_shovel,0,0
7228,long_earlobes,0,0
7229,martial_arts_belt,0,0
7230,hogwarts_school_uniform,0,0
7231,frilled_armband,0,0
7232,chest_guard,0,0
7233,chocolate_cake,0,0
7234,erect_clitoris,0,0
7235,uneven_twintails,0,0
7236,holding_glowstick,0,0
7237,traditional_chinese_text,0,0
7238,war,0,0
7239,knees_out_of_frame,0,0
7240,skirt_cutout,0,0
7241,print_necktie,0,0
7242,single_blush_sticker,0,0
7243,kourindou_tengu_costume,0,0
7244,mannequin,0,0
7245,clown_nose,0,0
7246,mitre,0,0
7247,kine,0,0
7248,biting_ear,0,0
7249,legs_over_head,0,0
7250,checkered_flag,0,0
7251,flower_in_mouth,0,0
7252,boar,0,0
7253,nipple_jewelry,0,0
7254,bad_perspective,0,0
7255,creature_focus,0,0
7256,nebula,0,0
7257,sprinkles,0,0
7258,green_headscarf,0,0
7259,infinity_symbol,0,0
7260,thick_lineart,0,0
7261,baseball_(object),0,0
7262,down_jacket,0,0
7263,bad_food,0,0
7264,pet,0,0
7265,fuuin_no_tsue,0,0
7266,art_brush,0,0
7267,bulletin_board,0,0
7268,bird_mask,0,0
7269,brick,0,0
7270,index_fingers_raised,0,0
7271,on_railing,0,0
7272,mast,0,0
7273,purple_border,0,0
7274,lying_on_lap,0,0
7275,ink_tank_(splatoon),0,0
7276,pushing,0,0
7277,blinking,0,0
7278,implied_kiss,0,0
7279,alice_(alice_in_wonderland)_(cosplay),0,0
7280,diving_mask_on_head,0,0
7281,duel_academy_uniform_(yu-gi-oh!_gx),0,0
7282,green_feathers,0,0
7283,taimanin_suit,0,0
7284,penises_touching,0,0
7285,back-seamed_legwear,0,0
7286,snake_earrings,0,0
7287,missile_pod,0,0
7288,pixelated,0,0
7289,waiter,0,0
7290,lollipop_in_mouth,0,0
7291,ear_scrunchie,0,0
7292,anchor_necklace,0,0
7293,mash_kyrielight_(dangerous_beast)_(cosplay),0,0
7294,huge_pectorals,0,0
7295,implied_fingering,0,0
7296,mouth_insertion,0,0
7297,wet_dress,0,0
7298,lowleg_pants,0,0
7299,facing_ahead,0,0
7300,vertical-striped_kimono,0,0
7301,koi,0,0
7302,fitness_gym,0,0
7303,red_track_suit,0,0
7304,plant_roots,0,0
7305,pink_tank_top,0,0
7306,facepalm,0,0
7307,penis_over_eyes,0,0
7308,star_pasties,0,0
7309,playstation_portable,0,0
7310,sparse_stubble,0,0
7311,implied_fellatio,0,0
7312,latex_legwear,0,0
7313,hand_on_own_ear,0,0
7314,labret_piercing,0,0
7315,hand_on_floor,0,0
7316,hat_belt,0,0
7317,nearly_naked_apron,0,0
7318,holding_sword_behind_back,0,0
7319,hedgehog,0,0
7320,blue_sarong,0,0
7321,gift_bag,0,0
7322,balding,0,0
7323,wakizashi,0,0
7324,eyelash_ornament,0,0
7325,untied_bikini_top,0,0
7326,purple_armor,0,0
7327,galaxy_team_survey_corps_uniform,0,0
7328,messy_room,0,0
7329,kissing_penis,0,0
7330,upshorts,0,0
7331,sweater_tucked_in,0,0
7332,hand_on_another's_ear,0,0
7333,ribbed_bodysuit,0,0
7334,two-finger_salute,0,0
7335,racerback,0,0
7336,post-apocalypse,0,0
7337,conductor_baton,0,0
7338,sticky_note,0,0
7339,inline_skates,0,0
7340,single_bridal_gauntlet,0,0
7341,bikini_bottom_pull,0,0
7342,holding_fish,0,0
7343,kabuto_(helmet),0,0
7344,nib_pen_(object),0,0
7345,monochrome_background,0,0
7346,star_of_david,0,0
7347,aroused_nosebleed,0,0
7348,adjusting_legwear,0,0
7349,vore,0,0
7350,glove_bow,0,0
7351,raimon,0,0
7352,reindeer,0,0
7353,flying_paper,0,0
7354,jacket_pull,0,0
7355,strap_lift,0,0
7356,white_pajamas,0,0
7357,wallet,0,0
7358,circle_facial_mark,0,0
7359,group_hug,0,0
7360,papers,0,0
7361,gem_(symbol),0,0
7362,hooded_bodysuit,0,0
7363,orange_jumpsuit,0,0
7364,bike_shorts_under_shorts,0,0
7365,toast_in_mouth,0,0
7366,multicolored_tail,0,0
7367,mochi_trail,0,0
7368,lipstick_mark_on_penis,0,0
7369,paper_crane,0,0
7370,sauna,0,0
7371,hanging_plant,0,0
7372,tearing_clothes,0,0
7373,ace_of_spades,0,0
7374,untied_shoelaces,0,0
7375,floating_island,0,0
7376,henshin,0,0
7377,clothes_tug,0,0
7378,vertical-striped_bikini,0,0
7379,hand_over_eye,0,0
7380,knife_sheath,0,0
7381,arm_cuffs,0,0
7382,hanging_light,0,0
7383,lord_camelot_(fate),0,0
7384,handstand,0,0
7385,on_roof,0,0
7386,king_(chess),0,0
7387,torn_bodystocking,0,0
7388,maneki-neko,0,0
7389,two-tone_kimono,0,0
7390,race_fetishism_symbol,0,0
7391,no_blindfold,0,0
7392,soccer,0,0
7393,excalibur_morgan_(fate),0,0
7394,multicolored_hoodie,0,0
7395,bear_costume,0,0
7396,melon,0,0
7397,disembodied_eye,0,0
7398,oohashi_high_school_uniform,0,0
7399,earth_federation,0,0
7400,mind_break,0,0
7401,seal_(animal),0,0
7402,storefront,0,0
7403,red_sports_bra,0,0
7404,colored_teeth,0,0
7405,panties_under_buruma,0,0
7406,spit_take,0,0
7407,single_bare_leg,0,0
7408,cum_in_container,0,0
7409,skeleton_print,0,0
7410,ass_peek,0,0
7411,white_garter_belt,0,0
7412,glowing_horns,0,0
7413,licking_armpit,0,0
7414,expressive_clothes,0,0
7415,easter,0,0
7416,single_boot,0,0
7417,dress_swimsuit,0,0
7418,cellphone_charm,0,0
7419,handprint,0,0
7420,theft,0,0
7421,peach_hat_ornament,0,0
7422,female_goblin,0,0
7423,two-tone_veil,0,0
7424,giant_monster,0,0
7425,rubber_gloves,0,0
7426,omikuji,0,0
7427,single_knee_pad,0,0
7428,food_on_breasts,0,0
7429,holding_newspaper,0,0
7430,skull_necklace,0,0
7431,paint_on_clothes,0,0
7432,long_horns,0,0
7433,cat_bag,0,0
7434,tuanshan,0,0
7435,ruffling_hair,0,0
7436,pornography_production,0,0
7437,stone,0,0
7438,bound_together,0,0
7439,lipstick_mark_on_face,0,0
7440,ben-day_dots,0,0
7441,changpao,0,0
7442,flak_jacket,0,0
7443,crotch_focus,0,0
7444,crocodilian,0,0
7445,face_between_breasts,0,0
7446,purple_cloak,0,0
7447,two-handed_handjob,0,0
7448,straitjacket,0,0
7449,sorcerer's_sutra_scroll,0,0
7450,hat_tassel,0,0
7451,sun_tattoo,0,0
7452,cuirass,0,0
7453,bean_bag_chair,0,0
7454,butterfly-shaped_pupils,0,0
7455,spell_card,0,0
7456,white_tiger,0,0
7457,wolf_costume,0,0
7458,2010,0,0
7459,german_flag,0,0
7460,acorn,0,0
7461,hand_in_own_panties,0,0
7462,anal_fluid,0,0
7463,tokyo_(city),0,0
7464,covering_another's_eyes,0,0
7465,color_contrast,0,0
7466,holding_whisk,0,0
7467,odd_one_out,0,0
7468,cat_on_shoulder,0,0
7469,zero_gravity,0,0
7470,panties_on_head,0,0
7471,pokemon_move,0,0
7472,green_ascot,0,0
7473,glaive_(polearm),0,0
7474,green_trim,0,0
7475,onmyouji,0,0
7476,polka_dot_swimsuit,0,0
7477,bus,0,0
7478,steak,0,0
7479,looking_at_hand,0,0
7480,rook_(chess),0,0
7481,shirt_overhang,0,0
7482,baby_bottle,0,0
7483,lightning_bolt_hair_ornament,0,0
7484,consensual_tentacles,0,0
7485,dawn,0,0
7486,misunderstanding,0,0
7487,fur_shawl,0,0
7488,grill,0,0
7489,solid_circle_pupils,0,0
7490,green_one-piece_swimsuit,0,0
7491,between_toes,0,0
7492,holding_legs,0,0
7493,self-harm_scar,0,0
7494,beans,0,0
7495,lifebuoy_hair_ornament,0,0
7496,plaid_panties,0,0
7497,guided_penetration,0,0
7498,striped_coat,0,0
7499,black_male_swimwear,0,0
7500,ear_chain,0,0
7501,jockstrap,0,0
7502,evangelion_(mecha),0,0
7503,electrical_outlet,0,0
7504,holding_toothbrush,0,0
7505,sugar_cube,0,0
7506,zora,0,0
7507,polaroid_photo,0,0
7508,pom_pom_earrings,0,0
7509,jaguar_tail,0,0
7510,marking_on_cheek,0,0
7511,green_streaks,0,0
7512,seatbelt,0,0
7513,bear_tail,0,0
7514,tools,0,0
7515,crosshatching,0,0
7516,nipple_rub,0,0
7517,holding_cross,0,0
7518,handsfree_paizuri,0,0
7519,rounded_corners,0,0
7520,sitting_on_table,0,0
7521,masochism,0,0
7522,green_robe,0,0
7523,ticket,0,0
7524,recorder,0,0
7525,multicolored_cape,0,0
7526,breast_padding,0,0
7527,multicolored_scarf,0,0
7528,peace_symbol,0,0
7529,lightning_bolt_print,0,0
7530,kono_lolicon_domome,0,0
7531,wading_pool,0,0
7532,holding_necklace,0,0
7533,duel_disk,0,0
7534,mole_on_shoulder,0,0
7535,dongtan_dress,0,0
7536,food_art,0,0
7537,cum_in_nose,0,0
7538,finger_to_another's_mouth,0,0
7539,splatter,0,0
7540,teeth_hold,0,0
7541,aria_company_uniform,0,0
7542,invisible_man,0,0
7543,checkered_shirt,0,0
7544,censored_text,0,0
7545,owl_ears,0,0
7546,half_crown_braid,0,0
7547,green_eyeshadow,0,0
7548,saiyan,0,0
7549,mob_face,0,0
7550,partial_humanization,0,0
7551,lute_(instrument),0,0
7552,watching_television,0,0
7553,hexagon_hair_ornament,0,0
7554,blue_haori,0,0
7555,hexagon_print,0,0
7556,ao_dai,0,0
7557,hammock,0,0
7558,puff_and_slash_sleeves,0,0
7559,chocobo,0,0
7560,license_plate,0,0
7561,cum_on_pussy,0,0
7562,white_tabard,0,0
7563,eye_print,0,0
7564,pinstripe_pants,0,0
7565,rhodes_island_logo_(arknights),0,0
7566,tag,0,0
7567,gerudo,0,0
7568,thermos,0,0
7569,warm_colored,0,0
7570,winged_heart_tattoo,0,0
7571,adidas,0,0
7572,broad_shoulders,0,0
7573,horn_flower,0,0
7574,military_dress_uniform,0,0
7575,multicolored_necktie,0,0
7576,vibrator_on_nipple,0,0
7577,tenshi_kaiwai,0,0
7578,dragging,0,0
7579,swim_cap,0,0
7580,stain,0,0
7581,holding_key,0,0
7582,bib,0,0
7583,marshmallow,0,0
7584,triple_penetration,0,0
7585,hand_on_headphones,0,0
7586,tentacles_on_male,0,0
7587,shinai,0,0
7588,star-shaped_eyewear,0,0
7589,onii-shota,0,0
7590,game_screenshot_background,0,0
7591,sailor_moon_redraw_challenge_(meme),0,0
7592,sports_panties,0,0
7593,nipple_clamps,0,0
7594,applying_own_makeup,0,0
7595,makeup_brush,0,0
7596,two-sided_cloak,0,0
7597,testicle_sucking,0,0
7598,cum_inflation,0,0
7599,one_ear_down,0,0
7600,blake_bloom_(wuthering_waves),0,0
7601,circled_9,0,0
7602,white_petals,0,0
7603,2011,0,0
7604,moon_phases,0,0
7605,grey_bag,0,0
7606,pastry_bag,0,0
7607,incoming_hug,0,0
7608,no_mole,0,0
7609,dollchestra,0,0
7610,horseshoe,0,0
7611,coat_dress,0,0
7612,wide_brim,0,0
7613,heart-shaped_eyes,0,0
7614,oversized_breast_cup,0,0
7615,gun_to_head,0,0
7616,merman,0,0
7617,propeller_fighter,0,0
7618,holding_plant,0,0
7619,infirmary,0,0
7620,clone_harem,0,0
7621,log_pose,0,0
7622,bee,0,0
7623,bathrobe,0,0
7624,kessoku_band,0,0
7625,white_day,0,0
7626,butterfly_ornament,0,0
7627,pegasus,0,0
7628,severed_limb,0,0
7629,muzzle_(mask),0,0
7630,keizoku_military_uniform,0,0
7631,object_floating_above_hand,0,0
7632,no_eyepatch,0,0
7633,holding_map,0,0
7634,hanetsuki,0,0
7635,biting_glove,0,0
7636,dog_penis,0,0
7637,arm_across_waist,0,0
7638,windmill,0,0
7639,licking_foot,0,0
7640,multi-strapped_panties,0,0
7641,peanut_mouth,0,0
7642,<o>_<o>,0,0
7643,cobblestone,0,0
7644,windowsill,0,0
7645,queen_(chess),0,0
7646,hairjob,0,0
7647,grenade_launcher,0,0
7648,print_haori,0,0
7649,monster_focus,0,0
7650,ribbon-trimmed_headwear,0,0
7651,kirin_(armor),0,0
7652,elbow_on_knee,0,0
7653,green_tea,0,0
7654,pixie_cut,0,0
7655,toilet_stall,0,0
7656,surrounded,0,0
7657,netnavi,0,0
7658,metamoran_vest,0,0
7659,clueless,0,0
7660,crescent_necklace,0,0
7661,naked_overalls,0,0
7662,motherly,0,0
7663,gold_circlet,0,0
7664,string_bra,0,0
7665,naturally_detached_hair,0,0
7666,anemo_symbol_(genshin_impact),0,0
7667,queen_of_spades_symbol,0,0
7668,ladybug,0,0
7669,unworn_backpack,0,0
7670,single_head_wing,0,0
7671,beam_cannon,0,0
7672,sadism,0,0
7673,traditional_clothes,0,0
7674,mithra_(ff11),0,0
7675,vertical-striped_sleeves,0,0
7676,tribal_tattoo,0,0
7677,forked_tail,0,0
7678,gingham_clothes,0,0
7679,bound_torso,0,0
7680,dragon_ears,0,0
7681,buruma_pull,0,0
7682,wall_of_text,0,0
7683,ankle_bow,0,0
7684,torn_coat,0,0
7685,floating_book,0,0
7686,gold_shoes,0,0
7687,happy_aura,0,0
7688,dress_ribbon,0,0
7689,diaper,0,0
7690,weasel_girl,0,0
7691,hole_in_chest,0,0
7692,wallpaper_(object),0,0
7693,crowbar,0,0
7694,lovestruck,0,0
7695,penis_on_ass,0,0
7696,tapir_ears,0,0
7697,tape_measure,0,0
7698,shimokitazawa_high_school_uniform,0,0
7699,diamond_earrings,0,0
7700,vertical-striped_socks,0,0
7701,hand_wraps,0,0
7702,vertical-striped_headwear,0,0
7703,rabbit_hat,0,0
7704,footwear_flower,0,0
7705,pink_headband,0,0
7706,griffin_&_kryuger_military_uniform,0,0
7707,character_signature,0,0
7708,masturbation_under_clothes,0,0
7709,frilled_wristband,0,0
7710,double_horizontal_stripe,0,0
7711,urban,0,0
7712,cat_costume,0,0
7713,storm,0,0
7714,bite_mark_on_neck,0,0
7715,height_chart,0,0
7716,saber_(weapon),0,0
7717,multiple_scoops,0,0
7718,sparkle_hair_ornament,0,0
7719,harp,0,0
7720,power_suit,0,0
7721,couter,0,0
7722,urethral_insertion,0,0
7723,porch,0,0
7724,blowing,0,0
7725,ornate_ring,0,0
7726,grey_apron,0,0
7727,satin,0,0
7728,parrot,0,0
7729,spiked_pauldrons,0,0
7730,kikumon,0,0
7731,kiyosumi_school_uniform,0,0
7732,cracked_glass,0,0
7733,aqua_bra,0,0
7734,blacked_female,0,0
7735,converse,0,0
7736,shorts_around_one_leg,0,0
7737,nanairogaoka_middle_school_uniform,0,0
7738,army,0,0
7739,white_pubic_hair,0,0
7740,scar_on_back,0,0
7741,floating_card,0,0
7742,grabbing_another's_sleeve,0,0
7743,eye_reflection,0,0
7744,pizza_box,0,0
7745,bishop_(chess),0,0
7746,nipple_pull,0,0
7747,anchor_choker,0,0
7748,nissin_cup_noodle,0,0
7749,bunching_hair,0,0
7750,whiteboard,0,0
7751,upshirt,0,0
7752,after_bathing,0,0
7753,policeman,0,0
7754,bagged_fish,0,0
7755,humping,0,0
7756,pier,0,0
7757,champion_uniform_(pokemon),0,0
7758,desi,0,0
7759,ivy,0,0
7760,amesuku_gyaru,0,0
7761,multicolored_hair_bobbles,0,0
7762,photorealistic,0,0
7763,wa_lolita,0,0
7764,sheikah,0,0
7765,leaf_hat_ornament,0,0
7766,white_tunic,0,0
7767,gold_tiara,0,0
7768,boy_sandwich,0,0
7769,fur_cloak,0,0
7770,between_pectorals,0,0
7771,ipod,0,0
7772,otaku,0,0
7773,ferret,0,0
7774,hashtag,0,0
7775,red_oni,0,0
7776,blade,0,0
7777,araki_hirohiko_(style),0,0
7778,ring_gag,0,0
7779,anemone_(flower),0,0
7780,glory_wall,0,0
7781,karaoke,0,0
7782,playing,0,0
7783,holding_pole,0,0
7784,color_timer,0,0
7785,dirty_feet,0,0
7786,pelt,0,0
7787,argyle_sweater,0,0
7788,aestus_estus,0,0
7789,saliva_on_penis,0,0
7790,blue_petals,0,0
7791,vanishing_point,0,0
7792,ketchup_bottle,0,0
7793,barefoot_sandals_(jewelry),0,0
7794,hospital,0,0
7795,veiny_hands,0,0
7796,cream_on_face,0,0
7797,cracked_floor,0,0
7798,nail_bat,0,0
7799,white_scales,0,0
7800,two-tone_shorts,0,0
7801,holding_pocky,0,0
7802,running_track,0,0
7803,brazilian_flag,0,0
7804,gold_thighlet,0,0
7805,white_rabbit_(animal),0,0
7806,aristocratic_clothes,0,0
7807,hair_flip,0,0
7808,sidelocks_tied_back,0,0
7809,ultra_ball,0,0
7810,salad,0,0
7811,fried_chicken,0,0
7812,frilled_umbrella,0,0
7813,maple_leaf_print,0,0
7814,orange_cat,0,0
7815,monkey_boy,0,0
7816,coin_hair_ornament,0,0
7817,sand_castle,0,0
7818,lace-trimmed_hairband,0,0
7819,hugging_tail,0,0
7820,drying_own_hair,0,0
7821,carrying_baby,0,0
7822,virgin_destroyer_sweater,0,0
7823,spreader_bar,0,0
7824,negative_space,0,0
7825,trophy,0,0
7826,wrist_cutting,0,0
7827,christmas_stocking,0,0
7828,hedgehog_girl,0,0
7829,overall_skirt,0,0
7830,brown_bra,0,0
7831,wizard,0,0
7832,rice_hat,0,0
7833,pineapple,0,0
7834,brown_neckerchief,0,0
7835,drum_(container),0,0
7836,pink_sweater_vest,0,0
7837,cyber_fashion,0,0
7838,onion,0,0
7839,chained_wrists,0,0
7840,nazi,0,0
7841,sitting_backwards,0,0
7842,energy_cannon,0,0
7843,tantou,0,0
7844,finger_counting,0,0
7845,ghost_hair_ornament,0,0
7846,puchimasu!_(style),0,0
7847,vertical_scroll_comic,0,0
7848,glitter,0,0
7849,spreading_own_anus,0,0
7850,good_end,0,0
7851,snowflake_background,0,0
7852,kamaboko,0,0
7853,puppy,0,0
7854,two-tone_wings,0,0
7855,copy_ability,0,0
7856,pink_hakama,0,0
7857,helmet_over_eyes,0,0
7858,hand_to_head,0,0
7859,sling_bikini_top,0,0
7860,croissant,0,0
7861,wet_towel,0,0
7862,noses_touching,0,0
7863,distortion,0,0
7864,materia,0,0
7865,polar_bear,0,0
7866,survey_corps_(emblem),0,0
7867,pravda_school_uniform,0,0
7868,simulated_fellatio,0,0
7869,head_on_head,0,0
7870,pilot,0,0
7871,animal_head,0,0
7872,elbow_on_table,0,0
7873,holding_swimsuit,0,0
7874,red_crown,0,0
7875,foam,0,0
7876,shopping_cart,0,0
7877,grave,0,0
7878,holding_shirt,0,0
7879,purple_hakama,0,0
7880,nintendo_ds,0,0
7881,print_sweater,0,0
7882,wanted_poster,0,0
7883,lipgloss,0,0
7884,right-to-left_comic,0,0
7885,dudou,0,0
7886,carousel,0,0
7887,aqua_shorts,0,0
7888,arm_pouch,0,0
7889,seal_impression,0,0
7890,triplets,0,0
7891,broken_mirror,0,0
7892,green_bandana,0,0
7893,fan_hair_ornament,0,0
7894,butterfly_sitting,0,0
7895,hand_grip,0,0
7896,public_use,0,0
7897,massage,0,0
7898,weasel_tail,0,0
7899,implied_after_sex,0,0
7900,popped_button,0,0
7901,folded_hair,0,0
7902,decapitation,0,0
7903,airship,0,0
7904,radish,0,0
7905,yellow_camisole,0,0
7906,checkered_hairband,0,0
7907,spiked_jacket,0,0
7908,nipple_indents,0,0
7909,brown_lips,0,0
7910,hand_on_railing,0,0
7911,stats,0,0
7912,cigarette_pack,0,0
7913,cola,0,0
7914,torn_cloak,0,0
7915,black_bandana,0,0
7916,red_bandeau,0,0
7917,playing_piano,0,0
7918,booth_seating,0,0
7919,milky_way,0,0
7920,camisole_lift,0,0
7921,single_fishnet_legwear,0,0
7922,ears_visible_through_hair,0,0
7923,in_heat,0,0
7924,corsage,0,0
7925,gem_hair_ornament,0,0
7926,posing,0,0
7927,breaking,0,0
7928,hands_on_another's_chest,0,0
7929,bluesky_username,0,0
7930,frontless_outfit,0,0
7931,sparrow,0,0
7932,rabbit_costume,0,0
7933,polka_dot_pajamas,0,0
7934,bandaged_fingers,0,0
7935,they_had_lots_of_sex_afterwards_(meme),0,0
7936,winged_shoes,0,0
7937,torn_wings,0,0
7938,broken_window,0,0
7939,year_of_the_horse,0,0
7940,wringing_clothes,0,0
7941,zodiac,0,0
7942,chrysanthemum,0,0
7943,2009,0,0
7944,holding_flask,0,0
7945,kimono_lift,0,0
7946,gold_belt,0,0
7947,kinchaku,0,0
7948,covering_ass,0,0
7949,dissolving,0,0
7950,pubic_stubble,0,0
7951,van,0,0
7952,shiny_swimsuit,0,0
7953,gunblade,0,0
7954,brown_flower,0,0
7955,rice_on_face,0,0
7956,hungry,0,0
7957,collared_shrug,0,0
7958,blue_pubic_hair,0,0
7959,vinyl_record,0,0
7960,holding_donut,0,0
7961,torture,0,0
7962,strawberry_cake,0,0
7963,inktober,0,0
7964,ganguro,0,0
7965,wedge_heels,0,0
7966,holding_gem,0,0
7967,giant_male,0,0
7968,abuse,0,0
7969,aqua_sleeves,0,0
7970,rising_sun_flag,0,0
7971,licking_ear,0,0
7972,holding_with_feet,0,0
7973,abandoned,0,0
7974,motoyui,0,0
7975,blood_from_forehead,0,0
7976,chakram,0,0
7977,mummy,0,0
7978,fidgeting,0,0
7979,red_butterfly,0,0
7980,pankou,0,0
7981,aqua_leotard,0,0
7982,aqua_skin,0,0
7983,hole,0,0
7984,crotch_zipper,0,0
7985,sheet_ghost,0,0
7986,black_jumpsuit,0,0
7987,movie_poster_(medium),0,0
7988,haramaki,0,0
7989,through_screen,0,0
7990,pill_earrings,0,0
7991,two-sided_skirt,0,0
7992,futasub,0,0
7993,cross-laced_legwear,0,0
7994,double_amputee,0,0
7995,bubble_tea_challenge,0,0
7996,sailor_senshi,0,0
7997,lime_(fruit),0,0
7998,crane_(animal),0,0
7999,scars_all_over,0,0
8000,stopwatch,0,0
8001,first_aid_kit,0,0
8002,menu_board,0,0
8003,victorian,0,0
8004,protecting,0,0
8005,tweaking_own_nipple,0,0
8006,plaid_ribbon,0,0
8007,double_\m/,0,0
8008,inseki,0,0
8009,hands_on_another's_ass,0,0
8010,stirrup_footwear,0,0
8011,unconventional_steed,0,0
8012,holding_lighter,0,0
8013,aqua_thighhighs,0,0
8014,medieval,0,0
8015,bandaid_on_neck,0,0
8016,whiskey,0,0
8017,beer_bottle,0,0
8018,gem_(steven_universe),0,0
8019,brown_mittens,0,0
8020,pink_track_suit,0,0
8021,torn_swimsuit,0,0
8022,hyena_boy,0,0
8023,scratching_head,0,0
8024,duckling,0,0
8025,game_boy,0,0
8026,transparent_censoring,0,0
8027,starry_hair,0,0
8028,reverse_fellatio,0,0
8029,stuffed_penguin,0,0
8030,cumdrip_from_penis,0,0
8031,white_jumpsuit,0,0
8032,stitched_torso,0,0
8033,red_shawl,0,0
8034,muzzle_flash,0,0
8035,year_of_the_rat,0,0
8036,sneezing,0,0
8037,math,0,0
8038,creature_on_head,0,0
8039,joestar_birthmark,0,0
8040,checkered_sash,0,0
8041,cum_on_pectorals,0,0
8042,animal_genitalia_on_humanoid,0,0
8043,hands_on_hilt,0,0
8044,poke_ball_theme,0,0
8045,clothesline,0,0
8046,pointy_shoes,0,0
8047,crawling,0,0
8048,beetle,0,0
8049,magical_boy,0,0
8050,checkered_dress,0,0
8051,poleyn,0,0
8052,folder,0,0
8053,guard_rail,0,0
8054,flag_background,0,0
8055,cool_colored,0,0
8056,grey_armor,0,0
8057,orange_leotard,0,0
8058,chessboard,0,0
8059,jolly_roger,0,0
8060,koishi_day,0,0
8061,underwear_writing,0,0
8062,scylla,0,0
8063,legband,0,0
8064,melon_bread,0,0
8065,player_2,0,0
8066,gathers,0,0
8067,baton_(weapon),0,0
8068,note,0,0
8069,minotaur,0,0
8070,radiation_symbol,0,0
8071,cat_mask,0,0
8072,checkered_bow,0,0
8073,meteor_shower,0,0
8074,cauldron,0,0
8075,male_underwear_pull,0,0
8076,meta,0,0
8077,strapless_one-piece_swimsuit,0,0
8078,armored_leotard,0,0
8079,roasted_sweet_potato,0,0
8080,konohagakure_shinobi_uniform,0,0
8081,covering_one_breast,0,0
8082,unworn_bikini,0,0
8083,meadow,0,0
8084,behind-the-head_headphones,0,0
8085,yellow_teeth,0,0
8086,greek_toe,0,0
8087,unworn_necktie,0,0
8088,star_wand,0,0
8089,licking_another's_neck,0,0
8090,character-themed_food,0,0
8091,fur_boots,0,0
8092,multiple_torii,0,0
8093,dvd_cover,0,0
8094,head_steam,0,0
8095,butterfly_brooch,0,0
8096,nissan,0,0
8097,braces,0,0
8098,long_scarf,0,0
8099,fender_stratocaster,0,0
8100,dressing_another,0,0
8101,starfish_hair_ornament,0,0
8102,black_bonnet,0,0
8103,male_underwear_peek,0,0
8104,jungle,0,0
8105,poppy_(flower),0,0
8106,sam_browne_belt,0,0
8107,jetpack,0,0
8108,blood_on_chest,0,0
8109,food_wrapper,0,0
8110,holly_hair_ornament,0,0
8111,holding_reins,0,0
8112,holding_another's_legs,0,0
8113,red_haori,0,0
8114,used_condom_on_penis,0,0
8115,saunders_military_uniform,0,0
8116,clothed_male_nude_male,0,0
8117,orange_coat,0,0
8118,arm_out_of_sleeve,0,0
8119,nihongami,0,0
8120,holding_rope,0,0
8121,aqua_flower,0,0
8122,ski_goggles,0,0
8123,blue_bird,0,0
8124,japan_national_police,0,0
8125,bridal_lingerie,0,0
8126,hands_on_another's_waist,0,0
8127,extra_faces,0,0
8128,two-sided_gloves,0,0
8129,back-print_panties,0,0
8130,green_helmet,0,0
8131,winged_halo,0,0
8132,braiding_hair,0,0
8133,little_red_riding_hood_(fairy_tale_character)_(cosplay),0,0
8134,josou_seme,0,0
8135,weapon_case,0,0
8136,isometric,0,0
8137,track_and_field,0,0
8138,night_vision_device,0,0
8139,ashtray,0,0
8140,combat_knife,0,0
8141,human_furniture,0,0
8142,glansjob,0,0
8143,elephant,0,0
8144,drugged,0,0
8145,body_switch,0,0
8146,black_overalls,0,0
8147,sickle,0,0
8148,full_cleavage,0,0
8149,pig_ears,0,0
8150,green_jumpsuit,0,0
8151,medium_sideburns,0,0
8152,angora_rabbit,0,0
8153,detached_hood,0,0
8154,orange_horns,0,0
8155,apron_lift,0,0
8156,polka_dot_ribbon,0,0
8157,cross-eyed,0,0
8158,alpaca_ears,0,0
8159,tickling_feet,0,0
8160,hands_on_own_legs,0,0
8161,holding_bra,0,0
8162,sophist's_robe_(ff14),0,0
8163,bc_freedom_military_uniform,0,0
8164,golf_club,0,0
8165,purple_bag,0,0
8166,lace_sleeves,0,0
8167,fur_choker,0,0
8168,single-shoulder_dress,0,0
8169,st._gloriana's_(emblem),0,0
8170,sports_bra_lift,0,0
8171,heart-shaped_ornament,0,0
8172,dark_cloud,0,0
8173,o-ring_one-piece_swimsuit,0,0
8174,holding_another's_horns,0,0
8175,ball_and_chain_restraint,0,0
8176,kaleidostick,0,0
8177,fur-trimmed_leotard,0,0
8178,casino,0,0
8179,cork,0,0
8180,holding_calligraphy_brush,0,0
8181,qixiong_ruqun,0,0
8182,ass-to-ass,0,0
8183,very_long_tongue,0,0
8184,skirt_flip,0,0
8185,cuff_links,0,0
8186,floating_neckwear,0,0
8187,see-through_sarong,0,0
8188,different_shadow,0,0
8189,arachne,0,0
8190,empire_waist,0,0
8191,webbed_hands,0,0
8192,h&k_ump,0,0
8193,broccoli,0,0
8194,sitting_on_branch,0,0
8195,holding_bass_guitar,0,0
8196,odaibako,0,0
8197,twintails_with_hair_base,0,0
8198,canopy_bed,0,0
8199,striped_pajamas,0,0
8200,bokken,0,0
8201,nata_(tool),0,0
8202,missing_tooth,0,0
8203,wrist_belt,0,0
8204,holding_bell,0,0
8205,cross-laced_skirt,0,0
8206,shield_on_back,0,0
8207,mutton_chops,0,0
8208,green_fire,0,0
8209,grey_camisole,0,0
8210,jacket_lift,0,0
8211,pink_sandals,0,0
8212,aqua_streaks,0,0
8213,foreplay,0,0
8214,pelvic_curtain_lift,0,0
8215,holding_egg,0,0
8216,calligraphy,0,0
8217,oversized_limbs,0,0
8218,smalldom,0,0
8219,surcoat,0,0
8220,butterfly_tattoo,0,0
8221,aviator_cap,0,0
8222,lead_pipe,0,0
8223,elevator,0,0
8224,emo_fashion,0,0
8225,swastika,0,0
8226,soft_serve,0,0
8227,clothed_robot,0,0
8228,mundane_made_awesome,0,0
8229,polka_dot_scrunchie,0,0
8230,dynamax,0,0
8231,heads-up_display,0,0
8232,sitting_on_shoulder,0,0
8233,mmm_threesome,0,0
8234,fist_bump,0,0
8235,very_long_beard,0,0
8236,huge_dildo,0,0
8237,mount_fuji,0,0
8238,smelling_clothes,0,0
8239,prank,0,0
8240,half-heart_hands,0,0
8241,shotgun_shell,0,0
8242,gothic_punk,0,0
8243,snow_rabbit,0,0
8244,valkyrie,0,0
8245,french_flag,0,0
8246,ero_guro,0,0
8247,falchion_(fire_emblem),0,0
8248,last_defense_academy_school_uniform,0,0
8249,dragonfly,0,0
8250,net,0,0
8251,kanba_girls_high_school_uniform,0,0
8252,tamagoyaki,0,0
8253,exercise_ball,0,0
8254,bandaid_on_head,0,0
8255,brown_ascot,0,0
8256,underpec,0,0
8257,nipple_cutout,0,0
8258,chihaya_(clothing),0,0
8259,searchlight,0,0
8260,animal_helmet,0,0
8261,public_restroom,0,0
8262,witch_(madoka_magica),0,0
8263,o-ring_harness,0,0
8264,against_fourth_wall,0,0
8265,otter,0,0
8266,tile_ceiling,0,0
8267,dock,0,0
8268,knives_between_fingers,0,0
8269,sewing,0,0
8270,glowing_flower,0,0
8271,implied_masturbation,0,0
8272,red_carpet,0,0
8273,skull_on_head,0,0
8274,pectoral_press,0,0
8275,bullying,0,0
8276,parka,0,0
8277,otter_ears,0,0
8278,soviet,0,0
8279,undersized_animal,0,0
8280,scale_armor,0,0
8281,flower_on_liquid,0,0
8282,united_states,0,0
8283,holding_menu,0,0
8284,star_guardian_(league_of_legends),0,0
8285,leopard_ears,0,0
8286,track_uniform,0,0
8287,yellow_sailor_collar,0,0
8288,crotchless_pantyhose,0,0
8289,hooded_track_jacket,0,0
8290,frozen,0,0
8291,out_of_character,0,0
8292,skirt_basket,0,0
8293,girly_boy,0,0
8294,akatsuki_uniform,0,0
8295,shrugging,0,0
8296,red_scales,0,0
8297,adjusting_scarf,0,0
8298,broken_mask,0,0
8299,jeweled_branch_of_hourai,0,0
8300,tucked_penis,0,0
8301,shirt_partially_tucked_in,0,0
8302,bikini_shorts,0,0
8303,trinity_general_school_logo,0,0
8304,toyota,0,0
8305,yin_yang_print,0,0
8306,stuffed_dog,0,0
8307,multiple_riders,0,0
8308,gokkun,0,0
8309,holding_marker,0,0
8310,white_bandana,0,0
8311,front-to-back,0,0
8312,butterfly_earrings,0,0
8313,on_innertube,0,0
8314,double_dildo,0,0
8315,bicycle_basket,0,0
8316,box_art,0,0
8317,nipple_chain,0,0
8318,catchphrase,0,0
8319,optical_sight,0,0
8320,how_to,0,0
8321,ass_shake,0,0
8322,gymnastics,0,0
8323,inflatable_raft,0,0
8324,toriyama_akira_(style),0,0
8325,orange_apron,0,0
8326,centipede,0,0
8327,monkey_girl,0,0
8328,grid,0,0
8329,hoyofair,0,0
8330,brush,0,0
8331,chess,0,0
8332,fluffy_clothes,0,0
8333,amusement_park,0,0
8334,see-through_panties,0,0
8335,clownfish,0,0
8336,murder,0,0
8337,blood_on_breasts,0,0
8338,green_scales,0,0
8339,persona_(summon),0,0
8340,self_hug,0,0
8341,blue_corset,0,0
8342,multiple_hair_clips,0,0
8343,mane,0,0
8344,kagami_mochi,0,0
8345,splattershot_(splatoon),0,0
8346,pagoda,0,0
8347,hand_on_own_crotch,0,0
8348,circle_formation,0,0
8349,naked_scarf,0,0
8350,crotch_grab,0,0
8351,stained_clothes,0,0
8352,glove_cutout,0,0
8353,testicle_grab,0,0
8354,wyvern,0,0
8355,wide_oval_eyes,0,0
8356,surfing,0,0
8357,scouter,0,0
8358,clothes,0,0
8359,holding_watering_can,0,0
8360,above-cleavage_cutout,0,0
8361,blood_on_neck,0,0
8362,kamiyama_high_school_uniform_(hyouka),0,0
8363,snow_leopard_girl,0,0
8364,aqua_pants,0,0
8365,horse_boy,0,0
8366,neo_zeon,0,0
8367,covered_pectorals,0,0
8368,holding_dog,0,0
8369,holding_spring_onion,0,0
8370,soap_bottle,0,0
8371,lowleg_skirt,0,0
8372,holding_torch,0,0
8373,tonfa,0,0
8374,lotus_leaf,0,0
8375,pitcher_(container),0,0
8376,broken_armor,0,0
8377,lap_pillow_invitation,0,0
8378,incense_burner,0,0
8379,fitting_room,0,0
8380,female_service_cap,0,0
8381,chocolate-covered_food,0,0
8382,billboard,0,0
8383,alternate_hair_ornament,0,0
8384,invisible,0,0
8385,strawberry_panties,0,0
8386,unworn_hair_ornament,0,0
8387,trigram,0,0
8388,cart,0,0
8389,listening_to_music,0,0
8390,fiery_wings,0,0
8391,holding_milk_carton,0,0
8392,leaf_umbrella,0,0
8393,white_rope,0,0
8394,widow's_peak,0,0
8395,unused_tire,0,0
8396,chikan,0,0
8397,snake_print,0,0
8398,undone_neck_ribbon,0,0
8399,p90,0,0
8400,unworn_jewelry,0,0
8401,red_star,0,0
8402,firelock,0,0
8403,jam,0,0
8404,suicide,0,0
8405,fire_on_chest,0,0
8406,odaiba_girls_high_school_uniform,0,0
8407,removing_jacket,0,0
8408,sauce,0,0
8409,candlelight,0,0
8410,hair_floating_upwards,0,0
8411,dogeza,0,0
8412,green_rose,0,0
8413,sad_smile,0,0
8414,cabbage,0,0
8415,dating,0,0
8416,green_outline,0,0
8417,holding_notepad,0,0
8418,holding_dumbbell,0,0
8419,chuunibyou,0,0
8420,temple,0,0
8421,two-tone_sleeves,0,0
8422,satin_panties,0,0
8423,raspberry,0,0
8424,decora,0,0
8425,red_wrist_cuffs,0,0
8426,gingerbread_man,0,0
8427,bandaged_foot,0,0
8428,tokisadame_school_uniform,0,0
8429,karate_gi,0,0
8430,crazy_straw,0,0
8431,pectoral_focus,0,0
8432,compression_shirt,0,0
8433,fruit_hat_ornament,0,0
8434,kotoyoro,0,0
8435,holding_club,0,0
8436,ambiguous_red_liquid,0,0
8437,pink_sclera,0,0
8438,bacon,0,0
8439,starting_future_(umamusume),0,0
8440,face_down,0,0
8441,emoticon,0,0
8442,pink_tulip,0,0
8443,horned_hat,0,0
8444,sharingan,0,0
8445,alternate_body_size,0,0
8446,frilled_straps,0,0
8447,yellow_petals,0,0
8448,water_lily_flower,0,0
8449,sabaton,0,0
8450,bear_hood,0,0
8451,living_room,0,0
8452,unworn_bikini_bottom,0,0
8453,holding_blanket,0,0
8454,varia_suit,0,0
8455,fishing_line,0,0
8456,rust,0,0
8457,pushing_away,0,0
8458,onbashira,0,0
8459,pokemon_team,0,0
8460,stitched_neck,0,0
8461,japan,0,0
8462,starlight_academy_school_uniform,0,0
8463,shared_earphones,0,0
8464,leaning_on_table,0,0
8465,vibrator_in_thigh_strap,0,0
8466,test_plugsuit_(evangelion),0,0
8467,vertical_foregrip,0,0
8468,cleft_chin,0,0
8469,bulging_eyes,0,0
8470,yellow_one-piece_swimsuit,0,0
8471,virtual_pet_(toy),0,0
8472,eel,0,0
8473,single_mechanical_eye,0,0
8474,screw_hair_ornament,0,0
8475,holding_with_tail,0,0
8476,step-siblings,0,0
8477,coffee_pot,0,0
8478,penguin_hood,0,0
8479,spines,0,0
8480,eyes_in_shadow,0,0
8481,wataboushi,0,0
8482,marriage_proposal,0,0
8483,laundry_basket,0,0
8484,canned_coffee,0,0
8485,hugging_book,0,0
8486,masquerade_mask,0,0
8487,shirt_around_waist,0,0
8488,ring_necklace,0,0
8489,unworn_shorts,0,0
8490,forced_smile,0,0
8491,multicolored_bowtie,0,0
8492,orange_gem,0,0
8493,large_horns,0,0
8494,stripper,0,0
8495,two-tone_tail,0,0
8496,x3,0,0
8497,model_kit,0,0
8498,clock_eyes,0,0
8499,anglerfish,0,0
8500,hands_in_pocket,0,0
8501,heisei_retro,0,0
8502,studded_collar,0,0
8503,christmas_wreath,0,0
8504,holding_mini_person,0,0
8505,thick_chest_hair,0,0
8506,covered_pussy,0,0
8507,tapir_girl,0,0
8508,war_hammer,0,0
8509,hypocrisy,0,0
8510,ear_birthmark,0,0
8511,glowing_hand,0,0
8512,rerebrace,0,0
8513,planet_hair_ornament,0,0
8514,bath_stool,0,0
8515,holding_breath,0,0
8516,ball_and_chain_(weapon),0,0
8517,moth_girl,0,0
8518,flower_hairband,0,0
8519,hololive_idol_uniform_(origin),0,0
8520,pumpkin_hat,0,0
8521,red_male_underwear,0,0
8522,handshake,0,0
8523,rural,0,0
8524,quadruple_amputee,0,0
8525,lying_on_water,0,0
8526,creature_on_shoulder,0,0
8527,keep_out,0,0
8528,anchor_ornament,0,0
8529,gold_collar,0,0
8530,nyan,0,0
8531,fleur_de_lapin_uniform,0,0
8532,latex_thighhighs,0,0
8533,cat_choker,0,0
8534,half-erect,0,0
8535,mole_above_eye,0,0
8536,microwave,0,0
8537,broken_eyewear,0,0
8538,paper_on_head,0,0
8539,amazon_position,0,0
8540,tea_set,0,0
8541,scratching_cheek,0,0
8542,camouflage_headwear,0,0
8543,squidbeak_splatoon,0,0
8544,brown_cat,0,0
8545,candelabra,0,0
8546,unworn_cape,0,0
8547,holding_handcuffs,0,0
8548,spade_hair_ornament,0,0
8549,black_hole,0,0
8550,fur-trimmed_bikini,0,0
8551,after_masturbation,0,0
8552,grey_ascot,0,0
8553,pawn_(chess),0,0
8554,red_camisole,0,0
8555,basketball_jersey,0,0
8556,caliburn_(fate),0,0
8557,green_collar,0,0
8558,mg42,0,0
8559,fingering_through_panties,0,0
8560,holding_surfboard,0,0
8561,carapace,0,0
8562,kitten,0,0
8563,stuffed_panda,0,0
8564,bridle,0,0
8565,mole_on_armpit,0,0
8566,ribbon-trimmed_bikini,0,0
8567,unworn_gag,0,0
8568,honeycomb_background,0,0
8569,green_pajamas,0,0
8570,covered_penetration,0,0
8571,measuring,0,0
8572,erlenmeyer_flask,0,0
8573,pointy_boots,0,0
8574,pilot_suit,0,0
8575,dollar_sign,0,0
8576,shirt_under_sweater,0,0
8577,contrast,0,0
8578,compass,0,0
8579,wagnaria_uniform,0,0
8580,oar,0,0
8581,dilation_tape,0,0
8582,pinching_own_belly,0,0
8583,pee_stain,0,0
8584,scalpel,0,0
8585,male_on_futa,0,0
8586,square,0,0
8587,backless_swimsuit,0,0
8588,tape_bondage,0,0
8589,volcano,0,0
8590,fern,0,0
8591,buruma_aside,0,0
8592,unworn_scarf,0,0
8593,hands_on_own_chin,0,0
8594,red_shrug,0,0
8595,taut_leotard,0,0
8596,orange_border,0,0
8597,race_bib,0,0
8598,animal_hair_ornament,0,0
8599,kamisato_clan_(emblem),0,0
8600,trash,0,0
8601,heart-shaped_hair,0,0
8602,golden_apple,0,0
8603,paper_texture,0,0
8604,spider_print,0,0
8605,wafer_stick,0,0
8606,armored_bodysuit,0,0
8607,low-cut_armhole,0,0
8608,knight_(chess),0,0
8609,purple_sweater_vest,0,0
8610,graduation,0,0
8611,bird_on_arm,0,0
8612,smartphone_case,0,0
8613,underlighting,0,0
8614,tri_braids,0,0
8615,accident,0,0
8616,arm_over_head,0,0
8617,riding_animal,0,0
8618,stuffed_winged_unicorn,0,0
8619,gao,0,0
8620,volleyball_net,0,0
8621,yellow_capelet,0,0
8622,white_slippers,0,0
8623,anzio_military_uniform,0,0
8624,battle_damage,0,0
8625,pink_butterfly,0,0
8626,keyblade,0,0
8627,crushing,0,0
8628,shihakusho,0,0
8629,animal_on_hand,0,0
8630,arcade_cabinet,0,0
8631,lipstick_ring,0,0
8632,fast_food_uniform,0,0
8633,midriff_sarashi,0,0
8634,toe_cleavage,0,0
8635,very_long_sidelocks,0,0
8636,holding_clothes_hanger,0,0
8637,band_uniform,0,0
8638,flirting,0,0
8639,dark_labia,0,0
8640,choke_hold,0,0
8641,locomotive,0,0
8642,broken_sword,0,0
8643,brown_robe,0,0
8644,micro_bra,0,0
8645,joy-con,0,0
8646,youtou_high_school_uniform,0,0
8647,themed_object,0,0
8648,kaname-ishi,0,0
8649,pearl_thong,0,0
8650,holding_candle,0,0
8651,hat_over_eyes,0,0
8652,aunt_and_niece,0,0
8653,sewing_needle,0,0
8654,hair_wings,0,0
8655,print_pants,0,0
8656,holding_another's_foot,0,0
8657,1970s_(style),0,0
8658,unconventional_sound_effect,0,0
8659,holy_quintet,0,0
8660,panties_under_shorts,0,0
8661,funnels_(gundam),0,0
8662,2b_(nier:automata)_(cosplay),0,0
8663,cast,0,0
8664,flat_screen_tv,0,0
8665,throwing_knife,0,0
8666,stiletto_(weapon),0,0
8667,see-through_curtains,0,0
8668,leggings_under_shorts,0,0
8669,hands_on_another's_back,0,0
8670,holding_chainsaw,0,0
8671,small_dragon,0,0
8672,tooth,0,0
8673,movie_theater,0,0
8674,cross-laced_bikini,0,0
8675,fingers_to_cheeks,0,0
8676,at_computer,0,0
8677,yellow_armor,0,0
8678,ass_tattoo,0,0
8679,cumdump,0,0
8680,covered_groin,0,0
8681,cassock,0,0
8682,strong,0,0
8683,brazilian_flag_print,0,0
8684,panzer_iv,0,0
8685,character_and_genderswap,0,0
8686,silver_dress,0,0
8687,facebook_logo,0,0
8688,holding_flower_pot,0,0
8689,urinal,0,0
8690,silver_skin,0,0
8691,bite_mark_on_shoulder,0,0
8692,ehoumaki,0,0
8693,summer_pockets_school_uniform,0,0
8694,brown_feathers,0,0
8695,gumroad_username,0,0
8696,magician,0,0
8697,playable_command_(touhou),0,0
8698,sprite,0,0
8699,ofuda_between_fingers,0,0
8700,adapted_uniform,0,0
8701,latex_leotard,0,0
8702,single-shoulder_shirt,0,0
8703,blue_scales,0,0
8704,monk,0,0
8705,toggles,0,0
8706,sky_lantern,0,0
8707,heart_hands_failure,0,0
8708,entangled,0,0
8709,hanami,0,0
8710,white_hakama,0,0
8711,awning,0,0
8712,ghost_girl,0,0
8713,leaf_earrings,0,0
8714,incoming_punch,0,0
8715,hair_between_horns,0,0
8716,reptile_boy,0,0
8717,flying_teardrops,0,0
8718,bust_cup,0,0
8719,classic_lolita,0,0
8720,brown_suit,0,0
8721,penis_shadow,0,0
8722,cutting,0,0
8723,walking_on_liquid,0,0
8724,floating_rock,0,0
8725,shirt_partially_removed,0,0
8726,fuurinkan_high_school_uniform,0,0
8727,warrior,0,0
8728,holding_binoculars,0,0
8729,village,0,0
8730,stained_sheets,0,0
8731,shoulder_guard,0,0
8732,balance_scale,0,0
8733,police_car,0,0
8734,muffin_top,0,0
8735,fruit_as_cup,0,0
8736,runny_nose,0,0
8737,female_butler,0,0
8738,spreading_another's_anus,0,0
8739,z_saber,0,0
8740,scar_on_tail,0,0
8741,ankle_wrap,0,0
8742,bonsai,0,0
8743,wrist_flower,0,0
8744,purple_apron,0,0
8745,detached_leggings,0,0
8746,market_stall,0,0
8747,nudist,0,0
8748,hakurei_shrine,0,0
8749,spiral,0,0
8750,heart_on_chest,0,0
8751,tree_horns,0,0
8752,pink_sports_bra,0,0
8753,green_sky,0,0
8754,design_speculation,0,0
8755,pixel_heart,0,0
8756,panda_hood,0,0
8757,martial_arts,0,0
8758,strawberry_slice,0,0
8759,heart_sticker,0,0
8760,happy_anniversary,0,0
8761,drowning,0,0
8762,military_rank_insignia,0,0
8763,scoop_neck,0,0
8764,liquid_halo,0,0
8765,raccoon_boy,0,0
8766,striped_one-piece_swimsuit,0,0
8767,cum_on_eyewear,0,0
8768,safety_glasses,0,0
8769,wheelbarrow,0,0
8770,taichou_haori,0,0
8771,vacuum_cleaner,0,0
8772,cash_register,0,0
8773,card_parody,0,0
8774,afterglow,0,0
8775,purple_armband,0,0
8776,sayagata,0,0
8777,fleur-de-lis,0,0
8778,electric_plug_tail,0,0
8779,paw_print_pattern,0,0
8780,thong_aside,0,0
8781,holding_sketchbook,0,0
8782,dragon_bean_(arknights),0,0
8783,hogtie,0,0
8784,commissioner_insert,0,0
8785,holographic_monitor,0,0
8786,pouty_lips,0,0
8787,thumbs_down,0,0
8788,armpit_hair_peek,0,0
8789,absolutely_everyone,0,0
8790,black_haori,0,0
8791,clothes_pin,0,0
8792,grey_sclera,0,0
8793,boutonniere,0,0
8794,fake_halo,0,0
8795,holding_jar,0,0
8796,sixteenth_note,0,0
8797,heropin,0,0
8798,slim_legs,0,0
8799,weapon_focus,0,0
8800,prison,0,0
8801,patterned,0,0
8802,disguise,0,0
8803,train_conductor,0,0
8804,melting_halo,0,0
8805,iridescent_clothes,0,0
8806,imperial_japanese_army,0,0
8807,exoskeleton,0,0
8808,selfie_stick,0,0
8809,armpit_sex,0,0
8810,purple_tank_top,0,0
8811,pumpkin_hair_ornament,0,0
8812,cock_ring,0,0
8813,digital_clock,0,0
8814,collared_halterneck,0,0
8815,congratulations,0,0
8816,bee_girl,0,0
8817,lazy_eye,0,0
8818,brown_serafuku,0,0
8819,tsuwabuki_high_school_uniform,0,0
8820,cow_ear_hairband,0,0
8821,beach_mat,0,0
8822,episode_number,0,0
8823,handjob_gesture,0,0
8824,dungeon,0,0
8825,holding_mace,0,0
8826,hook,0,0
8827,green_overalls,0,0
8828,fried_rice,0,0
8829,yumenosaki_school_uniform,0,0
8830,familiar,0,0
8831,crown_hair_ornament,0,0
8832,hooded_shrug,0,0
8833,super_saiyan_blue,0,0
8834,worldwide_miku,0,0
8835,wax_seal,0,0
8836,yellow_bandeau,0,0
8837,holding_carrot,0,0
8838,holomyth,0,0
8839,raimon_soccer_uniform,0,0
8840,prison_cell,0,0
8841,collar_tug,0,0
8842,diploma_tube,0,0
8843,nihonga,0,0
8844,prince,0,0
8845,tripod,0,0
8846,object_on_breast,0,0
8847,wing_ears,0,0
8848,yami_kawaii,0,0
8849,stitched_leg,0,0
8850,leopard_tail,0,0
8851,space_print,0,0
8852,blue_male_swimwear,0,0
8853,holding_above_head,0,0
8854,arm_on_table,0,0
8855,covered_clitoris,0,0
8856,coconut_tree,0,0
8857,plaid_shorts,0,0
8858,fake_video,0,0
8859,purple_pubic_hair,0,0
8860,cowgirl_(western),0,0
8861,holding_feather,0,0
8862,bikini_top_pull,0,0
8863,depressed,0,0
8864,l_hand,0,0
8865,racing_suit,0,0
8866,tart_(food),0,0
8867,wiping_mouth,0,0
8868,goat_tail,0,0
8869,holding_crossbow,0,0
8870,figure_four_sitting,0,0
8871,arrancar,0,0
8872,holding_comb,0,0
8873,black_vs_white,0,0
8874,star_balloon,0,0
8875,bathhouse,0,0
8876,luminosite_eternelle,0,0
8877,holding_crowbar,0,0
8878,fiery_tail,0,0
8879,sky_focus,0,0
8880,flower_trim,0,0
8881,cross_tattoo,0,0
8882,cat_on_lap,0,0
8883,side_up_ring,0,0
8884,rice_paddy,0,0
8885,european_architecture,0,0
8886,nintendo_3ds,0,0
8887,polka_dot_bowtie,0,0
8888,boulder,0,0
8889,curious,0,0
8890,peacock_feathers,0,0
8891,red_panda_ears,0,0
8892,joystick,0,0
8893,holding_another's_wrists,0,0
8894,jug_(bottle),0,0
8895,fallen_angel,0,0
8896,piano_keys,0,0
8897,ahoge_wag,0,0
8898,fur-tipped_tail,0,0
8899,adjusting_panties,0,0
8900,chili_pepper,0,0
8901,shoulder_plates,0,0
8902,hand_over_another's_mouth,0,0
8903,baking,0,0
8904,fat_rolls,0,0
8905,multitasking,0,0
8906,biting_neck,0,0
8907,japari_bun,0,0
8908,blue_mittens,0,0
8909,snow_globe,0,0
8910,obidome,0,0
8911,cloud_tattoo,0,0
8912,holding_pocket_watch,0,0
8913,shuangyaji,0,0
8914,black_hiphighs,0,0
8915,wreckage,0,0
8916,digital_dissolve,0,0
8917,hishaku,0,0
8918,aeug,0,0
8919,paint_can,0,0
8920,refraction,0,0
8921,shirt_bow,0,0
8922,white_dog,0,0
8923,battleship,0,0
8924,fingersmile,0,0
8925,pink_leg_warmers,0,0
8926,pyramid_(structure),0,0
8927,audio_jack,0,0
8928,cello,0,0
8929,hotpot,0,0
8930,brass_knuckles,0,0
8931,holding_paddle,0,0
8932,exploding_clothes,0,0
8933,"don't_say_""lazy""",0,0
8934,rash_guard,0,0
8935,worm,0,0
8936,oven,0,0
8937,playground,0,0
8938,grand_scale,0,0
8939,shark_fin,0,0
8940,plaid_bra,0,0
8941,frog_girl,0,0
8942,obese,0,0
8943,remembering,0,0
8944,long_toenails,0,0
8945,grabbing_another's_ear,0,0
8946,flamethrower,0,0
8947,vehicle_interior,0,0
8948,falling_flower,0,0
8949,multicolored_ribbon,0,0
8950,dark_room,0,0
8951,pregnancy_test,0,0
8952,travel_attendant,0,0
8953,power_connection,0,0
8954,tying,0,0
8955,holding_pastry_bag,0,0
8956,azumanga_daioh's_school_uniform,0,0
8957,asian_indian_clothes,0,0
8958,wood,0,0
8959,pet_food,0,0
8960,cardiogram,0,0
8961,penis_to_breast,0,0
8962,multiple_thigh_straps,0,0
8963,naked_tabard,0,0
8964,grey_outline,0,0
8965,breast_milk_in_container,0,0
8966,black_nightgown,0,0
8967,tsumami_kanzashi,0,0
8968,face_in_pillow,0,0
8969,grey_helmet,0,0
8970,closet,0,0
8971,bird_hair_ornament,0,0
8972,grey_robe,0,0
8973,floating_skull,0,0
8974,poker_table,0,0
8975,black_coat_(kingdom_hearts),0,0
8976,blood_on_wall,0,0
8977,tabby_cat,0,0
8978,cockroach,0,0
8979,baseball_jersey,0,0
8980,troll_face,0,0
8981,mud,0,0
8982,human_chair,0,0
8983,fur_bikini,0,0
8984,spiked_belt,0,0
8985,organs,0,0
8986,double_strap_slip,0,0
8987,block_heels,0,0
8988,prostration,0,0
8989,holding_baton,0,0
8990,magnet,0,0
8991,owl_girl,0,0
8992,foot_worship,0,0
8993,luna_nova_school_uniform,0,0
8994,flipped_bangs,0,0
8995,stomping,0,0
8996,towel_around_waist,0,0
8997,hidden_eyes,0,0
8998,red_tube_top,0,0
8999,gradient_tail,0,0
9000,penis_on_pussy,0,0
9001,triquetra,0,0
9002,tambourine,0,0
9003,gradient_halo,0,0
9004,gun_on_back,0,0
9005,vertical-striped_panties,0,0
9006,yaopei,0,0
9007,spoken_zzz,0,0
9008,flippers,0,0
9009,psychic,0,0
9010,heterochromatic_eyewear,0,0
9011,holding_pointer,0,0
9012,pov_across_bed,0,0
9013,lime_slice,0,0
9014,armbinder,0,0
9015,skating,0,0
9016,masu,0,0
9017,dark_areolae,0,0
9018,immobilization,0,0
9019,riyo_(lyomsnpmp)_(style),0,0
9020,high-visibility_clothing,0,0
9021,suspenders_slip,0,0
9022,multiple_hats,0,0
9023,guimpe,0,0
9024,wooden_bench,0,0
9025,shampoo_bottle,0,0
9026,unworn_eyepatch,0,0
9027,leopard_print_bikini,0,0
9028,downturned_eyes,0,0
9029,blue_male_underwear,0,0
9030,purple_headband,0,0
9031,holding_paint_palette,0,0
9032,genderswap_on_non-genderswap,0,0
9033,sitting_sideways,0,0
9034,paint_on_body,0,0
9035,mask_over_one_eye,0,0
9036,green_hood,0,0
9037,looking_at_flowers,0,0
9038,cupboard,0,0
9039,triangular_eyewear,0,0
9040,naked_cloak,0,0
9041,ray_gun,0,0
9042,team_9_(touhou),0,0
9043,extra_pupils,0,0
9044,yellow_sandals,0,0
9045,screen_light,0,0
9046,transverse_flute,0,0
9047,black_overskirt,0,0
9048,blue_shrug,0,0
9049,yellow_visor_cap,0,0
9050,shippou_(pattern),0,0
9051,wind_turbine,0,0
9052,grey_eyeshadow,0,0
9053,bell_earrings,0,0
9054,m16,0,0
9055,flower_over_mouth,0,0
9056,kariyushi_shirt,0,0
9057,throat_microphone,0,0
9058,fur_cuffs,0,0
9059,covering_with_blanket,0,0
9060,batman_symbol,0,0
9061,mask_lift,0,0
9062,small_chastity_cage,0,0
9063,single_mechanical_hand,0,0
9064,arms_around_another's_back,0,0
9065,chocolate_making,0,0
9066,yellow_sports_bra,0,0
9067,ribbon-trimmed_shirt,0,0
9068,penis_in_panties,0,0
9069,energy_blade,0,0
9070,squeezing,0,0
9071,diorama,0,0
9072,high_five,0,0
9073,green_assault_visor,0,0
9074,railroad_crossing,0,0
9075,plant_hair,0,0
9076,bipod,0,0
9077,voile,0,0
9078,print_apron,0,0
9079,wok,0,0
9080,tomato_slice,0,0
9081,orca_girl,0,0
9082,foot_dangle,0,0
9083,z-ring,0,0
9084,virgin_killer_outfit,0,0
9085,memosprite,0,0
9086,teardrop-framed_glasses,0,0
9087,chaldea_staff_uniform,0,0
9088,tuxedo_cat,0,0
9089,gigantamax,0,0
9090,table_humping,0,0
9091,bite_mark_on_breast,0,0
9092,orange_bra,0,0
9093,red_pubic_hair,0,0
9094,cryokinesis,0,0
9095,aqua_scarf,0,0
9096,ruining_the_glorious_moment,0,0
9097,v-taper,0,0
9098,implied_pregnancy,0,0
9099,plumeria,0,0
9100,tooth_earrings,0,0
9101,fireball,0,0
9102,large_syringe,0,0
9103,transparent_border,0,0
9104,menacing_(jojo),0,0
9105,xiangyun,0,0
9106,shared_object_insertion,0,0
9107,furisode_sleeves,0,0
9108,desert_eagle,0,0
9109,heart-shaped_boob_challenge,0,0
9110,spiked_armor,0,0
9111,pinstripe_skirt,0,0
9112,blowing_smoke,0,0
9113,bolt_(hardware),0,0
9114,alternate_wings,0,0
9115,food_packaging,0,0
9116,concrete,0,0
9117,fox_hair_ornament,0,0
9118,italian_text,0,0
9119,clothes_on_floor,0,0
9120,one-piece_thong,0,0
9121,chest_tuft,0,0
9122,orange_sash,0,0
9123,fruit_on_head,0,0
9124,kappa,0,0
9125,futanari_pov,0,0
9126,snake_tattoo,0,0
9127,picnic_blanket,0,0
9128,striped_hat,0,0
9129,reverse_spitroast,0,0
9130,vehicle_and_personification,0,0
9131,waving_arms,0,0
9132,aqua_vest,0,0
9133,food_name,0,0
9134,cowboy,0,0
9135,narutomaki,0,0
9136,fish_tank,0,0
9137,holding_mallet,0,0
9138,book_on_lap,0,0
9139,mtu_virus,0,0
9140,purple_sclera,0,0
9141,pendant_collar,0,0
9142,print_scarf,0,0
9143,fishnet_bodystocking,0,0
9144,elvaan,0,0
9145,vertical-striped_vest,0,0
9146,musket,0,0
9147,sailor_swimsuit_(idolmaster),0,0
9148,print_sarong,0,0
9149,bralines,0,0
9150,iridescent,0,0
9151,on_scooter,0,0
9152,camera_around_neck,0,0
9153,school_of_fish,0,0
9154,black_unitard,0,0
9155,tank_turret,0,0
9156,sheep_tail,0,0
9157,holding_hair_brush,0,0
9158,ai-generated_art_(topic),0,0
9159,mole_on_pussy,0,0
9160,season_connection,0,0
9161,asymmetrical_pants,0,0
9162,needle_(hollow_knight),0,0
9163,arms_on_knees,0,0
9164,mismatched_thighhighs,0,0
9165,bamboo_shoot,0,0
9166,translucent_bunnysuit,0,0
9167,pose_imitation,0,0
9168,mini_chef_hat,0,0
9169,crosshair_pupils,0,0
9170,swirl,0,0
9171,cutout_eyelashes,0,0
9172,head_between_thighs,0,0
9173,hisuian_poke_ball,0,0
9174,cyrillic,0,0
9175,egg_laying,0,0
9176,strapless_bottom,0,0
9177,hat_bell,0,0
9178,tengu_mask,0,0
9179,telstar,0,0
9180,holding_hair_dryer,0,0
9181,party,0,0
9182,animal_around_neck,0,0
9183,dry_humping,0,0
9184,cleaning_rag,0,0
9185,hawk,0,0
9186,pravda_military_uniform,0,0
9187,tickling_armpits,0,0
9188,censored_with_cum,0,0
9189,credits,0,0
9190,applying_another's_makeup,0,0
9191,chi-hatan_military_uniform,0,0
9192,watching,0,0
9193,ashford_academy_school_uniform,0,0
9194,yellow_bandana,0,0
9195,alcohol_carton,0,0
9196,dim_lighting,0,0
9197,animal_sexualization,0,0
9198,mundane_utility,0,0
9199,triangle-shaped_pupils,0,0
9200,orange_sclera,0,0
9201,frilled_bonnet,0,0
9202,bandages_over_clothes,0,0
9203,comedic_sweatdrop,0,0
9204,game_development_department_(blue_archive),0,0
9205,ears_through_hood,0,0
9206,high-visibility_vest,0,0
9207,leaf_background,0,0
9208,crack_of_light,0,0
9209,gradient_skirt,0,0
9210,fist_pump,0,0
9211,toddlercon,0,0
9212,bead_choker,0,0
9213,bent_over_furniture,0,0
9214,walker_(robot),0,0
9215,implied_extra_ears,0,0
9216,radar_hair_ornament,0,0
9217,layered_gloves,0,0
9218,horned_hood,0,0
9219,toe_seam,0,0
9220,heart_ear_ornament,0,0
9221,mechanic,0,0
9222,black_headdress,0,0
9223,breast_strap,0,0
9224,gradient_kimono,0,0
9225,on_stairs,0,0
9226,on_boat,0,0
9227,green_serafuku,0,0
9228,holding_cookie,0,0
9229,dissolving_clothes,0,0
9230,licking_breast,0,0
9231,undersuit,0,0
9232,holding_own_foot,0,0
9233,animal_with_hair,0,0
9234,orca,0,0
9235,cue_stick,0,0
9236,sanbaka_(nijisanji),0,0
9237,whip_marks,0,0
9238,phoenix,0,0
9239,pin,0,0
9240,blood_halo,0,0
9241,pantyhose_under_swimsuit,0,0
9242,armored_skirt,0,0
9243,band_(music),0,0
9244,front-seamed_legwear,0,0
9245,uncle_and_niece,0,0
9246,grimoire_of_alice,0,0
9247,brown_pubic_hair,0,0
9248,finger_tattoo,0,0
9249,hand_on_another's_knee,0,0
9250,cute_&_girly_(idolmaster),0,0
9251,coin_purse,0,0
9252,pink_fire,0,0
9253,hair_between_breasts,0,0
9254,arms_on_table,0,0
9255,in_bathtub,0,0
9256,fluorescent_lamp,0,0
9257,deviantart_logo,0,0
9258,pickup_truck,0,0
9259,fakemon,0,0
9260,fusuma,0,0
9261,muffin,0,0
9262,ribbon-trimmed_capelet,0,0
9263,canteen,0,0
9264,no_hair_ornament,0,0
9265,film_strip,0,0
9266,blue_blood,0,0
9267,lace-trimmed_collar,0,0
9268,kanshou_&_bakuya_(fate),0,0
9269,catsuit,0,0
9270,hieroglyphics,0,0
9271,thick_arm_hair,0,0
9272,dirt_road,0,0
9273,namekian,0,0
9274,footwear_focus,0,0
9275,anal_only,0,0
9276,short_sideburns,0,0
9277,mizu_happi,0,0
9278,can't_choose_your_own_family,0,0
9279,fading,0,0
9280,price_tag,0,0
9281,cloud_hair_ornament,0,0
9282,casing_ejection,0,0
9283,mojyo,0,0
9284,playing_with_another's_hair,0,0
9285,zipper_dress,0,0
9286,quad_braids,0,0
9287,pinstripe_vest,0,0
9288,green_tongue,0,0
9289,feet_only,0,0
9290,orange_juice,0,0
9291,tarot_card,0,0
9292,food_on_hand,0,0
9293,floating_sword,0,0
9294,fake_claws,0,0
9295,yellow_mask,0,0
9296,sainan_high_school_uniform,0,0
9297,finger_sucking,0,0
9298,cupless_bikini,0,0
9299,dragon_tattoo,0,0
9300,iron_bars,0,0
9301,manta_ray,0,0
9302,aqua_sailor_collar,0,0
9303,vehicle_name,0,0
9304,white_haori,0,0
9305,announcement_celebration,0,0
9306,nippleless_clothes,0,0
9307,presenting_removed_panties,0,0
9308,cross-body_stretch,0,0
9309,cutie_mark,0,0
9310,groceries,0,0
9311,ribbon_earrings,0,0
9312,nanodesu_(phrase),0,0
9313,stage_curtains,0,0
9314,cuisses,0,0
9315,tit_(bird),0,0
9316,asymmetrical_arms,0,0
9317,weights,0,0
9318,piledriver_(sex),0,0
9319,poking_another's_breast,0,0
9320,cherry_print,0,0
9321,lolidom,0,0
9322,school_gym,0,0
9323,amazon_warrior,0,0
9324,wall_lamp,0,0
9325,breaker_gorgon,0,0
9326,taut_swimsuit,0,0
9327,convertible,0,0
9328,covering_own_ears,0,0
9329,mortarboard,0,0
9330,ambrosia_(dungeon_meshi),0,0
9331,species_connection,0,0
9332,blob,0,0
9333,heavy,0,0
9334,excessive_pussy_juice,0,0
9335,tall_grass,0,0
9336,shinigami,0,0
9337,misaki_high_school_uniform,0,0
9338,dinosaur_tail,0,0
9339,kousaka_kirino's_school_uniform,0,0
9340,banana_peel,0,0
9341,orange_bandana,0,0
9342,wrong_foot,0,0
9343,assisted_rape,0,0
9344,clothes_theft,0,0
9345,purple_arm_warmers,0,0
9346,la_grondement_du_haine,0,0
9347,sway_back,0,0
9348,tape_on_nipples,0,0
9349,grey_one-piece_swimsuit,0,0
9350,x_fingers,0,0
9351,binary,0,0
9352,smelling_penis,0,0
9353,knee_blush,0,0
9354,wiping,0,0
9355,minigun,0,0
9356,food-themed_creature,0,0
9357,imminent_hug,0,0
9358,:c,0,0
9359,translucent,0,0
9360,diving,0,0
9361,washing_hair,0,0
9362,pubic_tattoo_visible_through_clothes,0,0
9363,major_injury_underreaction,0,0
9364,halter_leotard,0,0
9365,rainbow_background,0,0
9366,wet_skirt,0,0
9367,wireless_earphones,0,0
9368,duct_tape,0,0
9369,rei_no_pool,0,0
9370,stuffed_bird,0,0
9371,transmission_tower,0,0
9372,grilling,0,0
9373,implied_cunnilingus,0,0
9374,unworn_goggles,0,0
9375,weapon_bag,0,0
9376,mistletoe,0,0
9377,inconvenient_breasts,0,0
9378,leg_cutout,0,0
9379,torn_socks,0,0
9380,cherry_tomato,0,0
9381,5others,0,0
9382,skeletal_hand,0,0
9383,country_connection,0,0
9384,skeletal_arm,0,0
9385,camera_flash,0,0
9386,ainu,0,0
9387,plaid_lapels,0,0
9388,jaguar_girl,0,0
9389,shamoji,0,0
9390,dream_soul,0,0
9391,mini_witch_hat,0,0
9392,nightstand,0,0
9393,2005,0,0
9394,yellow_tulip,0,0
9395,winged_bag,0,0
9396,neon_palette,0,0
9397,purple_hood,0,0
9398,bruised_eye,0,0
9399,fortified_suit,0,0
9400,rosary,0,0
9401,liquor,0,0
9402,halfling,0,0
9403,sexual_coaching,0,0
9404,sky_print,0,0
9405,hand_on_own_penis,0,0
9406,variable_fighter,0,0
9407,standard_bearer,0,0
9408,colored_blindfold,0,0
9409,holding_whistle,0,0
9410,holding_another's_tail,0,0
9411,flintlock,0,0
9412,hair_over_face,0,0
9413,mansion,0,0
9414,missing_eye,0,0
9415,floral_print_shirt,0,0
9416,hand_on_own_hat,0,0
9417,crisis_management_form_(machikado_mazoku),0,0
9418,texture,0,0
9419,grabbing_another's_face,0,0
9420,dodging,0,0
9421,motosu_school_uniform,0,0
9422,symmetrical_pose,0,0
9423,plaid_sleeves,0,0
9424,arcade,0,0
9425,brown-tinted_eyewear,0,0
9426,unkempt,0,0
9427,penis_measuring,0,0
9428,panda_hair_ornament,0,0
9429,wet_face,0,0
9430,alternate_pectoral_size,0,0
9431,rattle,0,0
9432,mascot_costume,0,0
9433,gesugao,0,0
9434,fender_jazz_bass,0,0
9435,licking_testicle,0,0
9436,gold_bra,0,0
9437,hanafuda_earrings,0,0
9438,arguing,0,0
9439,sukeban,0,0
9440,single_bare_arm,0,0
9441,bus_interior,0,0
9442,felyne,0,0
9443,shared_blanket,0,0
9444,asahi_breweries,0,0
9445,primarch,0,0
9446,barbell,0,0
9447,eclipse,0,0
9448,bell-bottoms,0,0
9449,zebra_print,0,0
9450,holding_polearm_behind_back,0,0
9451,two-tone_mask,0,0
9452,see-through_thighhighs,0,0
9453,camouflage_shirt,0,0
9454,pussy_juice_on_fingers,0,0
9455,collared_leotard,0,0
9456,igote,0,0
9457,fiery_background,0,0
9458,evoker,0,0
9459,front-hook_bra,0,0
9460,see-through_one-piece_swimsuit,0,0
9461,comet,0,0
9462,lance_of_longinus_(evangelion),0,0
9463,laguz_(fire_emblem),0,0
9464,music,0,0
9465,eye_symbol,0,0
9466,print_socks,0,0
9467,zenra,0,0
9468,panty_lift,0,0
9469,sounding,0,0
9470,hair_over_one_breast,0,0
9471,cardigan_under_jacket,0,0
9472,skull_hat_ornament,0,0
9473,beaker,0,0
9474,hyena_tail,0,0
9475,hooded_shirt,0,0
9476,unworn_pants,0,0
9477,ass_press,0,0
9478,o-ring_collar,0,0
9479,map_(object),0,0
9480,kickboard,0,0
9481,dusk_ball,0,0
9482,animal-themed_food,0,0
9483,whip_sword,0,0
9484,black_bustier,0,0
9485,double_exposure,0,0
9486,bandana_around_arm,0,0
9487,silver_bracelet,0,0
9488,cow_costume,0,0
9489,mimic,0,0
9490,action,0,0
9491,chest_eye,0,0
9492,folded_clothes,0,0
9493,screw_in_head,0,0
9494,static,0,0
9495,cross-laced_cutout,0,0
9496,smeared_lipstick,0,0
9497,glasgow_smile,0,0
9498,holding_cigar,0,0
9499,hanging_scroll,0,0
9500,w_over_eye,0,0
9501,seisho_music_academy_school_uniform,0,0
9502,shoulder_patch,0,0
9503,chocolate_syrup,0,0
9504,priestess,0,0
9505,holding_handkerchief,0,0
9506,tentacle_girl,0,0
9507,sextuplets,0,0
9508,yellow_pajamas,0,0
9509,flower_basket,0,0
9510,lifeguard,0,0
9511,visual_novel,0,0
9512,cum_through_clothes,0,0
9513,suimei_academy_school_uniform,0,0
9514,grabbing_another's_thighs,0,0
9515,food_insertion,0,0
9516,error_message,0,0
9517,untied_bikini_bottom,0,0
9518,black_sarong,0,0
9519,boxing,0,0
9520,ligne_claire,0,0
9521,tied_ears,0,0
9522,severed_hair,0,0
9523,smegma,0,0
9524,yellow_umbrella,0,0
9525,holding_orb,0,0
9526,cute_weapon,0,0
9527,blue_hanfu,0,0
9528,paizuri_invitation,0,0
9529,person_on_head,0,0
9530,flattop,0,0
9531,sun_earrings,0,0
9532,on_water,0,0
9533,chocolate_on_face,0,0
9534,japan_self-defense_force,0,0
9535,yumi_(bow),0,0
9536,mutual_masturbation,0,0
9537,cosmos_(flower),0,0
9538,incoming_kiss,0,0
9539,hook_hand,0,0
9540,stahlhelm,0,0
9541,2008,0,0
9542,face_in_ass,0,0
9543,blue_mask,0,0
9544,purple_outline,0,0
9545,hairstyle_switch,0,0
9546,white_slingshot_swimsuit,0,0
9547,maracas,0,0
9548,flaming_hand,0,0
9549,puzzle_piece,0,0
9550,pussy_focus,0,0
9551,rabbit_on_head,0,0
9552,shuriken_hair_ornament,0,0
9553,gradient_jacket,0,0
9554,covered_anus,0,0
9555,hand_milking,0,0
9556,cross-laced_corset,0,0
9557,on_rooftop,0,0
9558,torn_bike_shorts,0,0
9559,st._chronica_academy_school_uniform,0,0
9560,peony_print,0,0
9561,square_pupils,0,0
9562,rhine_lab_logo,0,0
9563,on_box,0,0
9564,pillory,0,0
9565,unworn_thighhighs,0,0
9566,saunders_school_uniform,0,0
9567,hip_armor,0,0
9568,flailing,0,0
9569,brown_shawl,0,0
9570,toothpick,0,0
9571,hope's_peak_academy_school_uniform,0,0
9572,original_race_uniform_(umamusume),0,0
9573,train_station_platform,0,0
9574,kiwi_slice,0,0
9575,kyuudou,0,0
9576,flower_focus,0,0
9577,balaclava,0,0
9578,iv_stand,0,0
9579,yakisoba,0,0
9580,rearing,0,0
9581,trapped,0,0
9582,snow_leopard_boy,0,0
9583,revealing_layer,0,0
9584,hololive_idol_uniform_(bright),0,0
9585,crossed_wrists,0,0
9586,orange_trim,0,0
9587,melon_soda,0,0
9588,lifebuoy_ornament,0,0
9589,penis_tentacle,0,0
9590,holding_shower_head,0,0
9591,applying_lipstick,0,0
9592,recurring_image,0,0
9593,kadomatsu,0,0
9594,tile_roof,0,0
9595,2007,0,0
9596,hand_blush,0,0
9597,holding_own_wrist,0,0
9598,diamond_facial_mark,0,0
9599,sketch_background,0,0
9600,ak-47,0,0
9601,pendant_watch,0,0
9602,retrofuturism,0,0
9603,drawn_wings,0,0
9604,twintails_day,0,0
9605,heart_lock_(kantai_collection),0,0
9606,cave_interior,0,0
9607,flying_button,0,0
9608,nipple-to-nipple,0,0
9609,circular_saw,0,0
9610,fading_border,0,0
9611,jump_rope,0,0
9612,miracle_mallet,0,0
9613,oran_berry,0,0
9614,eye_black,0,0
9615,joker_(playing_card),0,0
9616,pink_babydoll,0,0
9617,yellow_headscarf,0,0
9618,military_operator,0,0
9619,anti-aircraft_gun,0,0
9620,unworn_necklace,0,0
9621,tea_party_(blue_archive),0,0
9622,black_mouth,0,0
9623,mauser_98,0,0
9624,hand_on_another's_wrist,0,0
9625,glass_door,0,0
9626,purple_corset,0,0
9627,scanlines,0,0
9628,green_camisole,0,0
9629,dragon_ball_(object),0,0
9630,pleated_sleeves,0,0
9631,pink_buruma,0,0
9632,dilated_pupils,0,0
9633,character_hood,0,0
9634,chimera_(honkai:_star_rail),0,0
9635,aqua_pupils,0,0
9636,;(,0,0
9637,wing_piercing,0,0
9638,huge_horns,0,0
9639,mugshot,0,0
9640,orange_wings,0,0
9641,sleeve_rolled_up,0,0
9642,russo-ukrainian_war,0,0
9643,ear_flower,0,0
9644,nemophila_(flower),0,0
9645,deep_wound,0,0
9646,see-through_bikini,0,0
9647,mismatched_eyelashes,0,0
9648,taut_bodysuit,0,0
9649,bandaged_torso,0,0
9650,print_swimsuit,0,0
9651,heart_panties,0,0
9652,bellflower,0,0
9653,holding_flashlight,0,0
9654,ai_ai_gasa,0,0
9655,fairy_kei,0,0
9656,very_long_ears,0,0
9657,patterned_hair,0,0
9658,chocolate_chip_cookie,0,0
9659,pants_under_dress,0,0
9660,gold_buckle,0,0
9661,blood_in_mouth,0,0
9662,blue_nipples,0,0
9663,pink_feathers,0,0
9664,gryffindor,0,0
9665,keizoku_school_uniform,0,0
9666,bound_thighs,0,0
9667,victorian_maid,0,0
9668,maria_the_ripper,0,0
9669,shout_lines,0,0
9670,blue_eyeliner,0,0
9671,striped_neckerchief,0,0
9672,popsicle_stick,0,0
9673,foregrip,0,0
9674,pear,0,0
9675,kriss_vector,0,0
9676,lace_thighhighs,0,0
9677,green_suit,0,0
9678,morrigan_aensland_(cosplay),0,0
9679,poison,0,0
9680,hiding_behind_another,0,0
9681,spread_armpit,0,0
9682,sweater_pull,0,0
9683,golden_arms,0,0
9684,blue_oni,0,0
9685,you're_not_helping,0,0
9686,heart_hat_ornament,0,0
9687,pen_in_pocket,0,0
9688,bishamonten's_spear,0,0
9689,brown_overalls,0,0
9690,expression_chart,0,0
9691,uneven_footwear,0,0
9692,arm_sling,0,0
9693,crutch,0,0
9694,clinging,0,0
9695,feixianji_(hairstyle),0,0
9696,checkered_ribbon,0,0
9697,archon_mark,0,0
9698,hatsumode,0,0
9699,bull,0,0
9700,yamabuki_high_school_uniform,0,0
9701,dynamite,0,0
9702,paw_hair_ornament,0,0
9703,lace_background,0,0
9704,adjusting_another's_clothes,0,0
9705,reloading,0,0
9706,green_hanfu,0,0
9707,wakamezake,0,0
9708,udon,0,0
9709,horseshoe_hat_ornament,0,0
9710,regional_and_normal,0,0
9711,dying,0,0
9712,ballistic_shield,0,0
9713,senbei,0,0
9714,paralyzer,0,0
9715,torn_hat,0,0
9716,heart_halo,0,0
9717,hands_on_floor,0,0
9718,cuntboy,0,0
9719,print_pajamas,0,0
9720,hugging_another's_leg,0,0
9721,mismatched_wings,0,0
9722,thick_navel_hair,0,0
9723,condenser_unit,0,0
9724,studded_gloves,0,0
9725,holding_petal,0,0
9726,spurs,0,0
9727,spray_bottle,0,0
9728,orange_goggles,0,0
9729,single_elbow_pad,0,0
9730,changing_room,0,0
9731,lane_line,0,0
9732,herensuge_girls_academy_school_uniform,0,0
9733,unhappy,0,0
9734,nagatekkou,0,0
9735,soy_sauce,0,0
9736,tiefling,0,0
9737,ankle_garter,0,0
9738,genderswap_on_genderswap,0,0
9739,sleigh,0,0
9740,flower_to_mouth,0,0
9741,plague_doctor_mask,0,0
9742,kagura_suzu,0,0
9743,thigh_focus,0,0
9744,seed,0,0
9745,mosin-nagant,0,0
9746,crown_of_thorns,0,0
9747,curly_sidelocks,0,0
9748,arms_across_body,0,0
9749,two-tone_panties,0,0
9750,cervical_penetration,0,0
9751,sharing_food,0,0
9752,flapping,0,0
9753,fishbowl,0,0
9754,nail_polish_bottle,0,0
9755,st._theresa's_girls_academy_school_uniform,0,0
9756,holding_pickaxe,0,0
9757,tactile_paving,0,0
9758,snow_on_head,0,0
9759,oyakodon_(sex),0,0
9760,feet_on_table,0,0
9761,shorts_tan,0,0
9762,slouching,0,0
9763,rubik's_cube,0,0
9764,padded_jacket,0,0
9765,holding_duster,0,0
9766,racing,0,0
9767,captive_bead_ring,0,0
9768,stuffed_sheep,0,0
9769,temari_ball,0,0
9770,chicken_leg,0,0
9771,spiked_boots,0,0
9772,sun_print,0,0
9773,extra_legs,0,0
9774,inflatable_whale,0,0
9775,bag_over_head,0,0
9776,spoken_x,0,0
9777,too_literal,0,0
9778,source_quote,0,0
9779,water_type_theme_(pokemon),0,0
9780,spray_paint,0,0
9781,toyogasaki_academy_school_uniform,0,0
9782,cocktail_shaker,0,0
9783,mega_ring,0,0
9784,jiaozi,0,0
9785,holding_star,0,0
9786,padlocked_collar,0,0
9787,email_address,0,0
9788,purple_camisole,0,0
9789,licking_own_finger,0,0
9790,character_mask,0,0
9791,short_braid,0,0
9792,spacecraft_interior,0,0
9793,cloth,0,0
9794,blue_assault_visor,0,0
9795,see-through_shawl,0,0
9796,en_pointe,0,0
9797,multicolored_pants,0,0
9798,color_trace,0,0
9799,stop_sign,0,0
9800,training_corps_(emblem),0,0
9801,aqua_coat,0,0
9802,control_rod_(touhou),0,0
9803,v_over_head,0,0
9804,to_be_continued,0,0
9805,weapon_tassel,0,0
9806,puritan_collar,0,0
9807,x_arms,0,0
9808,sparse_arm_hair,0,0
9809,orange_streaks,0,0
9810,dullahan,0,0
9811,qingxin_flower,0,0
9812,drum_magazine,0,0
9813,belt_skirt,0,0
9814,blowhole,0,0
9815,bus_stop_shelter,0,0
9816,other_with_female,0,0
9817,penguin_costume,0,0
9818,burnt,0,0
9819,kamihama_university_affiliated_school_uniform,0,0
9820,biwa_lute,0,0
9821,bell_pepper,0,0
9822,glass_slipper,0,0
9823,drawing_on_another's_face,0,0
9824,heart_arms,0,0
9825,stacking,0,0
9826,watercolor_effect,0,0
9827,on_tank,0,0
9828,carried_breast_rest,0,0
9829,beach_volleyball,0,0
9830,champagne_bottle,0,0
9831,signpost,0,0
9832,conch,0,0
9833,low_drills,0,0
9834,pantyhose_only,0,0
9835,furious,0,0
9836,viewer_on_leash,0,0
9837,coffee_table,0,0
9838,persimmon,0,0
9839,brown_bodysuit,0,0
9840,pointy_hat,0,0
9841,crossed_belts,0,0
9842,otter_tail,0,0
9843,apple_hair_ornament,0,0
9844,oversized_forearms,0,0
9845,sprout,0,0
9846,bear_panties,0,0
9847,metal_baseball_bat,0,0
9848,holding_bird,0,0
9849,whale_hair_ornament,0,0
9850,billiard_ball,0,0
9851,red_tulip,0,0
9852,multicolored_pantyhose,0,0
9853,trowel,0,0
9854,henshin_pose,0,0
9855,moth_wings,0,0
9856,multicolored_buttons,0,0
9857,pitchfork,0,0
9858,red_sweater_vest,0,0
9859,bisexual_male,0,0
9860,gradient-tinted_eyewear,0,0
9861,arrow_in_body,0,0
9862,vomiting,0,0
9863,black_crown,0,0
9864,pov_peephole,0,0
9865,load_bearing_equipment,0,0
9866,silver_earrings,0,0
9867,outstretched_legs,0,0
9868,brand_of_the_exalt,0,0
9869,underworld_(ornament),0,0
9870,single_drill,0,0
9871,tofu,0,0
9872,steaming_cup,0,0
9873,holding_pumpkin,0,0
9874,windsock,0,0
9875,implied_incest,0,0
9876,star_print_bikini,0,0
9877,single_half_glove,0,0
9878,black_shawl,0,0
9879,plug_(piercing),0,0
9880,lion_mane,0,0
9881,head_on_arm,0,0
9882,cum_bubble,0,0
9883,censored_by_text,0,0
9884,seraph,0,0
9885,heart_ornament,0,0
9886,siren_(azur_lane),0,0
9887,pocari_sweat,0,0
9888,penis_under_another's_clothes,0,0
9889,amestris_military_uniform,0,0
9890,mousetrap,0,0
9891,right-over-left_kimono,0,0
9892,doorknob,0,0
9893,turret,0,0
9894,chocolate_banana,0,0
9895,toothbrush_in_mouth,0,0
9896,grey_male_underwear,0,0
9897,quad_drills,0,0
9898,glass_table,0,0
9899,daikon,0,0
9900,female_rimming_male,0,0
9901,grape_hair_ornament,0,0
9902,beretta_1301,0,0
9903,on_food,0,0
9904,spread_navel,0,0
9905,beehive_hairdo,0,0
9906,yandere_trance,0,0
9907,arm_on_own_head,0,0
9908,spiked_headband,0,0
9909,neck_garter,0,0
9910,penguin_girl,0,0
9911,plackart,0,0
9912,fighting_game,0,0
9913,detached_pants,0,0
9914,rina-chan_board,0,0
9915,iris_(flower),0,0
9916,sukusuku_hakutaku,0,0
9917,time_stop,0,0
9918,front-print_panties,0,0
9919,checkered_haori,0,0
9920,hekiho_academy_school_uniform,0,0
9921,hedge,0,0
9922,dirigible,0,0
9923,inward_v,0,0
9924,light_persona,0,0
9925,crotchless_pants,0,0
9926,over_the_knee,0,0
9927,credits_page,0,0
9928,foodgasm,0,0
9929,problem_solver_68_(blue_archive),0,0
9930,single_sleeve_past_fingers,0,0
9931,panties_over_pantyhose,0,0
9932,aqua_scrunchie,0,0
9933,laboratory,0,0
9934,holding_butterfly_net,0,0
9935,puffy_chest,0,0
9936,two-tone_vest,0,0
9937,washing,0,0
9938,stomach_growling,0,0
9939,battlefield,0,0
9940,front-tie_bra,0,0
9941,studying,0,0
9942,double_halo,0,0
9943,blood_on_body,0,0
9944,belt_bag,0,0
9945,frilled_shawl,0,0
9946,saint_quartz_(fate),0,0
9947,company_logo,0,0
9948,silver_necklace,0,0
9949,eggshell,0,0
9950,crucifixion,0,0
9951,relaxing,0,0
9952,lillian_girls'_academy_school_uniform,0,0
9953,back_ribbon,0,0
9954,tall_hair,0,0
9955,judgement_armband_(toaru),0,0
9956,pink_sarong,0,0
9957,dizi,0,0
9958,half_note,0,0
9959,tennis,0,0
9960,shaking_head,0,0
9961,lace-trimmed_headwear,0,0
9962,hinamatsuri,0,0
9963,shark_print,0,0
9964,catching,0,0
9965,takeuchi_takashi_(style),0,0
9966,male_with_breasts,0,0
9967,glowing_mouth,0,0
9968,pov_breasts,0,0
9969,queen,0,0
9970,grey_hakama,0,0
9971,apple_slice,0,0
9972,breast_zipper,0,0
9973,naked_skirt,0,0
9974,frilled_vest,0,0
9975,dog_hair_ornament,0,0
9976,thigh_bow,0,0
9977,year_of_the_dog,0,0
9978,glands_of_montgomery,0,0
9979,hangar,0,0
9980,kaname_madoka_(cosplay),0,0
9981,sock_pull,0,0
9982,feet_on_chair,0,0
9983,souryuu_asuka_langley_(cosplay),0,0
9984,animal_charm,0,0
9985,laser_sight,0,0
9986,holding_mahjong_tile,0,0
9987,intertwined_tails,0,0
9988,blocking,0,0
9989,mygo!!!!!_(bang_dream!),0,0
9990,multicolored_armor,0,0
9991,liquid_clothes,0,0
9992,gleam,0,0
9993,calvin_klein,0,0
9994,sparse_navel_hair,0,0
9995,wooden_box,0,0
9996,metal_wrist_cuffs,0,0
9997,hugging_own_tail,0,0
9998,striped_belt,0,0
9999,piano_print,0,0
10000,pussy_cutout,0,0
10001,table_tennis_paddle,0,0
10002,greek_cross,0,0
10003,hand_on_weapon,0,0
10004,ascot_between_breasts,0,0
10005,video_game_cover,0,0
10006,gradient_nails,0,0
10007,clarent_(fate),0,0
10008,senkou_hanabi,0,0
10009,humanoid_and_humanization,0,0
10010,collar_grab,0,0
10011,middle_w,0,0
10012,chisel,0,0
10013,eyeball_hair_ornament,0,0
10014,neta,0,0
10015,ornate_clothes,0,0
10016,originium_arts_(arknights),0,0
10017,sword_tassel,0,0
10018,swinging_weapon,0,0
10019,chiton,0,0
10020,sitting_on_animal,0,0
10021,cum_on_floor,0,0
10022,workout_clothes,0,0
10023,pairing_name,0,0
10024,reindeer_girl,0,0
10025,on_tree_stump,0,0
10026,heavy_chromatic_aberration,0,0
10027,winged_hair_ornament,0,0
10028,flagpole,0,0
10029,whale_girl,0,0
10030,removing_eyewear,0,0
10031,himejoshi,0,0
10032,holding_pendulum,0,0
10033,fly,0,0
10034,sobbing,0,0
10035,cardigan_partially_removed,0,0
10036,hands_on_another's_stomach,0,0
10037,buried,0,0
10038,options,0,0
10039,stone_walkway,0,0
10040,print_mug,0,0
10041,tendril,0,0
10042,alternate_shiny_pokemon,0,0
10043,aquiline_nose,0,0
10044,print_ribbon,0,0
10045,lace_border,0,0
10046,chibi_on_head,0,0
10047,pomegranate,0,0
10048,stuffed_frog,0,0
10049,bib_collar,0,0
10050,heart_wand,0,0
10051,shoujo_kitou-chuu,0,0
10052,a-pose,0,0
10053,mimic_chest,0,0
10054,mystical_high_collar,0,0
10055,pool_table,0,0
10056,waraji,0,0
10057,glowing_markings,0,0
10058,lei,0,0
10059,usb,0,0
10060,ooarai_(emblem),0,0
10061,grey_pubic_hair,0,0
10062,long_eyebrows,0,0
10063,manboobs,0,0
10064,infinite_stratos_academy_school_uniform,0,0
10065,oxygen_mask,0,0
10066,colored_lineart,0,0
10067,fever,0,0
10068,cum_in_cup,0,0
10069,pink_pubic_hair,0,0
10070,blueberry_academy_school_uniform,0,0
10071,shopping_basket,0,0
10072,red_jumpsuit,0,0
10073,initial,0,0
10074,cardigan_vest,0,0
10075,eotech,0,0
10076,year_of_the_pig,0,0
10077,itan_private_high_school_uniform,0,0
10078,chain_belt,0,0
10079,crosshair,0,0
10080,spiked_helmet,0,0
10081,backless_shirt,0,0
10082,whispering_in_ear,0,0
10083,aegis_sword_(xenoblade),0,0
10084,black_keys_(type-moon),0,0
10085,tsab_ground_military_uniform,0,0
10086,penis_on_stomach,0,0
10087,white_flag,0,0
10088,cross_facial_mark,0,0
10089,slug,0,0
10090,cum_on_fingers,0,0
10091,grey_overalls,0,0
10092,dome,0,0
10093,long_arms,0,0
10094,frilled_babydoll,0,0
10095,shaped_pubic_hair,0,0
10096,purple_feathers,0,0
10097,bandaid_on_shoulder,0,0
10098,jade_(gemstone),0,0
10099,biting_own_finger,0,0
10100,yellow_jumpsuit,0,0
10101,blood_spray,0,0
10102,hay,0,0
10103,head_on_table,0,0
10104,symbiote,0,0
10105,package,0,0
10106,string_around_finger,0,0
10107,keyring,0,0
10108,cleanup_fellatio,0,0
10109,pitching,0,0
10110,holding_pregnancy_test,0,0
10111,waffle,0,0
10112,limiter_(tsukumo_sana),0,0
10113,holding_another's_ankle,0,0
10114,vodka,0,0
10115,orange-framed_eyewear,0,0
10116,pants_around_one_leg,0,0
10117,tanghulu,0,0
10118,typing,0,0
10119,moe_moe_kyun!,0,0
10120,quilted_jacket,0,0
10121,ankle_wings,0,0
10122,sitting_on_water,0,0
10123,fanning_face,0,0
10124,slide,0,0
10125,dolphin_hair_ornament,0,0
10126,shakujou,0,0
10127,comiket,0,0
10128,gorilla,0,0
10129,hair_focus,0,0
10130,monocle_chain,0,0
10131,spiral-only_eyes,0,0
10132,white_tulip,0,0
10133,high-low_skirt,0,0
10134,moose_ears,0,0
10135,concentrating,0,0
10136,severed_arm,0,0
10137,greenhouse,0,0
10138,holding_over_opposite_shoulder,0,0
10139,lowleg_shorts,0,0
10140,team_magma,0,0
10141,gae_dearg_(fate),0,0
10142,full_stomach,0,0
10143,ankleband,0,0
10144,hololive_summer_2023_swimsuit,0,0
10145,team_skull,0,0
10146,puppet_rings,0,0
10147,colored_smoke,0,0
10148,wooden_horse,0,0
10149,adjusting_buruma,0,0
10150,looking_at_self,0,0
10151,pill_hair_ornament,0,0
10152,magic_arm,0,0
10153,kirisame_marisa_(cosplay),0,0
10154,fender_telecaster,0,0
10155,swan,0,0
10156,red_sun,0,0
10157,cheese_trail,0,0
10158,unworn_bowtie,0,0
10159,mismatched_horns,0,0
10160,black_claws,0,0
10161,lighting_cigarette,0,0
10162,cum_on_back,0,0
10163,licking_another's_cheek,0,0
10164,horse_racing_track,0,0
10165,salmon_run_(splatoon),0,0
10166,black_butterfly,0,0
10167,pink_crown,0,0
10168,flat_chest_grab,0,0
10169,long_fingers,0,0
10170,planetary_ring,0,0
10171,flaming_eyes,0,0
10172,propeller_hair_ornament,0,0
10173,interview,0,0
10174,skeletal_wings,0,0
10175,feather_dress,0,0
10176,paperclip,0,0
10177,stocks,0,0
10178,ornate_armor,0,0
10179,komainu_boy,0,0
10180,metal_hair_tubes,0,0
10181,unicorn_horn,0,0
10182,suikawari,0,0
10183,heart_straw,0,0
10184,pointing_down,0,0
10185,shogi,0,0
10186,riverbank,0,0
10187,delivery,0,0
10188,hand_over_face,0,0
10189,bakeneko_(mythology),0,0
10190,pink_helmet,0,0
10191,red_panda_tail,0,0
10192,zipper_skirt,0,0
10193,red_car,0,0
10194,double_\||/,0,0
10195,padded_coat,0,0
10196,knit_hat,0,0
10197,box_tie,0,0
10198,black_straps,0,0
10199,blue_tube_top,0,0
10200,single_sode,0,0
10201,female_orc,0,0
10202,german_flag_bikini,0,0
10203,scorpion_tail,0,0
10204,kittysuit,0,0
10205,titans_(gundam),0,0
10206,middle_part,0,0
10207,shell_earrings,0,0
10208,cd_case,0,0
10209,broken_heart_hair_ornament,0,0
10210,training,0,0
10211,v-bangs,0,0
10212,oonusa,0,0
10213,side-tie_swimsuit,0,0
10214,swing_set,0,0
10215,crumpled_paper,0,0
10216,baseball_helmet,0,0
10217,sound_effects_only,0,0
10218,housewife,0,0
10219,bat_ornament,0,0
10220,microsoft_paint_(software),0,0
10221,2006,0,0
10222,toasting_(gesture),0,0
10223,green_pubic_hair,0,0
10224,crinoline,0,0
10225,scratching,0,0
10226,gold_boots,0,0
10227,yellow_overalls,0,0
10228,anchor_earrings,0,0
10229,hyena_girl,0,0
10230,russian_flag,0,0
10231,bluesky_logo,0,0
10232,unworn_slippers,0,0
10233,laurels,0,0
10234,on_crescent,0,0
10235,stile_uniform,0,0
10236,face_punch,0,0
10237,pointing_melee_weapon,0,0
10238,germany,0,0
10239,public_vibrator,0,0
10240,saury,0,0
10241,jian_(weapon),0,0
10242,phone_booth,0,0
10243,tacet_discord_(wuthering_waves),0,0
10244,spork,0,0
10245,hair_through_hood,0,0
10246,stamp_mark,0,0
10247,holding_lead_pipe,0,0
10248,adjusting_footwear,0,0
10249,long_hoodie,0,0
10250,lifted_by_tail,0,0
10251,bikini_top_aside,0,0
10252,polka_dot_thighhighs,0,0
10253,bc_freedom_(emblem),0,0
10254,followers_favorite_challenge,0,0
10255,welsh_corgi,0,0
10256,swim_goggles,0,0
10257,cat's_cradle,0,0
10258,wall-eyed,0,0
10259,aqua_wings,0,0
10260,split-color_clothes,0,0
10261,chipmunk_ears,0,0
10262,genre_connection,0,0
10263,compact_(cosmetics),0,0
10264,walking_away,0,0
10265,soba,0,0
10266,non-circular_lens_flare,0,0
10267,water_yoyo,0,0
10268,imitating,0,0
10269,red_light,0,0
10270,garland_(decoration),0,0
10271,deer_boy,0,0
10272,black_tunic,0,0
10273,ghost_type_theme_(pokemon),0,0
10274,moegi_high_school_uniform,0,0
10275,jacket_over_shoulder,0,0
10276,getabako,0,0
10277,cbt,0,0
10278,sinking,0,0
10279,icicle,0,0
10280,holding_cloth,0,0
10281,steam_locomotive,0,0
10282,canopy_(aircraft),0,0
10283,gambeson,0,0
10284,nesoberi,0,0
10285,hand_to_weapon,0,0
10286,rowboat,0,0
10287,board_eraser,0,0
10288,cross_of_prontera,0,0
10289,lampshade,0,0
10290,ruyi_jingu_bang,0,0
10291,chipmunk_girl,0,0
10292,checkered_legwear,0,0
10293,iei,0,0
10294,giving_wedgie,0,0
10295,arm_across_chest,0,0
10296,measurements,0,0
10297,mamemaki,0,0
10298,pansy,0,0
10299,bc_freedom_school_uniform,0,0
10300,pleading_face_emoji,0,0
10301,naizuri,0,0
10302,lavender_(flower),0,0
10303,animal_ear_helmet,0,0
10304,funeral_dress,0,0
10305,condom_left_inside,0,0
10306,single_sandal,0,0
10307,wrapped_in_blanket,0,0
10308,gradient_ribbon,0,0
10309,trinity_general_school_swimsuit,0,0
10310,egg_yolk,0,0
10311,mouse_boy,0,0
10312,holding_string,0,0
10313,irezumi,0,0
10314,wardrobe_error,0,0
10315,golem,0,0
10316,cheek_rest,0,0
10317,penis_on_head,0,0
10318,spoken_animal,0,0
10319,shindan_maker,0,0
10320,claw_foot_bathtub,0,0
10321,small_nipples,0,0
10322,mailbox_(incoming_mail),0,0
10323,aztec,0,0
10324,ejaculation_under_clothes,0,0
10325,lectern,0,0
10326,lipstick_mark_on_testicles,0,0
10327,slytherin,0,0
10328,jackal_boy,0,0
10329,grey_pupils,0,0
10330,testicle_peek,0,0
10331,aqua_sweater,0,0
10332,single_bang,0,0
10333,koinobori,0,0
10334,holding_party_popper,0,0
10335,butch/femme_couple,0,0
10336,cornrows,0,0
10337,camping,0,0
10338,scolding,0,0
10339,dinosaur_costume,0,0
10340,multicolored_stripes,0,0
10341,album_name,0,0
10342,spirit_blossom_(league_of_legends),0,0
10343,hands_on_headphones,0,0
10344,lightning_ahoge,0,0
10345,food-themed_background,0,0
10346,asteroid,0,0
10347,red_bonnet,0,0
10348,yuki_onna,0,0
10349,hands_on_another's_neck,0,0
10350,empty_picture_frame,0,0
10351,lace_collar,0,0
10352,super_saiyan_2,0,0
10353,parasite_suit_(darling_in_the_franxx),0,0
10354,mole_on_chest,0,0
10355,criss-cross_back-straps,0,0
10356,darkened_skin,0,0
10357,energy_weapon,0,0
10358,black_bandages,0,0
10359,rooster,0,0
10360,argyle_dress,0,0
10361,pony_(animal),0,0
10362,cracked_mask,0,0
10363,accidental_pervert,0,0
10364,purple_suit,0,0
10365,mint,0,0
10366,tucked_money,0,0
10367,cartoonized,0,0
10368,boxing_ring,0,0
10369,floral_print_skirt,0,0
10370,aqua_horns,0,0
10371,apologizing,0,0
10372,purple_sarong,0,0
10373,print_bodysuit,0,0
10374,plant_focus,0,0
10375,whistling,0,0
10376,cymbals,0,0
10377,tilted_halo,0,0
10378,off-shoulder_coat,0,0
10379,baseball_stadium,0,0
10380,bald_eagle,0,0
10381,cowering,0,0
10382,gaijin_4koma_(meme),0,0
10383,:s,0,0
10384,holding_table_tennis_paddle,0,0
10385,basketball_hoop,0,0
10386,hane_(hanetsuki),0,0
10387,yukadon,0,0
10388,wide_face,0,0
10389,penis_over_one_eye,0,0
10390,text-only_page,0,0
10391,open_jumpsuit,0,0
10392,toothpaste,0,0
10393,shiromuku,0,0
10394,seiren_academy_school_uniform,0,0
10395,grid_teeth,0,0
10396,frilled_sash,0,0
10397,black_liquid,0,0
10398,metal_gloves,0,0
10399,luxury_(idolmaster),0,0
10400,gold_anklet,0,0
10401,piano_bench,0,0
10402,jester_costume,0,0
10403,kite,0,0
10404,holding_chess_piece,0,0
10405,submarine,0,0
10406,spiked_gauntlets,0,0
10407,mazda,0,0
10408,handrail,0,0
10409,razor,0,0
10410,heart_eyepatch,0,0
10411,tsukumihara_academy_uniform_(fate/extra_ccc),0,0
10412,rounded_collar,0,0
10413,kosode,0,0
10414,print_eyepatch,0,0
10415,glove_pull,0,0
10416,gradient_sleeves,0,0
10417,tote_bag,0,0
10418,russia,0,0
10419,low_horns,0,0
10420,cream_puff,0,0
10421,finger_to_eye,0,0
10422,bulge_to_ass,0,0
10423,print_boots,0,0
10424,flower_bed,0,0
10425,singlet,0,0
10426,asymmetrical_dress,0,0
10427,panda_boy,0,0
10428,ink_wash_painting,0,0
10429,hanafuda,0,0
10430,hip_tattoo,0,0
10431,holding_hand_grip,0,0
10432,stuffing,0,0
10433,implied_nudity,0,0
10434,ribbon-trimmed_socks,0,0
10435,forget-me-not_(flower),0,0
10436,paw_print_soles,0,0
10437,straw_hat_pirates,0,0
10438,borrowed_hairstyle,0,0
10439,hat_pin,0,0
10440,carrot_print,0,0
10441,smelling_flower,0,0
10442,ashigaya_high_school_uniform,0,0
10443,single_knee_boot,0,0
10444,very_hairy,0,0
10445,orange_cardigan,0,0
10446,exposed_muscle,0,0
10447,milkshake,0,0
10448,traffic_baton,0,0
10449,two-tone_pantyhose,0,0
10450,barcode_scanner,0,0
10451,painted_clothes,0,0
10452,enema,0,0
10453,cake_cat_(honkai:_star_rail),0,0
10454,can't_be_this_cute,0,0
10455,despair,0,0
10456,moth_antennae,0,0
10457,wavy_sidelocks,0,0
10458,sparse_leg_hair,0,0
10459,exposed_bone,0,0
10460,sheriff_badge,0,0
10461,blue_bandeau,0,0
10462,pon_de_ring,0,0
10463,suneate,0,0
10464,science_babies,0,0
10465,crater,0,0
10466,natural_wedgie,0,0
10467,holding_rabbit,0,0
10468,panties_over_garter_belt,0,0
10469,wrist_straps,0,0
10470,orchid,0,0
10471,mature_eyes,0,0
10472,homurabara_academy_elementary_school_uniform,0,0
10473,holding_halloween_bucket,0,0
10474,polka_dot_hairband,0,0
10475,super_mushroom,0,0
10476,hair_belt,0,0
10477,two-tone_nails,0,0
10478,bishie_sparkle,0,0
10479,skateboarding,0,0
10480,grabbing_another's_hand,0,0
10481,ginkgo_tree,0,0
10482,wooden_spoon,0,0
10483,aqua_choker,0,0
10484,yellow_hood,0,0
10485,footjob_with_footwear,0,0
10486,flower_on_chest,0,0
10487,shaped_lollipop,0,0
10488,tunnel,0,0
10489,crescent_rose,0,0
10490,shiny_eyes,0,0
10491,twitter_cutting_game,0,0
10492,aqua_lips,0,0
10493,flat_chastity_cage,0,0
10494,nori_(seaweed),0,0
10495,holding_juice_box,0,0
10496,fur_wrist_cuffs,0,0
10497,holding_sponge,0,0
10498,toolbox,0,0
10499,drain_(object),0,0
10500,cooperative_handjob,0,0
10501,hand_on_blade,0,0
10502,adjusting_leotard,0,0
10503,white_horse,0,0
10504,stuffed_unicorn,0,0
10505,torn_bikini,0,0
10506,aqua_boots,0,0
10507,sail,0,0
10508,imperial_japanese_navy,0,0
10509,green_sports_bra,0,0
10510,too_many_cats,0,0
10511,skirt_peek,0,0
10512,bubble_background,0,0
10513,hand_on_own_foot,0,0
10514,headphones_removed,0,0
10515,dualshock,0,0
10516,depth_charge,0,0
10517,chocolate_on_nipples,0,0
10518,colored_eyepatch,0,0
10519,nuzzle,0,0
10520,breast_pillow,0,0
10521,glory_hole,0,0
10522,against_window,0,0
10523,unworn_hairband,0,0
10524,yellow_lips,0,0
10525,queen_(playing_card),0,0
10526,bandaid_on_finger,0,0
10527,over_the_mouth_gag,0,0
10528,vest_lift,0,0
10529,shorts_aside,0,0
10530,twig,0,0
10531,o-ring_panties,0,0
10532,holding_magazine,0,0
10533,hand_hair,0,0
10534,precum_through_clothes,0,0
10535,confrontation,0,0
10536,yoga,0,0
10537,ikea_shark,0,0
10538,tantrum,0,0
10539,lgbt_pride,0,0
10540,arrow_print,0,0
10541,sucking_male_nipple,0,0
10542,implied_paizuri,0,0
10543,millennium_puzzle,0,0
10544,satellite_dish,0,0
10545,...!,0,0
10546,phrygian_cap,0,0
10547,x_navel,0,0
10548,chinstrap_beard,0,0
10549,year_of_the_rooster,0,0
10550,multiple_unit_train,0,0
10551,yellow_collar,0,0
10552,pilot_helmet,0,0
10553,plus_sign,0,0
10554,fingering_from_behind,0,0
10555,kamina_shades,0,0
10556,glass_writing,0,0
10557,bad_leg,0,0
10558,wet_floor,0,0
10559,cracking_knuckles,0,0
10560,playing_flute,0,0
10561,spiked_anklet,0,0
10562,meka_(overwatch),0,0
10563,nigirizushi,0,0
10564,carnation,0,0
10565,patterned_legwear,0,0
10566,red_bull,0,0
10567,ipod_nano,0,0
10568,so_moe_i'm_gonna_die!,0,0
10569,holding_drawing,0,0
10570,hidden_face,0,0
10571,brick_road,0,0
10572,underground,0,0
10573,panties_around_one_ankle,0,0
10574,sweater_guard,0,0
10575,markings,0,0
10576,traffic,0,0
10577,kataginu,0,0
10578,diploma,0,0
10579,backless_panties,0,0
10580,forward-facing_horns,0,0
10581,violence,0,0
10582,pickelhaube,0,0
10583,tickle_torture,0,0
10584,multiple_anal,0,0
10585,hockey_mask,0,0
10586,collar_jewel,0,0
10587,jack-o'-lantern_hair_ornament,0,0
10588,tankard,0,0
10589,spiked_ball_and_chain,0,0
10590,grabbing_another's_twintails,0,0
10591,pokemon_tail,0,0
10592,orange_outline,0,0
10593,glove_in_mouth,0,0
10594,lace_pantyhose,0,0
10595,arched_window,0,0
10596,shaved_head,0,0
10597,bakery,0,0
10598,long_mustache,0,0
10599,tuna,0,0
10600,orange_eyeshadow,0,0
10601,ribbon_between_breasts,0,0
10602,pink_eyeliner,0,0
10603,striped_leg_warmers,0,0
10604,ice_skating,0,0
10605,red_panda_girl,0,0
10606,incense,0,0
10607,belly_grab,0,0
10608,contrast_lapels,0,0
10609,grey_lips,0,0
10610,after_battle,0,0
10611,squat_toilet,0,0
10612,torso_flash,0,0
10613,mousepad_(object),0,0
10614,purple_tunic,0,0
10615,digital_thermometer,0,0
10616,wool,0,0
10617,brushing_own_hair,0,0
10618,lemon_hair_ornament,0,0
10619,cutting_own_hair,0,0
10620,saturn_(planet),0,0
10621,mismatched_ear_covers,0,0
10622,diamond_mouth,0,0
10623,side-tie_skirt,0,0
10624,rainbow_bikini,0,0
10625,at_gunpoint,0,0
10626,cum_on_chest,0,0
10627,mutual_orgasm,0,0
10628,rose_bush,0,0
10629,gear_fifth,0,0
10630,pleated_shirt,0,0
10631,boombox,0,0
10632,narrow_hips,0,0
10633,purple_petals,0,0
10634,sports_festival,0,0
10635,snapchat,0,0
10636,pastry_box,0,0
10637,hot_air_balloon,0,0
10638,scar_on_breast,0,0
10639,holding_bone,0,0
10640,pinky_swear,0,0
10641,holding_maracas,0,0
10642,fur-trimmed_choker,0,0
10643,nerv_logo,0,0
10644,holding_another's_ankles,0,0
10645,turkey_(food),0,0
10646,brown_hakama,0,0
10647,shark_boy,0,0
10648,earphones_removed,0,0
10649,paint_tube,0,0
10650,floating_curtains,0,0
10651,ass_freckles,0,0
10652,colored_condom,0,0
10653,gradient_border,0,0
10654,mint_chocolate,0,0
10655,bkub_(style),0,0
10656,dou,0,0
10657,pinecone,0,0
10658,kneeless_merfolk,0,0
10659,no_symbol,0,0
10660,shot_glass,0,0
10661,pov_stomped,0,0
10662,asymmetrical_armor,0,0
10663,naked_capelet,0,0
10664,trolling,0,0
10665,arm_pillow,0,0
10666,wrestling_mask,0,0
10667,print_hat,0,0
10668,unworn_crown,0,0
10669,gerbera,0,0
10670,canal,0,0
10671,multicolored_shorts,0,0
10672,radar,0,0
10673,latex_boots,0,0
10674,disco_ball,0,0
10675,naked_robe,0,0
10676,medicine,0,0
10677,yen_sign,0,0
10678,coffee_maker,0,0
10679,meteor,0,0
10680,tavern,0,0
10681,holding_with_gesture,0,0
10682,snowboard,0,0
10683,print_hairband,0,0
10684,puzzle,0,0
10685,blood_on_mouth,0,0
10686,chao_(sonic),0,0
10687,historical_connection,0,0
10688,green_visor,0,0
10689,hot_chocolate,0,0
10690,gelatin,0,0
10691,snapping_fingers,0,0
10692,multiple_monitors,0,0
10693,energy_barrier,0,0
10694,clam,0,0
10695,penguin_tail,0,0
10696,perverted_utility,0,0
10697,fdd_threesome,0,0
10698,rape_face,0,0
10699,chenqing_flute,0,0
10700,stiff_tail,0,0
10701,plaid_socks,0,0
10702,mixed_signals,0,0
10703,pinup_(style),0,0
10704,in_orbit,0,0
10705,nunchaku,0,0
10706,barding,0,0
10707,plaid_apron,0,0
10708,shish_kebab,0,0
10709,diagram,0,0
10710,two-tone_capelet,0,0
10711,aircraft_carrier,0,0
10712,striped_tank_top,0,0
10713,mole_on_crotch,0,0
10714,ball_hands,0,0
10715,garnish,0,0
10716,horrified,0,0
10717,floating_crown,0,0
10718,hand_on_another's_crotch,0,0
10719,argyle_socks,0,0
10720,boyshort_panties,0,0
10721,yellow_slingshot_swimsuit,0,0
10722,whale_hat,0,0
10723,kung_fu,0,0
10724,songover,0,0
10725,game_boy_(original),0,0
10726,torn_kimono,0,0
10727,u.n._spacy,0,0
10728,ass_hair,0,0
10729,mami_mogu_mogu,0,0
10730,dead_animal,0,0
10731,christmas_sweater,0,0
10732,spade_tattoo,0,0
10733,lemon_print,0,0
10734,head_hug,0,0
10735,selection_university_military_uniform,0,0
10736,skull_belt,0,0
10737,pull_cord,0,0
10738,frustrated,0,0
10739,covering_chest,0,0
10740,love_hotel,0,0
10741,cattail,0,0
10742,string_of_light_bulbs,0,0
10743,fur-trimmed_shoes,0,0
10744,glowing_petals,0,0
10745,vomit,0,0
10746,poster_parody,0,0
10747,kidnapping,0,0
10748,jinbaori,0,0
10749,animal_skeleton,0,0
10750,see-through_bodysuit,0,0
10751,pink_serafuku,0,0
10752,fur_capelet,0,0
10753,peeling,0,0
10754,holding_cooking_pot,0,0
10755,extra_penises,0,0
10756,chrysanthemum_print,0,0
10757,ribbed_cardigan,0,0
10758,scarf_bow,0,0
10759,skinny_dipping,0,0
10760,saxophone,0,0
10761,spraying,0,0
10762,pinky_ring,0,0
10763,pointing_to_the_side,0,0
10764,implied_pantyshot,0,0
10765,rhythmic_gymnastics,0,0
10766,grape_hat_ornament,0,0
10767,undone_neckerchief,0,0
10768,strawberry_parfait,0,0
10769,v4x,0,0
10770,aqua_cape,0,0
10771,side-tie_dress,0,0
10772,tako-san_wiener,0,0
10773,homu,0,0
10774,knee_guards,0,0
10775,rabbit_ear_headphones,0,0
10776,heart-shaped_bag,0,0
10777,heavy_machine_gun,0,0
10778,connected_beard,0,0
10779,holding_paper_airplane,0,0
10780,hand_on_own_wrist,0,0
10781,orange_lips,0,0
10782,yellow_helmet,0,0
10783,shaft_look,0,0
10784,fish_hook,0,0
10785,neck_grab,0,0
10786,tiger_costume,0,0
10787,hand_gesture,0,0
10788,weasel,0,0
10789,sheep_costume,0,0
10790,s.e.e.s,0,0
10791,yotsuba_university_affiliated_junior_high_school_uniform,0,0
10792,seaplane,0,0
10793,baby_carry,0,0
10794,holding_tongs,0,0
10795,dildo_under_clothes,0,0
10796,penetration_gesture,0,0
10797,hylian_shield,0,0
10798,morning_glory_print,0,0
10799,brown_tank_top,0,0
10800,lofter_username,0,0
10801,blue_headscarf,0,0
10802,incoming_drink,0,0
10803,sailboat,0,0
10804,angel_wing_uniform,0,0
10805,aqua-framed_eyewear,0,0
10806,daffodil,0,0
10807,kanon_school_uniform,0,0
10808,red_tunic,0,0
10809,one_arm_handstand,0,0
10810,fujoshi,0,0
10811,resting,0,0
10812,lobster,0,0
10813,railgun,0,0
10814,black_bodystocking,0,0
10815,oxfords,0,0
10816,full_mouth,0,0
10817,torn_sweater,0,0
10818,tailcoat_playboy_bunny,0,0
10819,living_hair,0,0
10820,floating_head,0,0
10821,drying_another's_hair,0,0
10822,genderswap_(otm),0,0
10823,mushroom_on_head,0,0
10824,starfighter,0,0
10825,reverse_netorare,0,0
10826,crocodile,0,0
10827,flesh,0,0
10828,polka_dot_camisole,0,0
10829,target,0,0
10830,magatama_hair_ornament,0,0
10831,onigiri_print,0,0
10832,inner_senshi,0,0
10833,clumsy,0,0
10834,angelfish,0,0
10835,angels_of_delusion,0,0
10836,figure_skating,0,0
10837,door_handle,0,0
10838,on_pillow,0,0
10839,sugimori_ken_(style),0,0
10840,stirring,0,0
10841,impossible_sweater,0,0
10842,arisaka,0,0
10843,virtual_reality,0,0
10844,evil_eyes,0,0
10845,bed_invitation,0,0
10846,holding_chalk,0,0
10847,gold_sandals,0,0
10848,cassette_player,0,0
10849,peeking_through_fingers,0,0
10850,yellow_blood,0,0
10851,folding_screen,0,0
10852,spoken_emoji,0,0
10853,bone_print,0,0
10854,spasm,0,0
10855,cassette_tape,0,0
10856,rpg_(weapon),0,0
10857,chaos_(warhammer),0,0
10858,electro_symbol_(genshin_impact),0,0
10859,furoshiki,0,0
10860,reverse_nursing_handjob,0,0
10861,big_head,0,0
10862,electrocution,0,0
10863,hashitsuki_nata,0,0
10864,bident,0,0
10865,see-through_gloves,0,0
10866,facing_back,0,0
10867,dj,0,0
10868,imminent_bite,0,0
10869,sunken_cheeks,0,0
10870,purple_wrist_cuffs,0,0
10871,a_(phrase),0,0
10872,weight_gain,0,0
10873,payphone,0,0
10874,flight_suit,0,0
10875,onahole_handjob,0,0
10876,ikayaki,0,0
10877,yellow_bird,0,0
10878,reflective_surface,0,0
10879,other_with_male,0,0
10880,taker_pov,0,0
10881,computer_tower,0,0
10882,special_feeling_(meme),0,0
10883,stapler,0,0
10884,flower_eyepatch,0,0
10885,loose_thighhigh,0,0
10886,bookbag,0,0
10887,food_between_breasts,0,0
10888,elemental_(creature),0,0
10889,scissorhold,0,0
10890,see-through_bra,0,0
10891,hands_on_own_knee,0,0
10892,kobeya_uniform,0,0
10893,red_headscarf,0,0
10894,side-tie_shirt,0,0
10895,tied_to_chair,0,0
10896,horns_pose,0,0
10897,coughing,0,0
10898,kazamatsuri_institute_high_school_uniform,0,0
10899,googly_eyes,0,0
10900,heavenly_boat_maanna,0,0
10901,colored_pussy,0,0
10902,bell_sleeves,0,0
10903,traffic_mirror,0,0
10904,impossible_hair,0,0
10905,cherry_earrings,0,0
10906,smoking_pipe_in_mouth,0,0
10907,fingers_to_mouth,0,0
10908,green_butterfly,0,0
10909,heater,0,0
10910,tickling_sides,0,0
10911,sailor_collar_lift,0,0
10912,vertical-striped_coat,0,0
10913,anachronism,0,0
10914,blue_arm_warmers,0,0
10915,glowing_halo,0,0
10916,hololive_dance_practice_uniform,0,0
10917,strong_zero,0,0
10918,emaciated,0,0
10919,mortar_(bowl),0,0
10920,stuffed_whale,0,0
10921,open_pajamas,0,0
10922,byakugan,0,0
10923,crying_emoji,0,0
10924,coral_reef,0,0
10925,bike_jersey,0,0
10926,hasu_no_daisankaku,0,0
10927,swimsuit_skirt,0,0
10928,knitting,0,0
10929,breast_awe,0,0
10930,pinching_another's_belly,0,0
10931,hemokinesis,0,0
10932,ofuda_on_pussy,0,0
10933,panda_girl,0,0
10934,gacha_(game_mechanic),0,0
10935,body_pillow,0,0
10936,pokemon_on_lap,0,0
10937,imminent_gangbang,0,0
10938,core,0,0
10939,separated_legs,0,0
10940,aviator_goggles,0,0
10941,advanced_nurturing_high_school_uniform,0,0
10942,milking_handjob,0,0
10943,taiko_drum,0,0
10944,planted_umbrella,0,0
10945,neco_spirit,0,0
10946,camouflage_bikini,0,0
10947,robot_boy,0,0
10948,afro_puffs,0,0
10949,hotel_room,0,0
10950,orca_hood,0,0
10951,adjusting_another's_hair,0,0
10952,sideboob_cutout,0,0
10953,rivalry,0,0
10954,grease_(mechanical),0,0
10955,sleeping_bag,0,0
10956,short_yukata,0,0
10957,yurie_mouth,0,0
10958,thigh_straddling,0,0
10959,red_slippers,0,0
10960,pincers,0,0
10961,veiny_face,0,0
10962,bad_arm,0,0
10963,tyrannosaurus_rex,0,0
10964,aqua_pantyhose,0,0
10965,shoulder_freckles,0,0
10966,front_zipper_swimsuit_(realise),0,0
10967,holding_crown,0,0
10968,subscribestar_logo,0,0
10969,sakura_empire_(emblem),0,0
10970,sports_utility_vehicle,0,0
10971,latin_text,0,0
10972,winged_boots,0,0
10973,tailjob,0,0
10974,red_sarong,0,0
10975,weapon_in_garters,0,0
10976,vertical-striped_bra,0,0
10977,caterpillar,0,0
10978,stopwatch_around_neck,0,0
10979,smock,0,0
10980,ornament,0,0
10981,official_alternate_design,0,0
10982,red_feet,0,0
10983,teamwork,0,0
10984,alternate_facial_hair,0,0
10985,car_seat,0,0
10986,gunpla,0,0
10987,subway,0,0
10988,bubble_bath,0,0
10989,silver_hairband,0,0
10990,nipple_penetration,0,0
10991,elbows_on_knees,0,0
10992,fanbox_logo,0,0
10993,roller_coaster,0,0
10994,star_trail,0,0
10995,pink_robe,0,0
10996,kami_high_school_uniform,0,0
10997,socks_over_pantyhose,0,0
10998,broken_wall,0,0
10999,wolf_paws,0,0
11000,foot_pussy,0,0
11001,hibiscus_print,0,0
11002,exposed_internal_machinery,0,0
11003,poketch,0,0
11004,rubbing,0,0
11005,open_box,0,0
11006,brown_helmet,0,0
11007,aburaage,0,0
11008,nico_nico_nii,0,0
11009,blurry_edges,0,0
11010,zipper_leotard,0,0
11011,treasure,0,0
11012,bazooka_(gundam),0,0
11013,babydoll_lift,0,0
11014,military_coat,0,0
11015,fire_extinguisher,0,0
11016,aqua_belt,0,0
11017,scar_across_eyebrow,0,0
11018,drawn_tail,0,0
11019,splatter_background,0,0
11020,onahole_job,0,0
11021,rectangular_earrings,0,0
11022,american_flag_shirt,0,0
11023,hongbao,0,0
11024,black_order_uniform,0,0
11025,four-pointed_star,0,0
11026,water_slide,0,0
11027,see-through_hair,0,0
11028,purple_sports_bra,0,0
11029,print_leotard,0,0
11030,distorted_halo,0,0
11031,holding_headphones,0,0
11032,in_bowl,0,0
11033,pliers,0,0
11034,yatai,0,0
11035,super_star_(mario),0,0
11036,gold_bracer,0,0
11037,machete,0,0
11038,bed_frame,0,0
11039,cherry_tree,0,0
11040,hannya,0,0
11041,ethereal_(zenless_zone_zero),0,0
11042,denim_overalls,0,0
11043,snow_strawberry_(idolmaster),0,0
11044,afterword,0,0
11045,spiked_penis,0,0
11046,eye_of_senri,0,0
11047,hoshi_no_tsue,0,0
11048,holding_ring,0,0
11049,foodification,0,0
11050,stuffed_eggplant,0,0
11051,see-through_skirt_layer,0,0
11052,cannibalism,0,0
11053,mons_pubis,0,0
11054,shamisen,0,0
11055,marionette,0,0
11056,container,0,0
11057,yokosuka_girls_marine_high_school_uniform,0,0
11058,catfight,0,0
11059,tiger_i,0,0
11060,sword_of_st._catherine_(fate),0,0
11061,grey_sandals,0,0
11062,see-through_dress_layer,0,0
11063,multicolored_sky,0,0
11064,togruta,0,0
11065,clothes_in_front,0,0
11066,husband_and_husband,0,0
11067,jewel_butt_plug,0,0
11068,grey_rose,0,0
11069,tiger_cub,0,0
11070,youtube_logo,0,0
11071,dolphin_girl,0,0
11072,serasuku,0,0
11073,back_muscles,0,0
11074,for_adoption,0,0
11075,trying_on_clothes,0,0
11076,holding_torpedo,0,0
11077,recursive_genderswap,0,0
11078,sett,0,0
11079,lonely,0,0
11080,pectoral_docking,0,0
11081,holding_rocket_launcher,0,0
11082,c-string,0,0
11083,front_zipper,0,0
11084,multiple_straps,0,0
11085,ofuda_on_nipples,0,0
11086,hamburger_steak,0,0
11087,too_many_frills,0,0
11088,guitar_strap,0,0
11089,;<,0,0
11090,angel's_24_uniform_(blue_archive),0,0
11091,orange_capelet,0,0
11092,fold-over_gloves,0,0
11093,holding_grenade,0,0
11094,unicorn_girl,0,0
11095,chronal_accelerator_(overwatch),0,0
11096,waist_hug,0,0
11097,gauze_on_knee,0,0
11098,red_veil,0,0
11099,standing_cunnilingus,0,0
11100,holding_racket,0,0
11101,razor_blade_hair_ornament,0,0
11102,ok_sign_over_eye,0,0
11103,chastity_belt,0,0
11104,pincushion,0,0
11105,ant,0,0
11106,artillery,0,0
11107,ace_of_diamonds,0,0
11108,nohrian_maid_uniform,0,0
11109,aqua_socks,0,0
11110,longcat_(meme),0,0
11111,delmogeny_uniform,0,0
11112,hypnosis_app,0,0
11113,rito,0,0
11114,looking_at_screen,0,0
11115,graph,0,0
11116,gesture,0,0
11117,cathedral,0,0
11118,in_bag,0,0
11119,stasis_tank,0,0
11120,yamaha,0,0
11121,frankenstein's_monster_costume,0,0
11122,raana_the_cat,0,0
11123,breast_cutouts,0,0
11124,band_shirt,0,0
11125,giraffe,0,0
11126,leg_focus,0,0
11127,mayqueen_maid_uniform,0,0
11128,masamune_(ff7),0,0
11129,purple_sandals,0,0
11130,white_overalls,0,0
11131,petrification,0,0
11132,elbow_sleeve,0,0
11133,flail,0,0
11134,drawn_heart,0,0
11135,roman_clothes,0,0
11136,oversized_flower,0,0
11137,gendou_pose,0,0
11138,cowl,0,0
11139,inkling_(language),0,0
11140,charisma_break,0,0
11141,battery,0,0
11142,seishou_elementary_school_uniform,0,0
11143,farm,0,0
11144,fur-trimmed_vest,0,0
11145,precum_string,0,0
11146,tentacle_tail,0,0
11147,wetland,0,0
11148,mixed-sex_combat,0,0
11149,white_sweater_vest,0,0
11150,low_poly,0,0
11151,jinbei_(clothes),0,0
11152,holding_barcode_scanner,0,0
11153,anya's_heh_face_(meme),0,0
11154,white_car,0,0
11155,ffd_threesome,0,0
11156,fish_in_mouth,0,0
11157,pokemon_day,0,0
11158,number_pun,0,0
11159,megurigaoka_high_school_uniform,0,0
11160,ave_mujica_(bang_dream!),0,0
11161,cum_on_armpits,0,0
11162,ammunition_box,0,0
11163,sledgehammer,0,0
11164,sliding,0,0
11165,spiked_gloves,0,0
11166,supermarket,0,0
11167,toddler,0,0
11168,fume,0,0
11169,hanged,0,0
11170,cheesecake,0,0
11171,holding_gourd,0,0
11172,outer_glow,0,0
11173,grate,0,0
11174,escalator,0,0
11175,gold_jewelry,0,0
11176,kupaa,0,0
11177,begging,0,0
11178,pegasus_knight_uniform_(fire_emblem),0,0
11179,cirno_day,0,0
11180,red_slingshot_swimsuit,0,0
11181,male-female_symbol,0,0
11182,grey_collar,0,0
11183,green_umbrella,0,0
11184,transformation_brooch_(sailor_moon),0,0
11185,sakura_mochi,0,0
11186,comic_sans,0,0
11187,plate_stack,0,0
11188,dvd_logo,0,0
11189,video_call,0,0
11190,chinchilla_(animal),0,0
11191,hydro_symbol_(genshin_impact),0,0
11192,sexual_harassment,0,0
11193,grasslands,0,0
11194,bimbofication,0,0
11195,bruce_lee's_jumpsuit,0,0
11196,in_shopping_cart,0,0
11197,colored_stripes,0,0
11198,military_fatigues,0,0
11199,wooden_door,0,0
11200,heart_on_cheek,0,0
11201,latex_pants,0,0
11202,torn_sleeve,0,0
11203,hands_on_another's_shoulder,0,0
11204,magik's_crown,0,0
11205,persocom_(chobits),0,0
11206,mudra,0,0
11207,pegging,0,0
11208,ghost_print,0,0
11209,gashapon,0,0
11210,kindergarten_bag,0,0
11211,crescent_halo,0,0
11212,spoken_flying_sweatdrops,0,0
11213,hanging_lantern,0,0
11214,alternate_size,0,0
11215,holding_unworn_cape,0,0
11216,choshanland_plushy_(arknights),0,0
11217,knights_of_blood_uniform_(sao),0,0
11218,deltoids,0,0
11219,holding_wallet,0,0
11220,pink_nose,0,0
11221,zouni_soup,0,0
11222,ice_crystal,0,0
11223,human_head,0,0
11224,dyed_ahoge,0,0
11225,dragon_claw,0,0
11226,pc-98_(style),0,0
11227,kundala_(fate),0,0
11228,kidnapped,0,0
11229,children's_day,0,0
11230,omamori,0,0
11231,archery_shooting_glove,0,0
11232,ukiyo-e,0,0
11233,holding_coat,0,0
11234,multiple_hat_bows,0,0
11235,king_(playing_card),0,0
11236,gae_buidhe_(fate),0,0
11237,glowing_lines,0,0
11238,great_ball,0,0
11239,sweater_jacket,0,0
11240,pink_hood,0,0
11241,tsuba_(guard),0,0
11242,female_ejaculation_through_clothes,0,0
11243,chapter_number,0,0
11244,soviet_army,0,0
11245,orange_bag,0,0
11246,pebble,0,0
11247,boomerang,0,0
11248,uppercut,0,0
11249,long-tailed_tit,0,0
11250,gerudo_set_(zelda),0,0
11251,cut-in,0,0
11252,pecha_berry,0,0
11253,orange_tabard,0,0
11254,watering,0,0
11255,grey_feathers,0,0
11256,huadian,0,0
11257,kamehameha_(dragon_ball),0,0
11258,poker,0,0
11259,pink_armor,0,0
11260,dx,0,0
11261,suspenders_hanging,0,0
11262,bnw_(umamusume),0,0
11263,clothes_on_and_off,0,0
11264,holding_stethoscope,0,0
11265,cutting_another's_hair,0,0
11266,rock_paper_scissors,0,0
11267,lunchbox,0,0
11268,knitting_needle,0,0
11269,bursting_pectorals,0,0
11270,no_coat,0,0
11271,fatter_than_canon,0,0
11272,biting_cheek,0,0
11273,bikini_day,0,0
11274,sacabambaspis,0,0
11275,yellow_tongue,0,0
11276,purple_pajamas,0,0
11277,n_corp._fanatic_(identity)_(project_moon),0,0
11278,koban_(gold),0,0
11279,pocket_square,0,0
11280,double_blade,0,0
11281,crazy_grin,0,0
11282,hand_to_blade,0,0
11283,social_network,0,0
11284,wehrmacht,0,0
11285,disposable_ice_cream_cup,0,0
11286,panties_around_ankles,0,0
11287,loosely_tucked_bangs,0,0
11288,suspenders_pull,0,0
11289,salt_shaker,0,0
11290,ferret_ears,0,0
11291,overexposure,0,0
11292,headlock,0,0
11293,jumpsuit_around_waist,0,0
11294,against_fence,0,0
11295,loose_neck_ribbon,0,0
11296,silver_armlet,0,0
11297,plaid_coat,0,0
11298,ocarina,0,0
11299,firefighter,0,0
11300,frutiger_aero,0,0
11301,poi_(phrase),0,0
11302,batting_stance,0,0
11303,absurdly_long_tail,0,0
11304,convenient_skirt,0,0
11305,view_between_legs,0,0
11306,pie_slice,0,0
11307,digital_walkman,0,0
11308,pig_girl,0,0
11309,foot_on_another's_head,0,0
11310,harpy_boy,0,0
11311,scientist,0,0
11312,heart_hair_bun,0,0
11313,liu_association_south_uniform,0,0
11314,newtype_flash,0,0
11315,flaming_skull,0,0
11316,torn_leggings,0,0
11317,pikachu_(cosplay),0,0
11318,noctchill_(idolmaster),0,0
11319,exhaust,0,0
11320,hanging_legs,0,0
11321,frilled_coat,0,0
11322,yakumo_family_(touhou),0,0
11323,canned_food,0,0
11324,minimap,0,0
11325,ear_cleaning,0,0
11326,food_theft,0,0
11327,penis_piercing,0,0
11328,finger_claws,0,0
11329,carrying_overhead,0,0
11330,mother's_day,0,0
11331,pill_bottle,0,0
11332,trampling,0,0
11333,food_on_clothes,0,0
11334,taking_shelter,0,0
11335,store_clerk,0,0
11336,airplane_interior,0,0
11337,field_of_blades,0,0
11338,clothes_focus,0,0
11339,simulacrum_(titanfall),0,0
11340,giraffe_ears,0,0
11341,ferret_girl,0,0
11342,breasts_day,0,0
11343,multiple_cats,0,0
11344,fake_beard,0,0
11345,grabbing_own_thigh,0,0
11346,kindergarten,0,0
11347,rubber_band,0,0
11348,jackal_tail,0,0
11349,holding_earphones,0,0
11350,pile_of_books,0,0
11351,knocking,0,0
11352,bandages_over_eyes,0,0
11353,plaid_shawl,0,0
11354,single_vambrace,0,0
11355,partially_open_jacket,0,0
11356,cut-here_line,0,0
11357,holding_sandals,0,0
11358,swallowing,0,0
11359,noren,0,0
11360,curved_horns,0,0
11361,bikini_tug,0,0
11362,red_male_swimwear,0,0
11363,musical_note_earrings,0,0
11364,text_in_eyes,0,0
11365,baby's-breath,0,0
11366,shochuumimai,0,0
11367,biplane,0,0
11368,single_unworn_glove,0,0
11369,dragonslayer_(sword),0,0
11370,flood,0,0
11371,witch's_labyrinth,0,0
11372,gradient_filter,0,0
11373,spots,0,0
11374,bent_v,0,0
11375,gradient_necktie,0,0
11376,coffee_beans,0,0
11377,heart-shaped_lollipop,0,0
11378,sculpture,0,0
11379,paradeus,0,0
11380,looking_at_creature,0,0
11381,spool,0,0
11382,turntable,0,0
11383,picking_up,0,0
11384,reichsadler,0,0
11385,stuffed_fish,0,0
11386,kafuu_chino's_school_uniform,0,0
11387,ribbon_as_bra,0,0
11388,black_blood,0,0
11389,birthday_sash,0,0
11390,mayonnaise,0,0
11391,nijisanji_idol_uniform,0,0
11392,imminent_death,0,0
11393,alternate_height,0,0
11394,truss,0,0
11395,upward_angle_frieren_drawing_(meme),0,0
11396,parking_lot,0,0
11397,frilled_footwear,0,0
11398,postbox_(outgoing_mail),0,0
11399,profile_picture,0,0
11400,corset_piercing,0,0
11401,sign_around_neck,0,0
11402,mihuashi_username,0,0
11403,sword_of_the_creator,0,0
11404,decorating_christmas_tree,0,0
11405,plant_name,0,0
11406,chain_around_arm,0,0
11407,wuthering_heights_(identity)_(project_moon),0,0
11408,butterflyfish,0,0
11409,yuyushiki's_school_uniform,0,0
11410,red_overalls,0,0
11411,snowball_fight,0,0
11412,ponytail_holder,0,0
11413,rejection,0,0
11414,stage_connection,0,0
11415,chipmunk_tail,0,0
11416,historical_event,0,0
11417,kansaiben,0,0
11418,goose,0,0
11419,ring-con,0,0
11420,draw_this_in_your_style_challenge,0,0
11421,tennis_court,0,0
11422,triceps,0,0
11423,alternate_design,0,0
11424,faceplant,0,0
11425,double_anal,0,0
11426,imminent_suicide,0,0
11427,royal_robe,0,0
11428,putting_on_gloves,0,0
11429,x-ray_vision,0,0
11430,artist_self-reference,0,0
11431,edel_note,0,0
11432,vintage_microphone,0,0
11433,cycling_uniform,0,0
11434,tour_guide,0,0
11435,bead_anklet,0,0
11436,postage_stamp,0,0
11437,uno_(game),0,0
11438,sitrus_berry,0,0
11439,after-school_sweets_club_(blue_archive),0,0
11440,poop,0,0
11441,prostate_milking,0,0
11442,electrodes,0,0
11443,tank_helmet,0,0
11444,sombrero,0,0
11445,pinwheel_hair_ornament,0,0
11446,tohmi_higashi_high_school_uniform,0,0
11447,kantele,0,0
11448,prisoner,0,0
11449,madoka_runes,0,0
11450,linked_collar,0,0
11451,ice_cream_spoon,0,0
11452,after_fingering,0,0
11453,banchou,0,0
11454,skirt_caught_on_object,0,0
11455,flight_attendant,0,0
11456,mukyuu,0,0
11457,engine,0,0
11458,spiked_mace,0,0
11459,bikini_around_one_leg,0,0
11460,clitoris_ring,0,0
11461,hume,0,0
11462,accessories,0,0
11463,grandfather_and_grandson,0,0
11464,black_slippers,0,0
11465,price,0,0
11466,off-shoulder_leotard,0,0
11467,market,0,0
11468,sos_brigade,0,0
11469,zun_pose,0,0
11470,slug_girl,0,0
11471,push-ups,0,0
11472,boobs_in_book_(meme),0,0
11473,vertical-striped_necktie,0,0
11474,tsuki_ni_kawatte_oshioki_yo,0,0
11475,canister,0,0
11476,carriage,0,0
11477,pink_mittens,0,0
11478,display_case,0,0
11479,hololive_idol_uniform_(color_rise),0,0
11480,ship's_wheel,0,0
11481,in_cage,0,0
11482,anime_screenshot_inset,0,0
11483,sailor_moon_(cosplay),0,0
11484,metal_wings,0,0
11485,striped_choker,0,0
11486,folded_twintails,0,0
11487,bomber,0,0
11488,ring_box,0,0
11489,on_toilet,0,0
11490,sexualized_chibi,0,0
11491,yoga_mat,0,0
11492,exit_sign,0,0
11493,holding_tennis_racket,0,0
11494,tall_male,0,0
11495,binder,0,0
11496,chokutou,0,0
11497,chain_bracelet,0,0
11498,anna_miller,0,0
11499,v_legs,0,0
11500,speaking_tube_headset,0,0
11501,yuanlingpao,0,0
11502,charging_forward,0,0
11503,holding_mushroom,0,0
11504,himeya_company_uniform,0,0
11505,steppee_focus,0,0
11506,hooded_leotard,0,0
11507,steam_from_mouth,0,0
11508,six_fanarts_challenge,0,0
11509,numbered_panels,0,0
11510,shibari_under_clothes,0,0
11511,virgin,0,0
11512,staff_of_selection_(fate),0,0
11513,holding_bento,0,0
11514,super_highleg,0,0
11515,oxygen_tank,0,0
11516,utensil,0,0
11517,ludvico_private_girls'_academy_school_uniform,0,0
11518,naked_chocolate,0,0
11519,cold_pack,0,0
11520,coco's,0,0
11521,cutlass,0,0
11522,orange_butterfly,0,0
11523,navel_focus,0,0
11524,fur_(clothing),0,0
11525,spotted_fur,0,0
11526,horn_(instrument),0,0
11527,osmanthus,0,0
11528,orange_planet_uniform,0,0
11529,see-through_babydoll,0,0
11530,oil_lamp,0,0
11531,chabudai,0,0
11532,chest_rig,0,0
11533,rice_cooker,0,0
11534,lace-trimmed_apron,0,0
11535,wiping_blood,0,0
11536,recursion,0,0
11537,thick_leg_hair,0,0
11538,eurasian_tree_sparrow,0,0
11539,satogahama_baseball_uniform,0,0
11540,eye_tattoo,0,0
11541,paper_background,0,0
11542,weight,0,0
11543,okamoto_condoms,0,0
11544,chun-li_(cosplay),0,0
11545,wave_print,0,0
11546,grabbing_own_hair,0,0
11547,corn_dog,0,0
11548,whale_tail_(clothing),0,0
11549,sig_556,0,0
11550,feature_phone,0,0
11551,sugoi_dekai,0,0
11552,credit_card,0,0
11553,fake_nails,0,0
11554,red_panda,0,0
11555,matcha_(food),0,0
11556,swinging_baseball_bat,0,0
11557,double_biceps_pose,0,0
11558,stuffed_lion,0,0
11559,butterfly_necklace,0,0
11560,keytar,0,0
11561,mexico,0,0
11562,sitting_on_head,0,0
11563,glitter_dress,0,0
11564,hyakkaou_academy_school_uniform,0,0
11565,heart_ring_choker,0,0
11566,box_truck,0,0
11567,clothed_after_sex,0,0
11568,oiran,0,0
11569,scrape,0,0
11570,plaid_capelet,0,0
11571,studio_microphone,0,0
11572,changing_clothes,0,0
11573,ballet_class_clothes,0,0
11574,lum_(cosplay),0,0
11575,arm_scrunchie,0,0
11576,tasting,0,0
11577,pavilion,0,0
11578,oden,0,0
11579,wrestler,0,0
11580,salmon,0,0
11581,extended_downblouse,0,0
11582,gear_hair_ornament,0,0
11583,panties_visible_through_clothes,0,0
11584,chocolate_cornet,0,0
11585,pelvic_curtain_aside,0,0
11586,stinger,0,0
11587,window_light,0,0
11588,bikini_in_mouth,0,0
11589,threat,0,0
11590,white_gem,0,0
11591,yellow_shawl,0,0
11592,rod,0,0
11593,shiny_footwear,0,0
11594,saber_(fate)_(cosplay),0,0
11595,fake_photograph,0,0
11596,single_earphone_removed,0,0
11597,bunny_slippers,0,0
11598,grass_root_youkai_network,0,0
11599,gold_horns,0,0
11600,implied_murder,0,0
11601,grandmother_and_granddaughter,0,0
11602,sig_mpx,0,0
11603,genie,0,0
11604,flute_tassel,0,0
11605,armored_vehicle,0,0
11606,swallow_(bird),0,0
11607,white_uniform,0,0
11608,go_(board_game),0,0
11609,racetrack,0,0
11610,sharp_sign,0,0
11611,aqua_hoodie,0,0
11612,double_thumbs_up,0,0
11613,see-through_mask,0,0
11614,pyramid_(geometry),0,0
11615,parachute,0,0
11616,red_bandage,0,0
11617,cracked_screen,0,0
11618,clash,0,0
11619,ninjatou,0,0
11620,iron_blood_(emblem),0,0
11621,m16a1,0,0
11622,iron_fence,0,0
11623,404_(girls'_frontline),0,0
11624,colorpoint_(pattern),0,0
11625,mechanical_hair,0,0
11626,reverse_princess_carry,0,0
11627,grey_sash,0,0
11628,rear-view_mirror,0,0
11629,hirschgeweih_antennas,0,0
11630,pink_overalls,0,0
11631,axolotl,0,0
11632,academic_test,0,0
11633,bent_back,0,0
11634,collar_tabs,0,0
11635,zanshomimai,0,0
11636,tamagotchi_(virtual_pet),0,0
11637,clutching_chest,0,0
11638,single_mechanical_leg,0,0
11639,phantom_thief,0,0
11640,touching,0,0
11641,harbor,0,0
11642,striped_camisole,0,0
11643,skull_brooch,0,0
11644,holding_ticket,0,0
11645,praying_mantis,0,0
11646,fold-over_collar,0,0
11647,sunflower_print,0,0
11648,star_of_life,0,0
11649,kubo_tite_(style),0,0
11650,blood_on_gloves,0,0
11651,fabulous,0,0
11652,nameless_dagger_(fate),0,0
11653,loaf_of_bread,0,0
11654,fist_in_hand,0,0
11655,polka_dot_pantyhose,0,0
11656,too_many_hair_ornaments,0,0
11657,gate_of_babylon_(fate),0,0
11658,rabbit_ornament,0,0
11659,archaic_set_(zelda),0,0
11660,collar_chain_(jewelry),0,0
11661,tsab_air_military_uniform,0,0
11662,hairstyle_connection,0,0
11663,chinese_armor,0,0
11664,figure_skating_dress,0,0
11665,karaoke_box,0,0
11666,aphrodisiac,0,0
11667,clow_card,0,0
11668,mind_reading,0,0
11669,empty_pool,0,0
11670,numbers_(nanoha),0,0
11671,kavacha_(fate),0,0
11672,severed_hand,0,0
11673,lizardman,0,0
11674,striped_leggings,0,0
11675,adjustable_wrench,0,0
11676,v_sisters,0,0
11677,air_mattress,0,0
11678,mochitsuki,0,0
11679,cuffs-to-collar,0,0
11680,apple_pie,0,0
11681,akemi_homura_(cosplay),0,0
11682,harpoon,0,0
11683,throat_bulge,0,0
11684,clam_shell,0,0
11685,sheikah_slate,0,0
11686,wooden_bridge,0,0
11687,boom_barrier,0,0
11688,rolling,0,0
11689,miso_soup,0,0
11690,holding_kunai,0,0
11691,buttjob_over_clothes,0,0
11692,side-seamed_legwear,0,0
11693,celebration,0,0
11694,ring_of_light_(blue_archive),0,0
11695,triple_baka_(group),0,0
11696,luxury_ball,0,0
11697,unfastened,0,0
11698,kanoko_(pattern),0,0
11699,sweeping,0,0
11700,force-feeding,0,0
11701,headwear_with_attached_mittens,0,0
11702,pom_pom_hat_ornament,0,0
11703,double_chin,0,0
11704,faceoff,0,0
11705,griffin,0,0
11706,robot_dragon,0,0
11707,open_bag,0,0
11708,mandibles,0,0
11709,chain_earrings,0,0
11710,sitting_split,0,0
11711,cuffed,0,0
11712,lace_pantyhose_hooked_on_heel_(meme),0,0
11713,will-o'-the-wisp_(mythology),0,0
11714,dandelion_seed,0,0
11715,grey_hood,0,0
11716,yellow_eyeshadow,0,0
11717,crystal_sword,0,0
11718,gold_headwear,0,0
11719,baking_sheet,0,0
11720,earth_federation_space_forces,0,0
11721,bandana_over_mouth,0,0
11722,thick_outlines,0,0
11723,canyon,0,0
11724,black_headscarf,0,0
11725,woodland_camouflage,0,0
11726,pravda_(emblem),0,0
11727,backpack_basket,0,0
11728,ipad,0,0
11729,lace-trimmed_bow,0,0
11730,washing_another,0,0
11731,yamato_(sword),0,0
11732,striped_leotard,0,0
11733,tea_party,0,0
11734,pink_diamond_765_(idolmaster),0,0
11735,spiked_knuckles,0,0
11736,manhole_cover,0,0
11737,dog_costume,0,0
11738,polka_dot_socks,0,0
11739,object_in_clothes,0,0
11740,space_cat_(meme),0,0
11741,gunbuster_pose,0,0
11742,crystal_hair_ornament,0,0
11743,adjusting_goggles,0,0
11744,china,0,0
11745,miyoushe_watermark,0,0
11746,hoyolab_sticker_redraw,0,0
11747,colored_pencil,0,0
11748,silent_princess,0,0
11749,garlean,0,0
11750,komainu_girl,0,0
11751,france,0,0
11752,plaid_trim,0,0
11753,rectangular_pupils,0,0
11754,wooden_lantern,0,0
11755,partially_open_shirt,0,0
11756,gaiters,0,0
11757,thumb_sucking,0,0
11758,zentradi,0,0
11759,see-through_raincoat,0,0
11760,spoken_star,0,0
11761,heart-shaped_pubic_hair,0,0
11762,swinging_on_swing,0,0
11763,cargo_shorts,0,0
11764,bouncing_ass,0,0
11765,blue_leggings,0,0
11766,cross_pendant,0,0
11767,source_quote_parody,0,0
11768,andon,0,0
11769,water_balloon,0,0
11770,gold_dress,0,0
11771,mystic_eyes_of_death_perception,0,0
11772,alpha_signature,0,0
11773,myrtenaster,0,0
11774,stick_poster,0,0
11775,fuuka_academy_school_uniform,0,0
11776,pseudo-tokyo_school_uniform,0,0
11777,pov_legs,0,0
11778,cobra_(animal),0,0
11779,standing_missionary,0,0
11780,tiger_paws,0,0
11781,throwing_needles,0,0
11782,licking_hand,0,0
11783,muscular_uke,0,0
11784,mechanical_spine,0,0
11785,nightmare,0,0
11786,adjusting_bra,0,0
11787,sleeveless_duster,0,0
11788,tank_shell,0,0
11789,green_buruma,0,0
11790,fainting,0,0
11791,buddhist_nun,0,0
11792,building_sand_sculpture,0,0
11793,blue_babydoll,0,0
11794,crescent_choker,0,0
11795,black_pajamas,0,0
11796,qi_lolita,0,0
11797,2004,0,0
11798,breasts_on_tray,0,0
11799,stick_figure,0,0
11800,industrial,0,0
11801,pink_armband,0,0
11802,ribbon-trimmed_bra,0,0
11803,pea_pod,0,0
11804,blue_crown,0,0
11805,gold_osmanthus,0,0
11806,hand_jewel,0,0
11807,hands_on_another's_arms,0,0
11808,hat_loss,0,0
11809,dialogue_options,0,0
11810,tokiwadai_school_gym_uniform,0,0
11811,overhead_line,0,0
11812,juuban_middle_school_uniform,0,0
11813,forced,0,0
11814,bait_and_switch,0,0
11815,cunnilingus_through_clothes,0,0
11816,pink_shawl,0,0
11817,over_the_nose_gag,0,0
11818,holding_unworn_dress,0,0
11819,factory,0,0
11820,gold_nails,0,0
11821,ass_smack,0,0
11822,holding_cleaver,0,0
11823,bible_(object),0,0
11824,bridge_piercing,0,0
11825,holding_eyeball,0,0
11826,minecraft_(style),0,0
11827,mismatched_animal_ear_colors,0,0
11828,disintegration,0,0
11829,kurokumo_clan_(identity)_(project_moon),0,0
11830,holding_chibi,0,0
11831,soviet_school_uniform,0,0
11832,hair_branch,0,0
11833,melusine_(genshin_impact),0,0
11834,native_american_clothes,0,0
11835,peaked_lapels,0,0
11836,spire,0,0
11837,summoning,0,0
11838,lamb,0,0
11839,decorations,0,0
11840,frilled_garter,0,0
11841,dildo_under_panties,0,0
11842,holding_trophy,0,0
11843,submission_hold,0,0
11844,brown_headband,0,0
11845,green_male_underwear,0,0
11846,gold_gloves,0,0
11847,fur-trimmed_robe,0,0
11848,collared_bodysuit,0,0
11849,gold_leotard,0,0
11850,art_shift,0,0
11851,rainbow_eyes,0,0
11852,naked_paint,0,0
11853,h&k_mp5,0,0
11854,no_cape,0,0
11855,split_crop,0,0
11856,euphonium,0,0
11857,feather_necklace,0,0
11858,ribbon-trimmed_bow,0,0
11859,see-through_pantyhose,0,0
11860,armless_amputee,0,0
11861,crystal_necklace,0,0
11862,neck_pillow,0,0
11863,ko-omote_mask,0,0
11864,matches,0,0
11865,hip_dips,0,0
11866,single_sleeve_past_wrist,0,0
11867,mounting,0,0
11868,doujigiri_yasutsuna_(fate),0,0
11869,team_star,0,0
11870,holding_bamboo_steamer,0,0
11871,shorts_under_shorts,0,0
11872,ovum_with_heart,0,0
11873,orange_armband,0,0
11874,clover_(flower),0,0
11875,single_arm_guard,0,0
11876,panties_on_penis,0,0
11877,nest,0,0
11878,sports_sandals,0,0
11879,relay_baton,0,0
11880,undone_bowtie,0,0
11881,two-tone_socks,0,0
11882,fishbowl_helmet,0,0
11883,autofacial,0,0
11884,bodycon,0,0
11885,purple_helmet,0,0
11886,large_ribbon,0,0
11887,techwear,0,0
11888,konpeitou,0,0
11889,bursting_ass,0,0
11890,breast_freckles,0,0
11891,wet_spot,0,0
11892,wet_pantyhose,0,0
11893,lying_on_another,0,0
11894,toy_hammer,0,0
11895,fleet,0,0
11896,small_penis_humiliation,0,0
11897,feather-trimmed_dress,0,0
11898,chestnut,0,0
11899,butterfly_on_head,0,0
11900,between_labia,0,0
11901,knot,0,0
11902,cockroach_girl,0,0
11903,highway,0,0
11904,shitty_admiral_(phrase),0,0
11905,print_bandana,0,0
11906,pokemon_egg,0,0
11907,symbol,0,0
11908,meditation,0,0
11909,naked_necktie,0,0
11910,kei_truck,0,0
11911,penis_ribbon,0,0
11912,hijab,0,0
11913,super_soaker,0,0
11914,covered_piercing,0,0
11915,fur_sleeves,0,0
11916,no_entry_sign,0,0
11917,star-shaped_pillow,0,0
11918,pleading_eyes,0,0
11919,vs,0,0
11920,weeds,0,0
11921,;t,0,0
11922,aunt_and_nephew,0,0
11923,charging_device,0,0
11924,lace-trimmed_bikini,0,0
11925,unworn_legwear,0,0
11926,giraffe_horns,0,0
11927,pretzel,0,0
11928,lifting,0,0
11929,air_jordan,0,0
11930,holding_cage,0,0
11931,empty_plate,0,0
11932,hoshinoumi_academy_school_uniform,0,0
11933,removing_bra,0,0
11934,exposed_brain,0,0
11935,latex_shrug,0,0
11936,single_legwear_garter,0,0
11937,draenei,0,0
11938,progression,0,0
11939,deal_with_it_(meme),0,0
11940,aqua_one-piece_swimsuit,0,0
11941,falcon,0,0
11942,purple_shawl,0,0
11943,naked_dogeza,0,0
11944,rose_background,0,0
11945,stuffed_octopus,0,0
11946,holding_id_card,0,0
11947,togenashi_togeari,0,0
11948,epiphyllum,0,0
11949,biting_clothes,0,0
11950,saturated,0,0
11951,pac-man_eyes,0,0
11952,tamaranean,0,0
11953,surprised_arms,0,0
11954,cashier,0,0
11955,camouflage_shorts,0,0
11956,heart_antenna_hair,0,0
11957,frilled_arm_warmers,0,0
11958,ace_of_clubs,0,0
11959,blue_screen_of_death,0,0
11960,table_tennis,0,0
11961,casino_card_table,0,0
11962,too_many_eyes,0,0
11963,striped_pillow,0,0
11964,chupa_chups,0,0
11965,pink_corset,0,0
11966,putting_on_footwear,0,0
11967,gehenna_academy_logo,0,0
11968,contortion,0,0
11969,hair_around_ear,0,0
11970,print_sash,0,0
11971,shampoo,0,0
11972,hestia_(danmachi)_(cosplay),0,0
11973,vertical-striped_pajamas,0,0
11974,tupet,0,0
11975,ayanami_rei_(cosplay),0,0
11976,scarf_grab,0,0
11977,reverse_footjob,0,0
11978,dew_drop,0,0
11979,fisting,0,0
11980,hand_fan_writing,0,0
11981,backless_bodysuit,0,0
11982,pink_tube_top,0,0
11983,on_moon,0,0
11984,achiga_school_uniform,0,0
11985,shirt_under_kimono,0,0
11986,male_swimwear_challenge,0,0
11987,holding_boxcutter,0,0
11988,italy,0,0
11989,print_cape,0,0
11990,meni_shuki_rush-sshu!,0,0
11991,single_over-kneehigh,0,0
11992,multicolored_sleeves,0,0
11993,fainted,0,0
11994,blue_car,0,0
11995,blue_slippers,0,0
11996,stargazing,0,0
11997,mitarashi_dango,0,0
11998,undone_sarashi,0,0
11999,playing_card_theme,0,0
12000,bathroom_scale,0,0
12001,tokyo_big_sight,0,0
12002,locket,0,0
12003,disappointed,0,0
12004,zanpakutou,0,0
12005,salmonid,0,0
12006,umbrakinesis,0,0
12007,komainu,0,0
12008,sword_writing,0,0
12009,giant_brush,0,0
12010,zhijupao,0,0
12011,checkered_hat,0,0
12012,cuntboy_with_male,0,0
12013,capybara,0,0
12014,plaid_sailor_collar,0,0
12015,arm_mounted_weapon,0,0
12016,bike_shorts_pull,0,0
12017,super_saiyan_3,0,0
12018,reverse_grip_handjob,0,0
12019,happy_facial,0,0
12020,feather_duster,0,0
12021,nami_junior_high_school_uniform,0,0
12022,tentacle_on_penis,0,0
12023,explosion_background,0,0
12024,uu~,0,0
12025,staff_of_homa_(genshin_impact),0,0
12026,detached_arm,0,0
12027,black_tea,0,0
12028,red_serafuku,0,0
12029,sitting_on_box,0,0
12030,marble_(toy),0,0
12031,rhinoceros_beetle,0,0
12032,chinese_bellflower,0,0
12033,lady_yu_doll,0,0
12034,holding_walkie-talkie,0,0
12035,yamaku_high_school_uniform,0,0
12036,chibigurumi,0,0
12037,butterfly_print_kimono,0,0
12038,concealed_weapon,0,0
12039,craft_essence_(fate),0,0
12040,striped_blush,0,0
12041,viking,0,0
12042,flamingo,0,0
12043,ikura_(food),0,0
12044,tongue_grab,0,0
12045,no_male_underwear,0,0
12046,under_umbrella,0,0
12047,lunatic_gun,0,0
12048,visor_lift,0,0
12049,digital_camouflage,0,0
12050,alter_servant,0,0
12051,nudist_beach_uniform,0,0
12052,color_coordination,0,0
12053,stealth_flashing,0,0
12054,animal_dildo,0,0
12055,holding_skateboard,0,0
12056,hands_on_table,0,0
12057,flying_nimbus,0,0
12058,shirt_slip,0,0
12059,holding_rod,0,0
12060,breast_contest,0,0
12061,shared_bed,0,0
12062,team_aqua,0,0
12063,bug_cage,0,0
12064,holding_spray_can,0,0
12065,bodystocking_only,0,0
12066,crustacean,0,0
12067,shared_thought_bubble,0,0
12068,holding_snowball,0,0
12069,pig_tail,0,0
12070,in_bottle,0,0
12071,punching_bag,0,0
12072,flower-trimmed_dress,0,0
12073,steel_beam,0,0
12074,gloved_sleeves,0,0
12075,bloomers_pull,0,0
12076,cross-laced_shorts,0,0
12077,loose_bikini,0,0
12078,mercedes-benz,0,0
12079,stakes_of_purgatory,0,0
12080,shoshinsha_mark,0,0
12081,genocide_route_(undertale),0,0
12082,tachi_(weapon),0,0
12083,fork_hair_ornament,0,0
12084,fluff,0,0
12085,change_in_common_sense,0,0
12086,dr_pepper,0,0
12087,well,0,0
12088,eevee_backpack,0,0
12089,yen,0,0
12090,armpit_carry,0,0
12091,paint_roller,0,0
12092,mauser_c96,0,0
12093,cream_on_body,0,0
12094,25-ji_nightcord_de._(project_sekai),0,0
12095,bandaid_on_stomach,0,0
12096,neck_warmer,0,0
12097,kayari_buta,0,0
12098,unusual_insertion,0,0
12099,handlebar,0,0
12100,hearing_aid,0,0
12101,crossed_swords,0,0
12102,seikan_hikou,0,0
12103,holding_sandwich,0,0
12104,lipstick_mark_on_neck,0,0
12105,butterfly_hat_ornament,0,0
12106,ooarai_naval_school_uniform,0,0
12107,haori_himo,0,0
12108,t-pose,0,0
12109,ukrainian_flag,0,0
12110,prolapse,0,0
12111,holding_shuriken,0,0
12112,watermelon_print,0,0
12113,green_sarong,0,0
12114,grandfather_and_granddaughter,0,0
12115,picot_trim_panties,0,0
12116,double_finger_gun,0,0
12117,poinsettia,0,0
12118,hardboiled_egg,0,0
12119,karakura_high_school_uniform,0,0
12120,lemonade,0,0
12121,requesting_internal_cumshot,0,0
12122,asmr,0,0
12123,test_score,0,0
12124,camouflage_skirt,0,0
12125,cracked_kawaii_mask,0,0
12126,barista,0,0
12127,chin_piercing,0,0
12128,peafowl,0,0
12129,piglet,0,0
12130,ribbon-trimmed_gloves,0,0
12131,peach_hair_ornament,0,0
12132,on_magic_circle,0,0
12133,shaving,0,0
12134,merfolk_out_of_environment,0,0
12135,laundromat,0,0
12136,holding_trumpet,0,0
12137,thompson_submachine_gun,0,0
12138,tossing,0,0
12139,starting_block,0,0
12140,suzuki_(company),0,0
12141,double_middle_finger,0,0
12142,green_sandals,0,0
12143,black_gem,0,0
12144,tight_top,0,0
12145,leopard_girl,0,0
12146,lever_action,0,0
12147,waist_bag,0,0
12148,eagle_union_(emblem),0,0
12149,washbowl,0,0
12150,after_cunnilingus,0,0
12151,constriction,0,0
12152,bamboo_screen,0,0
12153,earflap_beanie,0,0
12154,backless_pants,0,0
12155,quintuplets,0,0
12156,fake_ad,0,0
12157,flying_saucer,0,0
12158,tracen_winter_coat,0,0
12159,jelly_bean,0,0
12160,foaming_at_the_mouth,0,0
12161,kibina_high_school_uniform,0,0
12162,blue_overskirt,0,0
12163,ankh_necklace,0,0
12164,sashimi,0,0
12165,stake,0,0
12166,mutation,0,0
12167,panty_&_stocking_with_garterbelt_(style),0,0
12168,fruit_tart,0,0
12169,bonfire,0,0
12170,pants_under_shorts,0,0
12171,vertical-striped_scarf,0,0
12172,vertical-striped_gloves,0,0
12173,blowing_whistle,0,0
12174,miku_collar_bikini,0,0
12175,turning_around,0,0
12176,d;,0,0
12177,presenting_anus,0,0
12178,too_many_birds,0,0
12179,bear_trap,0,0
12180,human_stacking,0,0
12181,buckler,0,0
12182,hugging_another's_tail,0,0
12183,hebijo_academy_school_uniform,0,0
12184,lipstick_mark_on_breast,0,0
12185,king,0,0
12186,a_world_underneath,0,0
12187,blu-ray_cover,0,0
12188,dog_paws,0,0
12189,nail_(hollow_knight),0,0
12190,standing_on_object,0,0
12191,pink_nightgown,0,0
12192,satellite,0,0
12193,souya_high_school_uniform,0,0
12194,thick_neck,0,0
12195,jet_airliner,0,0
12196,wooden_ceiling,0,0
12197,love_triangle,0,0
12198,brown_hood,0,0
12199,purple_nipples,0,0
12200,torn_bra,0,0
12201,glowing_gem,0,0
12202,beam,0,0
12203,cupping_glass,0,0
12204,lifting_covers,0,0
12205,dragunov_svd,0,0
12206,necktie_in_mouth,0,0
12207,lantern_festival,0,0
12208,gradient_gloves,0,0
12209,holding_folder,0,0
12210,small_stellated_dodecahedron,0,0
12211,satyr,0,0
12212,bald_female,0,0
12213,crosier,0,0
12214,injection,0,0
12215,ribbon_baton,0,0
12216,mattress,0,0
12217,h&k_mp7,0,0
12218,finger_gun_to_head,0,0
12219,grandfather_clock,0,0
12220,lightning_bolt_earrings,0,0
12221,icon_(computing),0,0
12222,yellow_robe,0,0
12223,person_between_breasts,0,0
12224,metal_belt,0,0
12225,blush_visible_through_hair,0,0
12226,vanity_table,0,0
12227,holding_oar,0,0
12228,chuo_tanegashima_high_school_uniform,0,0
12229,pink_tattoo,0,0
12230,breasts_on_another's_back,0,0
12231,dragonfly_wings,0,0
12232,glitch_art,0,0
12233,mood_(umamusume),0,0
12234,holding_golf_club,0,0
12235,autoarousal,0,0
12236,striped_suit,0,0
12237,ostrich,0,0
12238,lasso,0,0
12239,highleg_dress,0,0
12240,kodomo_no_hi,0,0
12241,symmetrical_hand_pose,0,0
12242,asymmetrical_eyewear,0,0
12243,sea_slug_girl,0,0
12244,bmw,0,0
12245,foreskin_pull,0,0
12246,holy_grail_(fate),0,0
12247,muntins,0,0
12248,flying_whale,0,0
12249,tenugui,0,0
12250,moriya's_iron_rings,0,0
12251,headshot,0,0
12252,rope_around_neck,0,0
12253,rainbow_print,0,0
12254,shiranui_mai_(cosplay),0,0
12255,rifle_cartridge,0,0
12256,is_that_so,0,0
12257,?_block,0,0
12258,dismemberment,0,0
12259,idol_heart_incom,0,0
12260,clothes_rack,0,0
12261,cocked_eyebrow,0,0
12262,gothic_architecture,0,0
12263,holding_screwdriver,0,0
12264,u's_2nd_years,0,0
12265,fried_egg_on_toast,0,0
12266,no,0,0
12267,breast_mousepad,0,0
12268,pov_shadow,0,0
12269,affectionate_harem,0,0
12270,samurai_jacket_(cyberpunk),0,0
12271,tokyo_tower,0,0
12272,mario_(cosplay),0,0
12273,naked_suspenders,0,0
12274,rabbit_mask,0,0
12275,hakuo_school_uniform,0,0
12276,bust_chart,0,0
12277,orange_one-piece_swimsuit,0,0
12278,mushroom_hat,0,0
12279,gunpod,0,0
12280,koala,0,0
12281,listen!!,0,0
12282,height_mark,0,0
12283,bubble_pipe,0,0
12284,tropical,0,0
12285,antler_ornament,0,0
12286,willow,0,0
12287,hooded_pajamas,0,0
12288,nendoroid,0,0
12289,large_bulge,0,0
12290,shiny_lips,0,0
12291,pet_walking,0,0
12292,cum_in_panties,0,0
12293,originium_(arknights),0,0
12294,peacock,0,0
12295,hamster_ears,0,0
12296,thumbprint_cookie,0,0
12297,multicolored_socks,0,0
12298,bucket_of_water,0,0
12299,cupping_hand,0,0
12300,alternate_footwear,0,0
12301,crayon_drawing,0,0
12302,musical_staff_print,0,0
12303,beaver_ears,0,0
12304,paint_stains,0,0
12305,stomach_punch,0,0
12306,orange_sports_bra,0,0
12307,unworn_pantyhose,0,0
12308,polka_dot_necktie,0,0
12309,spreading_own_ass,0,0
12310,phone_over_face,0,0
12311,holding_bomb,0,0
12312,yakuza,0,0
12313,toy_car,0,0
12314,giving_birth,0,0
12315,sitting_between_legs,0,0
12316,panties_around_thighs,0,0
12317,gingham_apron,0,0
12318,panda_costume,0,0
12319,cuddling_handjob,0,0
12320,cheek_tattoo,0,0
12321,cleats,0,0
12322,purple_mask,0,0
12323,stuffed_carrot,0,0
12324,firefighter_jacket,0,0
12325,eyewear_lift,0,0
12326,clothed_bath,0,0
12327,walkman,0,0
12328,school_swimsuit_flap,0,0
12329,navel_peek,0,0
12330,ribbon-trimmed_hairband,0,0
12331,inflatable_orca,0,0
12332,sweater_around_neck,0,0
12333,slime_boy,0,0
12334,kuromorimine_(emblem),0,0
12335,blizzard,0,0
12336,black_mittens,0,0
12337,tactical_surface_fighter,0,0
12338,bucket_on_head,0,0
12339,indonesian_text,0,0
12340,fur-trimmed_mittens,0,0
12341,eye_pop,0,0
12342,hand_under_swimsuit,0,0
12343,ak-12,0,0
12344,bandage_on_cheek,0,0
12345,wolf_hood,0,0
12346,arm_over_shoulder,0,0
12347,leather_skirt,0,0
12348,cutoff_jeans,0,0
12349,team_galactic,0,0
12350,bamboo_fence,0,0
12351,shaka_sign,0,0
12352,feminization,0,0
12353,fox_hat,0,0
12354,hand_on_own_ankle,0,0
12355,pages,0,0
12356,holding_tanzaku,0,0
12357,latte_art,0,0
12358,sheep_boy,0,0
12359,apron_hold,0,0
12360,stealth_masturbation,0,0
12361,arm_wrestling,0,0
12362,white_raincoat,0,0
12363,book_on_head,0,0
12364,sweater_tug,0,0
12365,collared_cloak,0,0
12366,mustard,0,0
12367,fruit_tree,0,0
12368,gold_saint,0,0
12369,tootsuki_saryou_ryouri_gakuen_uniform,0,0
12370,ball_busting,0,0
12371,human_toilet,0,0
12372,scimitar,0,0
12373,koonago,0,0
12374,bear_paws,0,0
12375,hair_over_mouth,0,0
12376,bouncing_penis,0,0
12377,face_shield,0,0
12378,national_shin_ooshima_school_uniform,0,0
12379,long_sword,0,0
12380,kunreishiki,0,0
12381,multiple_theme_colors,0,0
12382,vanripper_(style),0,0
12383,fellatio_under_mask,0,0
12384,alpaca_tail,0,0
12385,yellow_moon,0,0
12386,double-sided_axe,0,0
12387,sucking_own_breasts,0,0
12388,star_censor,0,0
12389,cocktail_umbrella,0,0
12390,awkward,0,0
12391,hug_from_side,0,0
12392,bondage_mittens,0,0
12393,h&k_g11,0,0
12394,armillary_sphere,0,0
12395,robotic_vacuum_cleaner,0,0
12396,stack,0,0
12397,tail_belt,0,0
12398,sig_p220/p226,0,0
12399,aoqun,0,0
12400,stew,0,0
12401,half-harpy,0,0
12402,grass_type_theme_(pokemon),0,0
12403,lit_fuse,0,0
12404,akademiya_uniform,0,0
12405,fender_jazzmaster,0,0
12406,waiting,0,0
12407,green_corset,0,0
12408,detonator,0,0
12409,arm_scarf,0,0
12410,guan_dao,0,0
12411,easy_chair,0,0
12412,holding_drinking_straw,0,0
12413,tail_under_clothes,0,0
12414,yamcha_pose_(meme),0,0
12415,implied_prostitution,0,0
12416,roegadyn,0,0
12417,kouyouen_academy_school_uniform,0,0
12418,cleaning_&_clearing_(blue_archive),0,0
12419,face_in_shadow,0,0
12420,breast_pump,0,0
12421,four_of_a_kind_(touhou),0,0
12422,gaze_on_me!_outfit_(umamusume),0,0
12423,hula_hoop,0,0
12424,bunk_bed,0,0
12425,foreclosure_task_force_(blue_archive),0,0
12426,sex_toy_pull,0,0
12427,scarecrow,0,0
12428,anatomical_nonsense,0,0
12429,applying_manicure,0,0
12430,evolution,0,0
12431,stalking,0,0
12432,wing_print,0,0
12433,vine_print,0,0
12434,riding_dragon,0,0
12435,bread_bun,0,0
12436,shin_strap,0,0
12437,crab_claw,0,0
12438,armored_legwear,0,0
12439,modeling,0,0
12440,saigyouji_yuyuko's_fan_design,0,0
12441,holocouncil,0,0
12442,weapon_name,0,0
12443,lion_dance,0,0
12444,tool_belt,0,0
12445,big_dipper,0,0
12446,bankai,0,0
12447,shadow_puppet,0,0
12448,penis_out_of_frame,0,0
12449,toy_gun,0,0
12450,airport,0,0
12451,ogre,0,0
12452,energy_arrow,0,0
12453,light_switch,0,0
12454,pokemon_on_arm,0,0
12455,matoi_ryuuko_(cosplay),0,0
12456,toque_blanche,0,0
12457,salt_middle_school_uniform,0,0
12458,spicy,0,0
12459,dog_hood,0,0
12460,jedi,0,0
12461,weapon_formation,0,0
12462,tying_footwear,0,0
12463,on_ball,0,0
12464,single_leg_warmer,0,0
12465,holding_goggles,0,0
12466,an-94,0,0
12467,hands_in_another's_hair,0,0
12468,crime_prevention_buzzer_threat,0,0
12469,hasu_no_shousankaku,0,0
12470,gold_teeth,0,0
12471,rabbit_platoon_(blue_archive),0,0
12472,ribbed_panties,0,0
12473,ankle_flower,0,0
12474,kaomoji,0,0
12475,emblem_(fire_emblem_engage),0,0
12476,extra_hands,0,0
12477,banana_boat,0,0
12478,aqua_eyeshadow,0,0
12479,reeds,0,0
12480,chastity_cage_emission,0,0
12481,kissing_hair,0,0
12482,polar_opposites,0,0
12483,mismatched_socks,0,0
12484,hoop,0,0
12485,cerberus,0,0
12486,spiral_staircase,0,0
12487,chaise_longue,0,0
12488,artstation_username,0,0
12489,sewing_pin,0,0
12490,clothes_between_exposed_breasts,0,0
12491,foreskin_insertion,0,0
12492,webbed_feet,0,0
12493,3d_glasses,0,0
12494,gazebo,0,0
12495,single_wide_sleeve,0,0
12496,brown_tunic,0,0
12497,marching_band,0,0
12498,expressive_tail,0,0
12499,guan_hat,0,0
12500,kimono_dress,0,0
12501,mini_flag,0,0
12502,paprika_private_academy_school_uniform,0,0
12503,bite_mark_on_thigh,0,0
12504,organic_bra,0,0
12505,comically_serious,0,0
12506,back_cover,0,0
12507,breakfast,0,0
12508,shibahama_high_school_uniform,0,0
12509,cartridge,0,0
12510,portable_stove,0,0
12511,spring_(object),0,0
12512,sun_glare,0,0
12513,fanning_crotch,0,0
12514,two-tone_leggings,0,0
12515,brazil,0,0
12516,nabe,0,0
12517,uneven_bangs,0,0
12518,eyes_visible_through_eyewear,0,0
12519,space_station,0,0
12520,sandogasa,0,0
12521,too_many_sex_toys,0,0
12522,fender_precision_bass,0,0
12523,ovaries,0,0
12524,plank,0,0
12525,holding_cannon,0,0
12526,coronavirus_pandemic,0,0
12527,towel_on_one_shoulder,0,0
12528,undone_bikini,0,0
12529,raw_meat,0,0
12530,rabbit_vibrator,0,0
12531,moon_print,0,0
12532,roaring,0,0
12533,roulette_table,0,0
12534,suplex,0,0
12535,flower-shaped_hair,0,0
12536,stethoscope_around_neck,0,0
12537,partially_opaque_glasses,0,0
12538,frilled_boots,0,0
12539,shower_curtain,0,0
12540,destroyer,0,0
12541,game_boy_advance,0,0
12542,tanline_peek,0,0
12543,victory_pose,0,0
12544,teabag,0,0
12545,orgasm_denial,0,0
12546,sitting_in_window,0,0
12547,paw_stick,0,0
12548,sitting_on_food,0,0
12549,layered_legwear,0,0
12550,valley,0,0
12551,pokedex,0,0
12552,ability_card_(touhou),0,0
12553,bamboo_print,0,0
12554,mma_gloves,0,0
12555,gauge,0,0
12556,team_magma_uniform,0,0
12557,jizou,0,0
12558,wringing_skirt,0,0
12559,carhop,0,0
12560,spoken_skull,0,0
12561,unlimited_blade_works_(reality_marble),0,0
12562,swaddled,0,0
12563,pendant_earrings,0,0
12564,pirate_ship,0,0
12565,superman_logo,0,0
12566,holding_candy_cane,0,0
12567,wrinkled_fabric,0,0
12568,aqua_cardigan,0,0
12569,blue_light,0,0
12570,short_male,0,0
12571,striped_apron,0,0
12572,hand_on_window,0,0
12573,long_nipples,0,0
12574,curled_tail,0,0
12575,minoseki_academy_school_uniform,0,0
12576,aqua_rose,0,0
12577,anchor_hat_ornament,0,0
12578,implied_death,0,0
12579,tapir,0,0
12580,sakae_general_school_uniform,0,0
12581,burp,0,0
12582,frutiger_metro,0,0
12583,stance,0,0
12584,ishikei_(style),0,0
12585,shiitake,0,0
12586,taxi,0,0
12587,giant_snake,0,0
12588,boyfriend's_shirt,0,0
12589,holding_unworn_scarf,0,0
12590,implied_handjob,0,0
12591,tooth_gap,0,0
12592,headwear_switch,0,0
12593,stifled_laugh,0,0
12594,notes,0,0
12595,night_elf_(warcraft),0,0
12596,o-ring_dress,0,0
12597,bisected,0,0
12598,spoken_symbol,0,0
12599,single_paw_pose,0,0
12600,shinkon_santaku,0,0
12601,money_gesture,0,0
12602,alpaca,0,0
12603,through_window,0,0
12604,brown_scrunchie,0,0
12605,swimsuit_hanger,0,0
12606,ladybug_ornament,0,0
12607,u.a._gym_uniform,0,0
12608,tassel_choker,0,0
12609,polka_dot_scarf,0,0
12610,luger_p08,0,0
12611,pink_mask,0,0
12612,small_pupils,0,0
12613,flannel,0,0
12614,naked_dress,0,0
12615,playing_card_(medium),0,0
12616,cat_shadow_puppet_(meme),0,0
12617,jigsaw_puzzle,0,0
12618,braided_beard,0,0
12619,on_flower,0,0
12620,sketching,0,0
12621,inflatable_dolphin,0,0
12622,creamer_(vessel),0,0
12623,avalon_(fate),0,0
12624,orange_feathers,0,0
12625,pop_filter,0,0
12626,traumatized,0,0
12627,cat_print_panties,0,0
12628,rectangle,0,0
12629,raira_academy_school_uniform,0,0
12630,fujiko_f_fujio_(style),0,0
12631,condom_thigh_strap,0,0
12632,holding_wreath,0,0
12633,checkered_bikini,0,0
12634,holding_boots,0,0
12635,safari_jacket,0,0
12636,orange_eyeliner,0,0
12637,thigh_sheath,0,0
12638,phoenix_print,0,0
12639,emotional_engine_-_full_drive,0,0
12640,brown_slippers,0,0
12641,takenami_hideyuki_(style),0,0
12642,reien_girl's_academy_school_uniform,0,0
12643,chest_fur,0,0
12644,robot_dog,0,0
12645,fender_mustang,0,0
12646,ribboned_xiao_guan,0,0
12647,on_railroad_tracks,0,0
12648,teaching,0,0
12649,power_fist,0,0
12650,lace-trimmed_garter_belt,0,0
12651,in_locker,0,0
12652,ass_on_glass,0,0
12653,color_drain,0,0
12654,against_table,0,0
12655,foot_on_another's_face,0,0
12656,stroking_another's_chin,0,0
12657,walther_wa_2000,0,0
12658,holoadvent,0,0
12659,high_heel_slides,0,0
12660,galaxia_(sword),0,0
12661,blue_leg_warmers,0,0
12662,pgm_hecate_ii,0,0
12663,flaming_head,0,0
12664,midnight_bliss,0,0
12665,push-button,0,0
12666,branded,0,0
12667,grief_seed,0,0
12668,hirabitai,0,0
12669,on_cloud,0,0
12670,pearl_choker,0,0
12671,snakebite_(piercing),0,0
12672,landing,0,0
12673,green_apple,0,0
12674,drainpipe,0,0
12675,pipa_(instrument),0,0
12676,power-up,0,0
12677,ornate,0,0
12678,latex_dress,0,0
12679,blindfold_lift,0,0
12680,three_sizes,0,0
12681,cardboard,0,0
12682,arena_(company),0,0
12683,vietnamese_clothes,0,0
12684,seahorse,0,0
12685,gemini_(symbol),0,0
12686,straw_doll,0,0
12687,print_coat,0,0
12688,see-through_camisole,0,0
12689,lace-up,0,0
12690,diary,0,0
12691,purple_hands,0,0
12692,irasutoya_challenge,0,0
12693,blue_slingshot_swimsuit,0,0
12694,bruise_on_arm,0,0
12695,mafia,0,0
12696,lydian_academy_school_uniform,0,0
12697,dragon_costume,0,0
12698,open_cloak,0,0
12699,symphogear_pendant,0,0
12700,white_male_swimwear,0,0
12701,heart_arms_duo,0,0
12702,two-tone_cloak,0,0
12703,planter,0,0
12704,character_snowman,0,0
12705,gecko,0,0
12706,pig_nose,0,0
12707,rags,0,0
12708,giggling,0,0
12709,crystal_shards,0,0
12710,star_cutout,0,0
12711,nipple_tweak_through_clothes,0,0
12712,hoto_cocoa's_school_uniform,0,0
12713,trombone,0,0
12714,curled_ends,0,0
12715,diamond_print,0,0
12716,komatsuzaki_rui_(style),0,0
12717,wet_thighhighs,0,0
12718,bulge_press,0,0
12719,ribbon-trimmed_panties,0,0
12720,boxing_shorts,0,0
12721,master_and_servant,0,0
12722,hat_tug,0,0
12723,labia_piercing,0,0
12724,nissan_skyline,0,0
12725,putting_on_jewelry,0,0
12726,light_in_heart,0,0
12727,belly-to-belly,0,0
12728,anatomy,0,0
12729,ford,0,0
12730,embroidered_bra,0,0
12731,large_clitoris,0,0
12732,zodiac_wheel,0,0
12733,sig_mcx,0,0
12734,floral_print_sleeves,0,0
12735,dobermann,0,0
12736,demon_costume,0,0
12737,kinomoto_sakura_(cosplay),0,0
12738,footjob_over_clothes,0,0
12739,scale_print,0,0
12740,holding_collar,0,0
12741,laces,0,0
12742,red_flag,0,0
12743,good_meat_day,0,0
12744,white_chemise,0,0
12745,golden_rose,0,0
12746,kuoh_academy_school_uniform,0,0
12747,hand_under_skirt,0,0
12748,unworn_kimono,0,0
12749,torn_capelet,0,0
12750,violet_(flower),0,0
12751,underbarrel_grenade_launcher,0,0
12752,rogues'_gallery,0,0
12753,tail_flower,0,0
12754,cheek_piercing,0,0
12755,ukraine,0,0
12756,maid_cafe,0,0
12757,argyle_bow,0,0
12758,kourindou,0,0
12759,conical_hat,0,0
12760,shibuya_(tokyo),0,0
12761,aerial_battle,0,0
12762,camellia_print,0,0
12763,barrett_m82,0,0
12764,umbrella_octopus,0,0
12765,psychedelic,0,0
12766,hippopotamus_ears,0,0
12767,carrot_slice,0,0
12768,animal_in_clothes,0,0
12769,hololive_fantasy,0,0
12770,strawberry_blossoms,0,0
12771,heroes'_gallery,0,0
12772,unworn_belt,0,0
12773,skull_choker,0,0
12774,pal_(creature),0,0
12775,bruise_on_leg,0,0
12776,ayaya~,0,0
12777,photobomb,0,0
12778,nopon,0,0
12779,hooked_on_heel,0,0
12780,holding_unworn_skirt,0,0
12781,too_many_bows,0,0
12782,dildo_gag,0,0
12783,on_branch,0,0
12784,metal_bikini,0,0
12785,world_war_i,0,0
12786,ama_usa_an_uniform,0,0
12787,boy_and_girl_sandwich,0,0
12788,book_holster,0,0
12789,admiral_(kancolle)_(cosplay),0,0
12790,adjusting_shoe,0,0
12791,himation,0,0
12792,marijuana,0,0
12793,lowleg_pantyhose,0,0
12794,playing_bass_guitar,0,0
12795,celtic_knot,0,0
12796,holding_scale,0,0
12797,striped_headband,0,0
12798,imminent_paizuri,0,0
12799,virtuous_contract,0,0
12800,softboiled_egg,0,0
12801,multicolored_capelet,0,0
12802,suspenders_gap,0,0
12803,otaku_room,0,0
12804,colorful_festival_(project_sekai),0,0
12805,grasshopper,0,0
12806,hole_in_wall,0,0
12807,transgender_flag,0,0
12808,chaos_emerald,0,0
12809,mooncake,0,0
12810,why_dis_ninja_look_so_mad_(meme),0,0
12811,floral_print_sash,0,0
12812,death_note_(object),0,0
12813,silence_glaive,0,0
12814,conductor,0,0
12815,print_tank_top,0,0
12816,purple_garter_straps,0,0
12817,rope_marks,0,0
12818,mont_blanc_(food),0,0
12819,rinnegan,0,0
12820,skull_tattoo,0,0
12821,wooden_staff,0,0
12822,mickey_mouse_ears,0,0
12823,oiled,0,0
12824,crotch_kick,0,0
12825,two-sided_sleeves,0,0
12826,m14,0,0
12827,two-handed_sword,0,0
12828,stairwell,0,0
12829,headbutt,0,0
12830,black_bloomers,0,0
12831,gradient_shirt,0,0
12832,nut_(food),0,0
12833,organization_xiii,0,0
12834,field_cap,0,0
12835,native_american_headdress,0,0
12836,geokinesis,0,0
12837,holding_gloves,0,0
12838,holding_crayon,0,0
12839,kingdom_key,0,0
12840,siamese_cat,0,0
12841,bitten_apple,0,0
12842,optical_illusion,0,0
12843,holding_heart_(organ),0,0
12844,lolita_print,0,0
12845,heavy_lens_flare,0,0
12846,triangle_halo,0,0
12847,jack-o'-lantern_hat_ornament,0,0
12848,octopus_boy,0,0
12849,oni_costume,0,0
12850,wrapped_bento,0,0
12851,held_down,0,0
12852,power_bottom,0,0
12853,image_macro_(meme),0,0
12854,rouman_academy_school_uniform,0,0
12855,holding_spork,0,0
12856,jikkyou_powerful_pro_yakyuu_(style),0,0
12857,pointing_sword,0,0
12858,face_jewel,0,0
12859,united_kingdom,0,0
12860,stuffed_dinosaur,0,0
12861,uncle_and_nephew,0,0
12862,block_(object),0,0
12863,head_on_ass,0,0
12864,bonyari_high_school_uniform,0,0
12865,snowflake_ornament,0,0
12866,spotted_hair,0,0
12867,brown_armor,0,0
12868,one_finger_selfie_challenge_(meme),0,0
12869,dishes,0,0
12870,salt,0,0
12871,patting,0,0
12872,smear_frame,0,0
12873,harisen,0,0
12874,wagon,0,0
12875,hongyuan_(identity)_(project_moon),0,0
12876,wing_cape,0,0
12877,pangu_terminal_(wuthering_waves),0,0
12878,grey_mask,0,0
12879,next_time_you're_getting_this_(meme),0,0
12880,slipping,0,0
12881,money_bag,0,0
12882,holding_cocktail_shaker,0,0
12883,banana_slice,0,0
12884,two-sided_capelet,0,0
12885,steaming_food,0,0
12886,canards,0,0
12887,steel_ball_(jojo),0,0
12888,hair_half_undone,0,0
12889,purple_bridal_gauntlets,0,0
12890,ultra_instinct,0,0
12891,billiards,0,0
12892,spider_tattoo,0,0
12893,cancer_(symbol),0,0
12894,red_lightsaber,0,0
12895,photo_album,0,0
12896,party_dress,0,0
12897,pony_play,0,0
12898,confident,0,0
12899,yin_yang_hair_ornament,0,0
12900,mercury_(element),0,0
12901,two-tone_bra,0,0
12902,plant_monster,0,0
12903,looking_at_hands,0,0
12904,holding_laptop,0,0
12905,butterfly_choker,0,0
12906,manlification,0,0
12907,multicolored_polka_dots,0,0
12908,firefly,0,0
12909,scorpio_(symbol),0,0
12910,t-back,0,0
12911,jaw_drop,0,0
12912,hand_on_another's_mouth,0,0
12913,volkswagen,0,0
12914,upright_restraints,0,0
12915,american_football_uniform,0,0
12916,sitting_on_pillow,0,0
12917,normal_suit_(metroid),0,0
12918,food-themed_hat,0,0
12919,blueprint_(object),0,0
12920,heattech_leotard,0,0
12921,birthday_party,0,0
12922,knights_of_the_round_table_(fate),0,0
12923,blue_hands,0,0
12924,cel_rendering,0,0
12925,russian_clothes,0,0
12926,charger,0,0
12927,paw-shaped_pupils,0,0
12928,scuba_gear,0,0
12929,mirrored_text,0,0
12930,hatching,0,0
12931,slides,0,0
12932,rusty_trombone,0,0
12933,arcade_stick,0,0
12934,horse_dildo,0,0
12935,daijoubu?_oppai_momu?_(meme),0,0
12936,red_garter_straps,0,0
12937,battle_standard,0,0
12938,holding_lyre,0,0
12939,grey_leg_warmers,0,0
12940,penguin_logistics_logo,0,0
12941,belly_rub,0,0
12942,florence_nightingale_(trick_or_treatment)_(fate)_(cosplay),0,0
12943,weird_route_(deltarune),0,0
12944,food_writing,0,0
12945,bear_hat,0,0
12946,bar_phone,0,0
12947,ripping,0,0
12948,spartan_(halo),0,0
12949,applying_sunscreen,0,0
12950,aquarius_(symbol),0,0
12951,vs_seeker,0,0
12952,segmented_tail,0,0
12953,sumo,0,0
12954,sponsor,0,0
12955,playing_drums,0,0
12956,hazmat_suit,0,0
12957,cape_lift,0,0
12958,croquette,0,0
12959,skin_seams,0,0
12960,gardening,0,0
12961,pov_cheek_grabbing_(meme),0,0
12962,smoke_grenade,0,0
12963,multicolored_panties,0,0
12964,black_romper,0,0
12965,arm_out_of_frame,0,0
12966,caution,0,0
12967,gym_challenge_uniform,0,0
12968,fanning,0,0
12969,stingray,0,0
12970,tsukimi_dango,0,0
12971,i_heart...,0,0
12972,diamond_clan_outfit,0,0
12973,typewriter,0,0
12974,gold_thighhighs,0,0
12975,dress_aside,0,0
12976,holding_candlestand,0,0
12977,love_confessions_in_gensokyo,0,0
12978,angel_(evangelion),0,0
12979,lilith_(darkstalkers)_(cosplay),0,0
12980,assisted_stretching,0,0
12981,looking_at_reflection,0,0
12982,bottle_cap,0,0
12983,ribbon_bar,0,0
12984,stutter,0,0
12985,character_cutout,0,0
12986,drill_hand,0,0
12987,game_cartridge,0,0
12988,plaid_collar,0,0
12989,standing_on_magic_circle,0,0
12990,walkman_nw-s203f,0,0
12991,dragonstone,0,0
12992,face_to_pecs,0,0
12993,reverse_ryona,0,0
12994,biting_head,0,0
12995,living_doll_uniform,0,0
12996,gat_(hat),0,0
12997,taco,0,0
12998,face_filter,0,0
12999,verone_gakuin_school_uniform,0,0
13000,mahora_academy_middle_school_uniform,0,0
13001,horns_through_hood,0,0
13002,magic_trick,0,0
13003,splatoonification,0,0
13004,kerchief,0,0
13005,complex_exterior,0,0
13006,pumpkin_costume,0,0
13007,feather_fan,0,0
13008,bicycle_helmet,0,0
13009,ferrari,0,0
13010,nontraditional_school_swimsuit,0,0
13011,cape_hold,0,0
13012,no_smoking,0,0
13013,club_hair_ornament,0,0
13014,cow_print_sleeves,0,0
13015,ground_shatter,0,0
13016,grey_veil,0,0
13017,white_wolf,0,0
13018,quilted_clothes,0,0
13019,laddered_pantyhose,0,0
13020,exhaust_pipe,0,0
13021,paizuri_on_lap,0,0
13022,power_item_(touhou),0,0
13023,victory_rolls,0,0
13024,implied_bisexual,0,0
13025,girl_staring_at_guy's_chest_(meme),0,0
13026,lid,0,0
13027,spike_piercing,0,0
13028,eiffel_tower,0,0
13029,recycle_bin,0,0
13030,kagamine_rin_(cosplay),0,0
13031,grabbing_another's_tail,0,0
13032,great_pyrenees,0,0
13033,licking_blood,0,0
13034,trellis,0,0
13035,aqua_ascot,0,0
13036,squishing,0,0
13037,stellated_octahedron,0,0
13038,vocaloid_boxart_pose,0,0
13039,rolling_pin,0,0
13040,holding_utensil,0,0
13041,large_buttons,0,0
13042,myon_(phrase),0,0
13043,leo_(symbol),0,0
13044,indirect_kiss,0,0
13045,release_date,0,0
13046,spider_lily_print,0,0
13047,engulfing_lightning_(genshin_impact),0,0
13048,white_rabbit_(alice_in_wonderland)_(cosplay),0,0
13049,release_celebration,0,0
13050,coconut_cup,0,0
13051,string_pull,0,0
13052,cat_o'_nine_tails,0,0
13053,rabbit_earrings,0,0
13054,brown_egyptian_cat-eared_loli_(trend),0,0
13055,happy_holidays,0,0
13056,selene_girls_school_uniform,0,0
13057,slingshot_(weapon),0,0
13058,sound_wave,0,0
13059,purple_cat,0,0
13060,kissing_head,0,0
13061,welding_mask,0,0
13062,big_bad_wolf_(cosplay),0,0
13063,kooribata,0,0
13064,m1903_springfield,0,0
13065,no_hair_bow,0,0
13066,hoe,0,0
13067,silhouette_demon,0,0
13068,pink_pillow,0,0
13069,cicada,0,0
13070,dilapidated,0,0
13071,dahlia,0,0
13072,seven-segment_display,0,0
13073,wimple,0,0
13074,brain_freeze,0,0
13075,flat_chest_joke,0,0
13076,train_(clothing),0,0
13077,formula_racer,0,0
13078,blood_trail,0,0
13079,weapon_in_mouth,0,0
13080,matching_hairstyle,0,0
13081,piercing_through_clothes,0,0
13082,la_manchaland_(identity)_(project_moon),0,0
13083,purity_seal,0,0
13084,fundoshi_aside,0,0
13085,cross-laced_sandals,0,0
13086,netorase,0,0
13087,sea_slug_ears,0,0
13088,boar_boy,0,0
13089,camisole_over_clothes,0,0
13090,grenade_hair_ornament,0,0
13091,umapyoi_densetsu,0,0
13092,multiple_vaginal,0,0
13093,famicom,0,0
13094,lanchester_smg,0,0
13095,song_of_broken_pines_(genshin_impact),0,0
13096,sweaty_feet,0,0
13097,checkered_bowtie,0,0
13098,holding_rock,0,0
13099,after_rain,0,0
13100,i'll_teach_you_everything_(chainsaw_man),0,0
13101,st._lucia_academy_school_uniform,0,0
13102,z_flag,0,0
13103,rider-tan,0,0
13104,vent_(object),0,0
13105,ankle_bell,0,0
13106,naked_school_attendance,0,0
13107,purple_eyeliner,0,0
13108,guinea_pig,0,0
13109,head_and_hip_pose,0,0
13110,hair_undone,0,0
13111,impact_(font),0,0
13112,blue_swim_trunks,0,0
13113,animal_on_back,0,0
13114,hamster_girl,0,0
13115,frog_costume,0,0
13116,buster_shirt_(fate),0,0
13117,dancer_(fire_emblem:_three_houses),0,0
13118,master_spark,0,0
13119,koi_dance,0,0
13120,no_heterochromia,0,0
13121,block_(minecraft),0,0
13122,gold_helmet,0,0
13123,gingham_background,0,0
13124,bust_measuring,0,0
13125,tear_arcana_rod,0,0
13126,size_comparison,0,0
13127,ohananomitsu_high_school_uniform,0,0
13128,mp40,0,0
13129,aqua_border,0,0
13130,primordial_jade_winged-spear_(genshin_impact),0,0
13131,gift_wrapping,0,0
13132,cinderella_girls_card_parody,0,0
13133,kiss_day,0,0
13134,sunshower_(e.g.o),0,0
13135,single_handcuff,0,0
13136,dart,0,0
13137,element_bending,0,0
13138,no_emblem,0,0
13139,transformer,0,0
13140,glowing_clothes,0,0
13141,visible_ears,0,0
13142,zweihander,0,0
13143,shoulder-to-shoulder,0,0
13144,polka_dot_neckerchief,0,0
13145,streetcar,0,0
13146,arm_markings,0,0
13147,insult,0,0
13148,holding_flamethrower,0,0
13149,string_phone,0,0
13150,forced_lactation,0,0
13151,mac-10/11,0,0
13152,fossil,0,0
13153,dive_ball,0,0
13154,character_bag,0,0
13155,orange_collar,0,0
13156,m4_sherman,0,0
13157,sentient_stuffed_toy,0,0
13158,holding_rattle,0,0
13159,ai_arctic_warfare,0,0
13160,holding_cable,0,0
13161,holding_picture_frame,0,0
13162,coat_of_arms,0,0
13163,wonderlands_x_showtime_(project_sekai),0,0
13164,polka_dot_pillow,0,0
13165,rainbow_flag,0,0
13166,fur-trimmed_armor,0,0
13167,sled,0,0
13168,reverse-jointed_legs,0,0
13169,magnolia,0,0
13170,bear_bag,0,0
13171,table_tennis_ball,0,0
13172,babywearing,0,0
13173,master_ball,0,0
13174,compression_sleeve,0,0
13175,armored_personnel_carrier,0,0
13176,scaffolding,0,0
13177,greek_text,0,0
13178,warp_pipe,0,0
13179,finger_to_tongue,0,0
13180,red_pajamas,0,0
13181,eye_socket,0,0
13182,parasite,0,0
13183,silver_bikini,0,0
13184,tomoe_mami_(cosplay),0,0
13185,good_ass_day,0,0
13186,rpg-7,0,0
13187,mole_on_leg,0,0
13188,championship_belt,0,0
13189,christmas_tree_costume,0,0
13190,transparent_bag,0,0
13191,impasto,0,0
13192,wardrobe,0,0
13193,green_shawl,0,0
13194,card_between_breasts,0,0
13195,sit-up,0,0
13196,leaf_bikini,0,0
13197,extra_digits,0,0
13198,life_fiber,0,0
13199,palette_swap,0,0
13200,round_collar,0,0
13201,yakitori,0,0
13202,kazekoshi_school_uniform,0,0
13203,libra_(symbol),0,0
13204,nipple_bells,0,0
13205,recycling_symbol,0,0
13206,itabag,0,0
13207,weapon_between_legs,0,0
13208,ermine,0,0
13209,star_panties,0,0
13210,pisces_(symbol),0,0
13211,mash_kyrielight_(cosplay),0,0
13212,tehepero,0,0
13213,crowded,0,0
13214,companion/af,0,0
13215,shoe_belt,0,0
13216,circuit_board,0,0
13217,splat_roller_(splatoon),0,0
13218,cavalier_hat,0,0
13219,vertical-striped_sweater,0,0
13220,wooden_railing,0,0
13221,hem_peeking_out,0,0
13222,new_generations_(idolmaster),0,0
13223,frog_boy,0,0
13224,gigantic_testicles,0,0
13225,octagram,0,0
13226,bunny_ears_prank,0,0
13227,suction_cup_dildo,0,0
13228,impressionism,0,0
13229,yaranaika,0,0
13230,oogai_daiichi_middle_school_uniform,0,0
13231,gyate_gyate,0,0
13232,saw_cleaver,0,0
13233,checkered_jacket,0,0
13234,brush_stroke,0,0
13235,tentacle_clothes,0,0
13236,liminal_space,0,0
13237,hina_ningyou,0,0
13238,distress,0,0
13239,scat,0,0
13240,ukulele,0,0
13241,chanchanko_(clothes),0,0
13242,grey_trim,0,0
13243,blood_drop,0,0
13244,chaldea_security_organization,0,0
13245,cigarette_butt,0,0
13246,husky,0,0
13247,black_car,0,0
13248,shredded_muscles,0,0
13249,shroud_of_magdalene,0,0
13250,snowflake_earrings,0,0
13251,cracker,0,0
13252,striped_scrunchie,0,0
13253,tsab_executive_military_uniform,0,0
13254,pile,0,0
13255,sex_with_insects,0,0
13256,goldfish_scooping,0,0
13257,monado,0,0
13258,liu_association_south_(identity)_(project_moon),0,0
13259,giant_hand,0,0
13260,barn,0,0
13261,the_fun_gang,0,0
13262,porsche,0,0
13263,dripping_eye,0,0
13264,japan_maritime_self-defense_force,0,0
13265,two-tone_choker,0,0
13266,cowl_neck,0,0
13267,fabric,0,0
13268,grandmother_and_grandson,0,0
13269,floatplane,0,0
13270,piston,0,0
13271,imperium_of_man,0,0
13272,stuffed_dolphin,0,0
13273,separated_arms,0,0
13274,playstation_vita,0,0
13275,projectile_trail,0,0
13276,south_korean_flag,0,0
13277,brodie_helmet,0,0
13278,sweat_stain,0,0
13279,white_coif,0,0
13280,sleeping_together,0,0
13281,octavinelle_dorm_uniform,0,0
13282,placard,0,0
13283,swimsuit_lift,0,0
13284,clockwork,0,0
13285,red_goggles,0,0
13286,adjusting_hood,0,0
13287,cow_hood,0,0
13288,watermelon_hair_ornament,0,0
13289,execution,0,0
13290,holding_with_chopsticks,0,0
13291,under_another's_clothes,0,0
13292,oversized_jacket,0,0
13293,bedtime_story,0,0
13294,showing_phone,0,0
13295,ceiling_fan,0,0
13296,jack-o'-lantern_ornament,0,0
13297,fujimi_high_school_uniform,0,0
13298,breathing_on_hands,0,0
13299,decantering,0,0
13300,gag_around_neck,0,0
13301,metal_arm_cuffs,0,0
13302,frontbend,0,0
13303,purple_slingshot_swimsuit,0,0
13304,recruitment_(blue_archive),0,0
13305,gemini_(constellation),0,0
13306,lightened_skin,0,0
13307,looking_at_pectorals,0,0
13308,shield_module,0,0
13309,spoken_light_bulb,0,0
13310,handjob_over_clothes,0,0
13311,qilin_(mythology),0,0
13312,minimalism,0,0
13313,plum_blossom_print,0,0
13314,excessive_nosebleed,0,0
13315,food_in_ass,0,0
13316,smelling_hair,0,0
13317,a6m_zero,0,0
13318,angel_mort,0,0
13319,caramelldansen,0,0
13320,canvas_texture,0,0
13321,late_for_school,0,0
13322,animal_legs,0,0
13323,very_big_eyes,0,0
13324,dizzy,0,0
13325,circle_cutout,0,0
13326,magic_pen_(twisted_wonderland),0,0
13327,gnosis_(genshin_impact),0,0
13328,pink_hanfu,0,0
13329,united_states_army,0,0
13330,print_male_underwear,0,0
13331,sesame_seeds,0,0
13332,moire,0,0
13333,frilled_corset,0,0
13334,sewing_machine,0,0
13335,removing_shoes,0,0
13336,kerosene_lamp,0,0
13337,black_sun,0,0
13338,choir_outfit_(utdr),0,0
13339,fat_pikachu,0,0
13340,garlic,0,0
13341,juubako,0,0
13342,taurus_(symbol),0,0
13343,clock_hands,0,0
13344,lifebuoy_anklet,0,0
13345,aura_bullying_(meme),0,0
13346,emperor_penguin,0,0
13347,head_between_pecs,0,0
13348,lipstick_mark_on_stomach,0,0
13349,bioluminescence,0,0
13350,punishment,0,0
13351,bolter,0,0
13352,wandenreich_uniform,0,0
13353,pink_cloak,0,0
13354,snow_shelter,0,0
13355,jin_(headwear),0,0
13356,striped_footwear,0,0
13357,arm_fins,0,0
13358,putting_on_headwear,0,0
13359,clima-tact,0,0
13360,stalactite,0,0
13361,feather_coat,0,0
13362,too_many_flowers,0,0
13363,vespa,0,0
13364,stirrups_(riding),0,0
13365,wiggling_toes,0,0
13366,floral_border,0,0
13367,striped_skin,0,0
13368,h&k_p30,0,0
13369,starry_sky_bright_(idolmaster),0,0
13370,bowling_ball,0,0
13371,between_buttocks,0,0
13372,kiritanpo_(food),0,0
13373,heel-less_heels,0,0
13374,instant_soba,0,0
13375,licking_weapon,0,0
13376,conjoined,0,0
13377,goalkeeper,0,0
13378,tickling_stomach,0,0
13379,ouendan,0,0
13380,cheytac_m200,0,0
13381,light-skinned_palms,0,0
13382,nipple_tag,0,0
13383,projectile_cumdrip,0,0
13384,criss-cross_strings,0,0
13385,blue_track_suit,0,0
13386,chocolate_donut,0,0
13387,sleeping_animal,0,0
13388,kendama,0,0
13389,ass_lift,0,0
13390,coral_hair_ornament,0,0
13391,gourmet_guild_(princess_connect!),0,0
13392,quiff,0,0
13393,people's_liberation_army,0,0
13394,broken_pillar,0,0
13395,desktop_(computing),0,0
13396,jack_(playing_card),0,0
13397,sea_slug,0,0
13398,pink_jumpsuit,0,0
13399,stereo,0,0
13400,ashes,0,0
13401,searching,0,0
13402,frilled_nightgown,0,0
13403,6koma,0,0
13404,groucho_glasses,0,0
13405,tarutaru,0,0
13406,template,0,0
13407,crash,0,0
13408,male_underwear_aside,0,0
13409,twister,0,0
13410,zebra_ears,0,0
13411,alraune,0,0
13412,ragnell,0,0
13413,sith,0,0
13414,unofficial_precure_costume,0,0
13415,top_pull,0,0
13416,stun_grenade,0,0
13417,holding_anchor,0,0
13418,sword_of_dios,0,0
13419,underwear_theft,0,0
13420,pink_leggings,0,0
13421,lobotomy_corporation_(identity)_(project_moon),0,0
13422,paper_hat,0,0
13423,kissing_object,0,0
13424,fart,0,0
13425,aries_(symbol),0,0
13426,mouth_focus,0,0
13427,wireless_sex_toy_controller,0,0
13428,;>,0,0
13429,chalkboard_sign,0,0
13430,striped_armband,0,0
13431,crooked_eyewear,0,0
13432,x_anus,0,0
13433,coin_(ornament),0,0
13434,mechanical_tentacles,0,0
13435,mizuka_academy_school_uniform,0,0
13436,uneven_footing,0,0
13437,dollar_bill,0,0
13438,colored_petticoat,0,0
13439,bone_necklace,0,0
13440,giant_tree,0,0
13441,flat_sign,0,0
13442,standing_on_person,0,0
13443,on_wall,0,0
13444,holding_kettle,0,0
13445,feather-trimmed_jacket,0,0
13446,gibson_sg,0,0
13447,calla_lily,0,0
13448,shadow_(persona),0,0
13449,black_thong,0,0
13450,pomeranian_(dog),0,0
13451,hatchet_(axe),0,0
13452,new_mask_of_hope,0,0
13453,print_headband,0,0
13454,white_turban,0,0
13455,holding_pitchfork,0,0
13456,brown_rose,0,0
13457,green_tube_top,0,0
13458,step_and_repeat,0,0
13459,uzi,0,0
13460,chiaroscuro,0,0
13461,irony,0,0
13462,corked_bottle,0,0
13463,tsukimi,0,0
13464,olive,0,0
13465,see-through_pants,0,0
13466,bound_toes,0,0
13467,virgo_(symbol),0,0
13468,izayoi_sakuya_(cosplay),0,0
13469,2003,0,0
13470,grid_print,0,0
13471,sphinx,0,0
13472,pepperoni,0,0
13473,grabbing_another's_head,0,0
13474,waffle_cone,0,0
13475,hymen,0,0
13476,2002,0,0
13477,gradient_thighhighs,0,0
13478,ichimegasa,0,0
13479,body_jewelry,0,0
13480,knifed,0,0
13481,doppelganger,0,0
13482,pact_holder,0,0
13483,knee_armor,0,0
13484,handle,0,0
13485,fruit_bowl,0,0
13486,simulated_paizuri,0,0
13487,akm,0,0
13488,lego,0,0
13489,brown_sky,0,0
13490,wiping_forehead,0,0
13491,manually-operated_mounted_gun,0,0
13492,united_states_navy,0,0
13493,smelling_ass,0,0
13494,forced_exposure,0,0
13495,warp_star,0,0
13496,capricorn_(symbol),0,0
13497,floppy_disk,0,0
13498,yor_briar_(cosplay),0,0
13499,playing_card_game,0,0
13500,inflatable_armbands,0,0
13501,mindscape_cinema_(zenless_zone_zero),0,0
13502,from_inside,0,0
13503,oshikatsu,0,0
13504,compound_bow,0,0
13505,orange_hair_ornament,0,0
13506,bikini_briefs,0,0
13507,yin_yang_pin,0,0
13508,yuujo,0,0
13509,window_fog,0,0
13510,window_shutter,0,0
13511,orange_peel,0,0
13512,cross-laced_one-piece_swimsuit,0,0
13513,crotchless_leotard,0,0
13514,multiple_insertions,0,0
13515,dna,0,0
13516,lip_ring,0,0
13517,food-themed_hair,0,0
13518,zipper_bikini,0,0
13519,censored_food,0,0
13520,green_hands,0,0
13521,meatball,0,0
13522,nose_hook,0,0
13523,mechanical_boots,0,0
13524,babydoll_pull,0,0
13525,diagonal-striped_shirt,0,0
13526,furoshiki_around_neck,0,0
13527,removing_mask,0,0
13528,ageplay,0,0
13529,flick,0,0
13530,socks_over_thighhighs,0,0
13531,no_detached_sleeves,0,0
13532,fake_antennae,0,0
13533,floral_print_bra,0,0
13534,fukumoto_nobuyuki_(style),0,0
13535,shanghai_neckline,0,0
13536,danganronpa_10th_anniversary_costume,0,0
13537,censored_anus,0,0
13538,hand_wrapped_around_waist,0,0
13539,roto's_emblem,0,0
13540,ad_(object),0,0
13541,key_in_head,0,0
13542,green_slippers,0,0
13543,sea_turtle,0,0
13544,teaspoon,0,0
13545,tramp_stamp,0,0
13546,meltrandi,0,0
13547,striped_bodysuit,0,0
13548,reflected_worlds,0,0
13549,game_over,0,0
13550,you_work_you_lose,0,0
13551,eye_hair_ornament,0,0
13552,headboard,0,0
13553,knotting,0,0
13554,tying_another's_hair,0,0
13555,character_watermark,0,0
13556,mining_helmet,0,0
13557,rocking_chair,0,0
13558,lactating_into_container,0,0
13559,floral_arch,0,0
13560,holding_case,0,0
13561,lee-enfield,0,0
13562,chainsword,0,0
13563,torn_paper,0,0
13564,brown_camisole,0,0
13565,aria_gakuen_school_uniform,0,0
13566,bachi,0,0
13567,mantis_girl,0,0
13568,tifa_lockhart_(cosplay),0,0
13569,izakaya,0,0
13570,oval_border,0,0
13571,unworn_armor,0,0
13572,bow_camisole,0,0
13573,loose_bandages,0,0
13574,browning_m2,0,0
13575,ham,0,0
13576,simulated_footjob,0,0
13577,sagittarius_(symbol),0,0
13578,anti-eyebrow_piercing,0,0
13579,corn_cob,0,0
13580,purple_buruma,0,0
13581,school_nurse,0,0
13582,propaganda,0,0
13583,pokemon_on_back,0,0
13584,lcl,0,0
13585,mole_on_back,0,0
13586,eye_of_providence,0,0
13587,maple_syrup,0,0
13588,fur-trimmed_pants,0,0
13589,gingham_dress,0,0
13590,heart_apron,0,0
13591,vernier_thrusters,0,0
13592,thumb_to_mouth,0,0
13593,tape_maebari,0,0
13594,ferret_tail,0,0
13595,snake_boy,0,0
13596,prostate,0,0
13597,holding_diploma,0,0
13598,knee_strap,0,0
13599,w_corp._(identity)_(project_moon),0,0
13600,tweet,0,0
13601,bottle_to_cheek,0,0
13602,cheetah_girl,0,0
13603,presenting_another's_body,0,0
13604,playstation_5,0,0
13605,hime_lolita,0,0
13606,after_footjob,0,0
13607,spiked_shoes,0,0
13608,bio_lab,0,0
13609,see-through_pelvic_curtain,0,0
13610,hidden_camera,0,0
13611,spoken_mars_symbol,0,0
13612,in_the_name_of_love_and_hate_(e.g.o),0,0
13613,messy_sleeper,0,0
13614,spicebush_(e.g.o),0,0
13615,kyoto,0,0
13616,pink_check_school_(idolmaster),0,0
13617,stone_mask_(jojo),0,0
13618,hand_in_pants,0,0
13619,blood_on_feet,0,0
13620,yellow_sarong,0,0
13621,torn_ribbon,0,0
13622,arrest,0,0
13623,maple_tree,0,0
13624,shadow_(shadows_house),0,0
13625,herb,0,0
13626,gingham_skirt,0,0
13627,diamond_necklace,0,0
13628,dog_print,0,0
13629,t-34,0,0
13630,clitoris_slip,0,0
13631,multilingual_text,0,0
13632,holding_dice,0,0
13633,lightning_glare,0,0
13634,ice_cream_hair_ornament,0,0
13635,giraffe_print,0,0
13636,dying_message,0,0
13637,menpoo,0,0
13638,hover_bike,0,0
13639,fuwapuchi,0,0
13640,orange_pubic_hair,0,0
13641,christian_louboutin_(brand),0,0
13642,mini_santa_hat,0,0
13643,tiktok_logo,0,0
13644,hand_to_forehead,0,0
13645,removing_glove,0,0
13646,japanese_tankery_league_(emblem),0,0
13647,ruined_for_marriage,0,0
13648,frozen_frog,0,0
13649,two-tone_beard,0,0
13650,fan_screaming_at_madison_beer_(meme),0,0
13651,fire_elemental,0,0
13652,jack_daniel's,0,0
13653,lace-trimmed_ribbon,0,0
13654,itou_ikuko_(style),0,0
13655,uwu,0,0
13656,meerkat_ears,0,0
13657,boss_fight,0,0
13658,rouge_(makeup),0,0
13659,mihuashi_logo,0,0
13660,bandage_on_hair,0,0
13661,platform,0,0
13662,chikuwa,0,0
13663,collared_sweater,0,0
13664,scorpion,0,0
13665,blacksmith,0,0
13666,drakeposting_(meme),0,0
13667,greco-roman_architecture,0,0
13668,shiraitodai_school_uniform,0,0
13669,no_horns,0,0
13670,character_sticker,0,0
13671,legendary_super_saiyan,0,0
13672,bikini_top_under_shirt,0,0
13673,hoop_skirt,0,0
13674,hermit_crab,0,0
13675,st._hermelin_school_uniform,0,0
13676,fish_skeleton_hair_ornament,0,0
13677,urine_meter,0,0
13678,yellow_car,0,0
13679,tears_from_one_eye,0,0
13680,yellow_cat,0,0
13681,no_hairband,0,0
13682,mobile_armor,0,0
13683,shipwreck,0,0
13684,tattoo_sleeve,0,0
13685,abbreviated_karakusa,0,0
13686,basketball_court,0,0
13687,gold_skin,0,0
13688,mahjong_table,0,0
13689,naval_dress_uniform,0,0
13690,shinra_infantry_uniform,0,0
13691,split-color_skin,0,0
13692,rokubanchou_school_uniform,0,0
13693,music_stand,0,0
13694,blue_bonnet,0,0
13695,hololive_gamers,0,0
13696,silver_ring,0,0
13697,sex_ed,0,0
13698,slav_squatting,0,0
13699,head_under_skirt,0,0
13700,striped_bandeau,0,0
13701,naoya_hitting_choso_without_looking_(meme),0,0
13702,leo_(constellation),0,0
13703,chicken_nuggets,0,0
13704,paper_doll,0,0
13705,aqua_sash,0,0
13706,recording_audio,0,0
13707,camera_phone,0,0
13708,cat-shaped_pillow,0,0
13709,beaten,0,0
13710,lipstick_mark_on_leg,0,0
13711,twi'lek,0,0
13712,flinch,0,0
13713,veiny_thighs,0,0
13714,leopard_print_bra,0,0
13715,male_lactation,0,0
13716,crystal_horns,0,0
13717,tuxedo_shirt,0,0
13718,meslamtaea_(fate),0,0
13719,ape,0,0
13720,hrothgar,0,0
13721,slot_machine,0,0
13722,red_arm_warmers,0,0
13723,number_hair_ornament,0,0
13724,triple_wielding,0,0
13725,tsukumihara_academy_uniform_(fate/extra),0,0
13726,oppai_mochi,0,0
13727,grey_jumpsuit,0,0
13728,fake_hair_bun,0,0
13729,attack_helicopter,0,0
13730,argyle_shirt,0,0
13731,spilled_milk,0,0
13732,wolf_pelt,0,0
13733,heel_pop,0,0
13734,guarana_antarctica,0,0
13735,food_costume,0,0
13736,ea_(fate),0,0
13737,holding_sewing_needle,0,0
13738,height_conscious,0,0
13739,flat_top_chef_hat,0,0
13740,spade_earrings,0,0
13741,pajamas_pull,0,0
13742,luchador_mask,0,0
13743,whale_print,0,0
13744,green_bell_pepper,0,0
13745,blue_lightsaber,0,0
13746,h&k_psg1,0,0
13747,penetration_through_clothes,0,0
13748,aoshidan_school_uniform,0,0
13749,chocolate_on_hand,0,0
13750,back_peek,0,0
13751,gumroad_logo,0,0
13752,relationship_graph,0,0
13753,terastallization,0,0
13754,fishnet_leotard,0,0
13755,strawberry_milk,0,0
13756,burning_building,0,0
13757,too_much_food,0,0
13758,arm_bow,0,0
13759,purple_blood,0,0
13760,jellyfish_girl,0,0
13761,half_moon,0,0
13762,zaft_uniform,0,0
13763,skull_collar,0,0
13764,orbital_path,0,0
13765,public_masturbation,0,0
13766,turnip,0,0
13767,yabi_fashion,0,0
13768,souffle_pancake,0,0
13769,test_tube_rack,0,0
13770,subaru_(brand),0,0
13771,bite_mark_on_arm,0,0
13772,alchemy,0,0
13773,soy_sauce_bottle,0,0
13774,single_nipple_piercing,0,0
13775,diner,0,0
13776,golden_shower,0,0
13777,downpants,0,0
13778,bolverk,0,0
13779,muffled,0,0
13780,dreamcatcher,0,0
13781,maxim_tomato,0,0
13782,necktie_between_pectorals,0,0
13783,lunar_tear,0,0
13784,gauze_over_eye,0,0
13785,playstation_4,0,0
13786,omnic,0,0
13787,headphones_over_headwear,0,0
13788,griffin_&_kryuger_logo,0,0
13789,tackle,0,0
13790,hands_on_another's_arm,0,0
13791,blood_elf_(warcraft),0,0
13792,through_painting,0,0
13793,arched_soles,0,0
13794,hair_tattoo,0,0
13795,shipping_container,0,0
13796,chameleon_tail,0,0
13797,satogahama_school_uniform,0,0
13798,tail_pull,0,0
13799,hand_around_neck,0,0
13800,water_fight,0,0
13801,unworn_swim_cap,0,0
13802,costume_chart,0,0
13803,orange_tulip,0,0
13804,spas-12,0,0
13805,donut_innertube,0,0
13806,neet,0,0
13807,sword_in_front_of_face,0,0
13808,print_scrunchie,0,0
13809,cat_stretch,0,0
13810,snoring,0,0
13811,panda_print,0,0
13812,hue_shifting,0,0
13813,plectrum_in_mouth,0,0
13814,crown_bow,0,0
13815,kagune_(tokyo_ghoul),0,0
13816,blood_on_cheek,0,0
13817,multicolored_sweater,0,0
13818,isopod,0,0
13819,particle_cannon_case,0,0
13820,glaze_lily,0,0
13821,finnish_text,0,0
13822,indonesian_high_school_uniform,0,0
13823,holding_bullet,0,0
13824,backwards_virgin_killer_sweater,0,0
13825,temporal_hairline,0,0
13826,black_tabard,0,0
13827,star_bracelet,0,0
13828,rolled-up_paper,0,0
13829,third_wheel,0,0
13830,lace-trimmed_veil,0,0
13831,jacket_tug,0,0
13832,rapeseed_blossoms,0,0
13833,pile_of_skulls,0,0
13834,blister_pack,0,0
13835,mermaid_costume,0,0
13836,wainscoting,0,0
13837,mimosa_(flower),0,0
13838,tying_apron,0,0
13839,strip_game,0,0
13840,sanbou,0,0
13841,flour,0,0
13842,holding_scalpel,0,0
13843,waffen-ss,0,0
13844,gimp_mask,0,0
13845,beef,0,0
13846,fishing_net,0,0
13847,mole_on_forehead,0,0
13848,celtic_cross,0,0
13849,lace-trimmed_capelet,0,0
13850,in_crane_game,0,0
13851,amen_pose_(meme),0,0
13852,blue_bridal_gauntlets,0,0
13853,railgun_(misaka_mikoto),0,0
13854,acronym,0,0
13855,head_pinned_down,0,0
13856,barbarian,0,0
13857,osechi,0,0
13858,white_loincloth,0,0
13859,yakiniku,0,0
13860,picture_hat,0,0
13861,smartwatch,0,0
13862,oral_sandwich,0,0
13863,worm's_eye_view,0,0
13864,ears_back,0,0
13865,medical_scrubs,0,0
13866,newhalf_with_female,0,0
13867,sleepover,0,0
13868,suomi_kp/-31,0,0
13869,strawberry_earrings,0,0
13870,alternate_body_hair,0,0
13871,broken_arm,0,0
13872,chameleon,0,0
13873,holding_jug,0,0
13874,censored_profanity,0,0
13875,foreground_text,0,0
13876,vibrator_in_anus,0,0
13877,quimbaya_airplane,0,0
13878,flower_braid,0,0
13879,horizontal_bar,0,0
13880,ring_(identity)_(project_moon),0,0
13881,komeiji_family_(touhou),0,0
13882,holding_magazine_(weapon),0,0
13883,asymmetrical_jacket,0,0
13884,pig_boy,0,0
13885,wi-fi_symbol,0,0
13886,ak-74,0,0
13887,pectoral_squeeze,0,0
13888,spacecraft_turret,0,0
13889,fur_bracelet,0,0
13890,blade_lineage_(identity)_(project_moon),0,0
13891,pantyhose_around_one_leg,0,0
13892,sword_between_breasts,0,0
13893,holding_hair_tie,0,0
13894,eye_beam,0,0
13895,sticker_on_arm,0,0
13896,attack_trail,0,0
13897,detached_cape,0,0
13898,rebellion_(sword),0,0
13899,wafer,0,0
13900,butter_knife,0,0
13901,purple_bonnet,0,0
13902,triforce_print,0,0
13903,peplos,0,0
13904,raizen_high_school_uniform,0,0
13905,cleaning_brush,0,0
13906,cammy_white_(cosplay),0,0
13907,black_fire,0,0
13908,topless_other,0,0
13909,churro,0,0
13910,brown_pupils,0,0
13911,mine_(weapon),0,0
13912,crab_on_head,0,0
13913,iced_latte_with_breast_milk_(meme),0,0
13914,alternate_sleeve_length,0,0
13915,side_labret_piercing,0,0
13916,sword_print,0,0
13917,gradient_text,0,0
13918,bra_slip,0,0
13919,set_square,0,0
13920,chest_holster,0,0
13921,wax,0,0
13922,stepladder,0,0
13923,green_blood,0,0
13924,triangle_background,0,0
13925,furry_and_animal,0,0
13926,bandaged_tail,0,0
13927,multicolored_neckerchief,0,0
13928,purple_overalls,0,0
13929,prehensile_tongue,0,0
13930,h&k_g3,0,0
13931,maid_leotard,0,0
13932,facial_recognition,0,0
13933,instant_udon,0,0
13934,shrine_bell,0,0
13935,gold_ribbon,0,0
13936,digivice,0,0
13937,star_pendant,0,0
13938,human_meat_consumption,0,0
13939,grey_streaks,0,0
13940,bandage_on_knee,0,0
13941,hino_minami_high_school_uniform,0,0
13942,against_door,0,0
13943,old_maid_alliance_(touhou),0,0
13944,nut_(hardware),0,0
13945,cloud_focus,0,0
13946,stenciled_rose,0,0
13947,leather_strap,0,0
13948,card_in_mouth,0,0
13949,bouncing,0,0
13950,orange_overalls,0,0
13951,minecraft_pickaxe,0,0
13952,bunbunmaru,0,0
13953,invisible_air_(fate),0,0
13954,muzzle_device,0,0
13955,holding_hairband,0,0
13956,bee_costume,0,0
13957,watercolor_background,0,0
13958,improvised_umbrella,0,0
13959,predicament_bondage,0,0
13960,purple_shrug,0,0
13961,snoot_challenge,0,0
13962,nobori,0,0
13963,animatronic,0,0
13964,deva_battle_suit,0,0
13965,molcar,0,0
13966,double_helix,0,0
13967,eating_hair,0,0
13968,ufo_skirt,0,0
13969,leopard_print_panties,0,0
13970,frog_hood,0,0
13971,firewood,0,0
13972,wet_male_underwear,0,0
13973,t_t,0,0
13974,railroad_signal,0,0
13975,hanzou_academy_school_uniform,0,0
13976,trick-or-treating,0,0
13977,miniature,0,0
13978,black_wetsuit,0,0
13979,lens_eye,0,0
13980,yellow_crown,0,0
13981,bee_wings,0,0
13982,pointing_at_object,0,0
13983,fake_transparency,0,0
13984,dark_orb_(madoka_magica),0,0
13985,hakusen_academy_school_uniform,0,0
13986,alligator,0,0
13987,astral_express_(honkai:_star_rail),0,0
13988,tonguejob,0,0
13989,jack-o'-lantern_print,0,0
13990,human_tower,0,0
13991,fruit_background,0,0
13992,green_track_suit,0,0
13993,reiwa,0,0
13994,humming,0,0
13995,equation,0,0
13996,print_vest,0,0
13997,display,0,0
13998,skylight,0,0
13999,tasmanian_devil_ears,0,0
14000,tail_around_another's_leg,0,0
14001,walther_ppk,0,0
14002,eel_boy,0,0
14003,red_fundoshi,0,0
14004,toy_block,0,0
14005,colored_penis,0,0
14006,tenbou,0,0
14007,battoujutsu_stance,0,0
14008,drifting,0,0
14009,shiruko_(food),0,0
14010,eargasm,0,0
14011,print_innertube,0,0
14012,hoshino_ai's_pose,0,0
14013,card_between_fingers,0,0
14014,fin_funnels,0,0
14015,belly_dancing,0,0
14016,karate,0,0
14017,white_tiara,0,0
14018,nasa_logo,0,0
14019,black_ears,0,0
14020,floral_dress,0,0
14021,equipment_layout,0,0
14022,in_trash_can,0,0
14023,incoming_pocky_kiss,0,0
14024,badminton_racket,0,0
14025,ribbon_around_body,0,0
14026,pestle,0,0
14027,too_bad!_it_was_just_me!_(meme),0,0
14028,tsuchinoko,0,0
14029,pink_bandana,0,0
14030,human_dog,0,0
14031,wii,0,0
14032,juggling,0,0
14033,karasuno_volleyball_uniform,0,0
14034,wrapped_up,0,0
14035,uroko_(pattern),0,0
14036,strap_break,0,0
14037,green_light,0,0
14038,incoming_call,0,0
14039,ghost_hands,0,0
14040,chi-hatan_school_uniform,0,0
14041,winged_unicorn,0,0
14042,eyes_of_grima,0,0
14043,alternate_ass_size,0,0
14044,cupid,0,0
14045,powered_wheelchair,0,0
14046,ravenclaw,0,0
14047,starry_moon,0,0
14048,sitting_on_roof,0,0
14049,holding_another's_thighs,0,0
14050,rabbit_hat_ornament,0,0
14051,dss_choker,0,0
14052,disdain,0,0
14053,hollow_body,0,0
14054,footjob_with_shoes,0,0
14055,heian,0,0
14056,spoken_number,0,0
14057,high_up,0,0
14058,cancer_(constellation),0,0
14059,downward_dog,0,0
14060,ankle_scrunchie,0,0
14061,vhs_artifacts,0,0
14062,totenkopf,0,0
14063,yuzu_(fruit),0,0
14064,cross-laced_leotard,0,0
14065,diagonal-striped_ribbon,0,0
14066,ornate_weapon,0,0
14067,binaural_microphone,0,0
14068,applying_pedicure,0,0
14069,no_headgear,0,0
14070,aqua_tunic,0,0
14071,baggy_shorts,0,0
14072,peanut,0,0
14073,sanshuu_middle_school_uniform,0,0
14074,gokugetsu_gakuen_school_uniform,0,0
14075,character_logo,0,0
14076,royal_navy_emblem_(azur_lane),0,0
14077,holding_sheet,0,0
14078,purple_leggings,0,0
14079,ferris_wheel_interior,0,0
14080,purple_hanfu,0,0
14081,pet_shaming,0,0
14082,broken_plate,0,0
14083,spiked_dildo,0,0
14084,skis,0,0
14085,torn_vest,0,0
14086,bluebird,0,0
14087,omake,0,0
14088,lace-up_top,0,0
14089,power_strip,0,0
14090,apple_on_head,0,0
14091,extra_tails,0,0
14092,alpha_pokemon,0,0
14093,squid_girl,0,0
14094,heavy_film_grain,0,0
14095,rough_time_school_(idolmaster),0,0
14096,exercise_machine,0,0
14097,orange_armor,0,0
14098,multi-strapped_bra,0,0
14099,flamenco_dress,0,0
14100,fn_scar,0,0
14101,sneaking,0,0
14102,triangle_necklace,0,0
14103,penguin_hat,0,0
14104,cotton_swab,0,0
14105,nyotaimori,0,0
14106,shogi_piece,0,0
14107,stuffed_gag,0,0
14108,naked_lab_coat,0,0
14109,imminent_attack,0,0
14110,no_armor,0,0
14111,chevrolet,0,0
14112,loading_icon,0,0
14113,scissors_hair_ornament,0,0
14114,sleeping_on_desk,0,0
14115,lappet,0,0
14116,farmer,0,0
14117,play_button,0,0
14118,rin's_pendant_(fate),0,0
14119,checkered_vest,0,0
14120,candle_wax,0,0
14121,side_sitting_split,0,0
14122,crown_earrings,0,0
14123,silver_crown,0,0
14124,hurricane_glass,0,0
14125,taurus_(constellation),0,0
14126,zako_(phrase),0,0
14127,peter_pan_collar,0,0
14128,framed_insect,0,0
14129,standing_on_three_legs,0,0
14130,french_horn,0,0
14131,torn_boots,0,0
14132,lotus_pod,0,0
14133,borrowed_accessory,0,0
14134,pink_cat,0,0
14135,cow_hat,0,0
14136,cunnilingus_gesture,0,0
14137,libra_(constellation),0,0
14138,textbook,0,0
14139,argyle_footwear,0,0
14140,unbuttoned_jacket,0,0
14141,inverted_cross_earrings,0,0
14142,pee_puddle,0,0
14143,scuba,0,0
14144,sitting_on_log,0,0
14145,bicep_strap,0,0
14146,different_zoom_layer,0,0
14147,running_towards_viewer,0,0
14148,shirt_on_shoulders,0,0
14149,knee_to_chest,0,0
14150,garage,0,0
14151,piloting,0,0
14152,cigarette_kiss,0,0
14153,sleeveless_jumpsuit,0,0
14154,white_chocolate,0,0
14155,shield_print,0,0
14156,anzio_(emblem),0,0
14157,fly_agaric,0,0
14158,character_hat,0,0
14159,rejected_kiss,0,0
14160,french_girly,0,0
14161,here's_johnny!_(meme),0,0
14162,pedestrian_bridge,0,0
14163,on_fence,0,0
14164,houshou_marine_(cosplay),0,0
14165,nargacuga_(armor),0,0
14166,lace-trimmed_eyepatch,0,0
14167,flaming_halo,0,0
14168,pink_shrug,0,0
14169,ena_(species),0,0
14170,floral_print_panties,0,0
14171,mizura,0,0
14172,polyamory,0,0
14173,hasu_no_sanrenka,0,0
14174,implied_vibrator,0,0
14175,clematis_(flower),0,0
14176,chocolate_on_pussy,0,0
14177,nakai_(waitress),0,0
14178,green_haori,0,0
14179,looking_past_viewer,0,0
14180,ring_on_every_finger,0,0
14181,umbrella_gun,0,0
14182,holding_snowman,0,0
14183,elizabeth_tower,0,0
14184,dazed,0,0
14185,scone,0,0
14186,black_panther,0,0
14187,dishwashing,0,0
14188,famas,0,0
14189,l'ecole_des_cinq_lumieres_school_uniform,0,0
14190,living_fleshlight,0,0
14191,delta_rune_(symbol),0,0
14192,bandaged_ankle,0,0
14193,spike_ball,0,0
14194,h&k_usp,0,0
14195,penis_milking,0,0
14196,pan-pa-ka-paaan!,0,0
14197,snow_leopard,0,0
14198,thumb_in_pocket,0,0
14199,red_ribbon_army,0,0
14200,straylight_(idolmaster),0,0
14201,cream_on_breasts,0,0
14202,see-through_coat,0,0
14203,inverted_colors,0,0
14204,jogging,0,0
14205,zombification,0,0
14206,team_7_(naruto),0,0
14207,holding_vial,0,0
14208,doritos,0,0
14209,censored_gesture,0,0
14210,holding_own_leash,0,0
14211,theater_seating,0,0
14212,adult_baby,0,0
14213,zipper_footwear,0,0
14214,hands_on_own_leg,0,0
14215,screen_zoom,0,0
14216,ice_cream_bar,0,0
14217,studded_jacket,0,0
14218,polished_shoes,0,0
14219,nipple_torture,0,0
14220,gensokyo,0,0
14221,sulking,0,0
14222,celestial_being_uniform,0,0
14223,neck_blush,0,0
14224,puffer_fish,0,0
14225,golden_retriever,0,0
14226,silver_tiara,0,0
14227,neckerchief_between_breasts,0,0
14228,hand_on_animal,0,0
14229,chinese_lantern_(plant),0,0
14230,idea,0,0
14231,bikini_visible_through_clothes,0,0
14232,enkidu_(weapon)_(fate),0,0
14233,kessoku_band_t-shirt,0,0
14234,snort,0,0
14235,sweater_vest_lift,0,0
14236,waist_poke_ball,0,0
14237,ara_ara,0,0
14238,multiple_moons,0,0
14239,loading_screen,0,0
14240,biting_another's_finger,0,0
14241,key_hair_ornament,0,0
14242,tickling_legs,0,0
14243,chinese_empire,0,0
14244,barred_window,0,0
14245,orange_shrug,0,0
14246,damage_numbers,0,0
14247,substitute_(pokemon),0,0
14248,purple_bandana,0,0
14249,white_hanbok,0,0
14250,too_many_books,0,0
14251,up_sleeve,0,0
14252,kendo,0,0
14253,saunders_(emblem),0,0
14254,cake_hair_ornament,0,0
14255,floating_breasts,0,0
14256,blade_to_throat,0,0
14257,bow_button,0,0
14258,grilled_fish,0,0
14259,soapland,0,0
14260,back_hair,0,0
14261,glowing_hands,0,0
14262,winged_wand,0,0
14263,effects_pedal,0,0
14264,frog_headband,0,0
14265,nodding,0,0
14266,triad_primus_(idolmaster),0,0
14267,autocannon,0,0
14268,news,0,0
14269,green_male_swimwear,0,0
14270,necrophilia,0,0
14271,finger_to_head,0,0
14272,minegahara_high_school_uniform,0,0
14273,claw_hammer,0,0
14274,chinchilla_ears,0,0
14275,accordion,0,0
14276,head_tattoo,0,0
14277,solemn_lament_(e.g.o),0,0
14278,phone_with_ears,0,0
14279,take_it_home,0,0
14280,x-ray_glasses,0,0
14281,wilted_flower,0,0
14282,rake,0,0
14283,tube_chastity_cage,0,0
14284,mall,0,0
14285,stapled,0,0
14286,pink_rope,0,0
14287,standing_anilingus,0,0
14288,grey_corset,0,0
14289,rabbit_panties,0,0
14290,food-themed_ornament,0,0
14291,ouroboros,0,0
14292,mushroom_girl,0,0
14293,otter_girl,0,0
14294,leather_suit,0,0
14295,drawing_on_fourth_wall,0,0
14296,gauze_on_leg,0,0
14297,japari_bus,0,0
14298,speakiposting_(meme),0,0
14299,see-through_cape,0,0
14300,character_pillow,0,0
14301,sleeve_belt,0,0
14302,nepolabo,0,0
14303,sidetail_miku_noodle_stopper_(meme),0,0
14304,samoyed_(dog),0,0
14305,aqours_2nd_years,0,0
14306,unbuttoning,0,0
14307,kneepit_sex,0,0
14308,safety_razor,0,0
14309,new_york_city,0,0
14310,kunugigaoka_middle_school_uniform,0,0
14311,theater,0,0
14312,satin_bra,0,0
14313,apple_core,0,0
14314,intravaginal_futanari,0,0
14315,peacock_feathers_hair_ornament,0,0
14316,suzumiya_haruhi_(cosplay),0,0
14317,finger_to_another's_cheek,0,0
14318,handheld_electric_fan,0,0
14319,sneer,0,0
14320,used_artificial_vagina,0,0
14321,all_the_way_through,0,0
14322,pile_bunker,0,0
14323,oktoberfest,0,0
14324,tail_anus,0,0
14325,cradling_phone,0,0
14326,awestruck,0,0
14327,premier_ball,0,0
14328,naked_belt,0,0
14329,gladiator,0,0
14330,mismatched_underwear,0,0
14331,tumblr_logo,0,0
14332,puffy_dress,0,0
14333,green_tabard,0,0
14334,kujo_jotaro's_pose,0,0
14335,fake_censor,0,0
14336,dvd_case,0,0
14337,clothes_shop,0,0
14338,troll_(homestuck),0,0
14339,side-view_mirror,0,0
14340,holding_cue_stick,0,0
14341,bust_(sculpture),0,0
14342,codpiece,0,0
14343,polka_dot_hair,0,0
14344,green_mask,0,0
14345,pile_of_corpses,0,0
14346,oreo,0,0
14347,date_pun,0,0
14348,rabbit_background,0,0
14349,aerokinesis,0,0
14350,holding_bow_(ornament),0,0
14351,asymmetrical_bodysuit,0,0
14352,apple_rabbit,0,0
14353,l85,0,0
14354,outer_senshi,0,0
14355,fuse_tail,0,0
14356,brown_outline,0,0
14357,animation_paper,0,0
14358,spoken_sparkle,0,0
14359,museum,0,0
14360,fur_gloves,0,0
14361,unyu,0,0
14362,lamborghini,0,0
14363,digimoji,0,0
14364,orange_tunic,0,0
14365,queen_of_hearts_(playing_card),0,0
14366,ryokan,0,0
14367,single_bracer,0,0
14368,shinsengumi_(fate),0,0
14369,unworn_bow,0,0
14370,uohhhhhhhhh!_(meme),0,0
14371,nipple_press,0,0
14372,sunflower_seed,0,0
14373,ribbon-trimmed_apron,0,0
14374,holding_omikuji,0,0
14375,realistic_teeth,0,0
14376,kamui_(kill_la_kill),0,0
14377,holding_own_legs,0,0
14378,jamadhar,0,0
14379,valkyrie_(ensemble_stars!),0,0
14380,caldari_state_(eve_online),0,0
14381,taunting,0,0
14382,savannah,0,0
14383,holox,0,0
14384,anteater_ears,0,0
14385,tied_sleeves,0,0
14386,in_coffin,0,0
14387,bad_neck,0,0
14388,pinstripe_hat,0,0
14389,erhu,0,0
14390,frilled_pajamas,0,0
14391,tweezers,0,0
14392,red_bridal_gauntlets,0,0
14393,cooperative_footjob,0,0
14394,pokegear,0,0
14395,cum_on_food,0,0
14396,see-through_footwear,0,0
14397,st._michael's_school_uniform,0,0
14398,looking_through_scope,0,0
14399,breast_curtain_lift,0,0
14400,hakuryou_high_school_uniform,0,0
14401,pushing_bicycle,0,0
14402,horn_piercing,0,0
14403,nipple_tassels,0,0
14404,inkbrush_(splatoon),0,0
14405,forearms,0,0
14406,firecrackers,0,0
14407,muscle_car,0,0
14408,handlebar_mustache,0,0
14409,caress,0,0
14410,clawed_feet,0,0
14411,green_hair_ornament,0,0
14412,integrity_knight_armor,0,0
14413,life_vest,0,0
14414,unworn_headphones,0,0
14415,toucan,0,0
14416,splattershot_jr._(splatoon),0,0
14417,yellow_male_underwear,0,0
14418,iced_coffee,0,0
14419,lambent_light,0,0
14420,cramped,0,0
14421,bikini_over_clothes,0,0
14422,shirt_hold,0,0
14423,nt-d,0,0
14424,covering_head,0,0
14425,ungagged,0,0
14426,book_focus,0,0
14427,fn_fal,0,0
14428,daifuku,0,0
14429,object_and_personification,0,0
14430,dinosaur_boy,0,0
14431,musical_note_ornament,0,0
14432,shotadom,0,0
14433,black_gauntlets,0,0
14434,hippopotamus,0,0
14435,eyepatch_lift,0,0
14436,air_jordan_1,0,0
14437,pixel_art_inset,0,0
14438,implied_erection,0,0
14439,argyle_skirt,0,0
14440,on_animal,0,0
14441,mosquito_coil,0,0
14442,mystic_eyes,0,0
14443,business_casual,0,0
14444,unibrow,0,0
14445,sexual_exercising,0,0
14446,flower_shop,0,0
14447,atom,0,0
14448,postcard,0,0
14449,barmaid,0,0
14450,unworn_sweater,0,0
14451,construction_site,0,0
14452,glowing_earrings,0,0
14453,stomach_mouth,0,0
14454,paizuri_over_clothes,0,0
14455,golden_hour,0,0
14456,bakuzan,0,0
14457,tennis_net,0,0
14458,gargoyle,0,0
14459,team_plasma,0,0
14460,plant_on_head,0,0
14461,cassiopeia_(constellation),0,0
14462,lace-trimmed_camisole,0,0
14463,hobble,0,0
14464,warming_hands,0,0
14465,character_backpack,0,0
14466,reverse_squatting_cowgirl_position,0,0
14467,inkling_(swim_form),0,0
14468,interlocked_mars_and_venus_symbols,0,0
14469,torn_tank_top,0,0
14470,school_gateway,0,0
14471,nattou,0,0
14472,healing,0,0
14473,vaginal_prolapse,0,0
14474,male_yandere,0,0
14475,pineapple_slice,0,0
14476,red_leg_warmers,0,0
14477,repairing,0,0
14478,holding_sickle,0,0
14479,gold_bar,0,0
14480,pleated_pants,0,0
14481,washing_back,0,0
14482,palette_hair_ornament,0,0
14483,puffy_coat,0,0
14484,make-up_work_club_(blue_archive),0,0
14485,glowing_skin,0,0
14486,jaguar_boy,0,0
14487,kuuhaku_to_catharsis,0,0
14488,gavel,0,0
14489,award_ribbon,0,0
14490,wavy_eyebrows,0,0
14491,ribbon-trimmed_kimono,0,0
14492,brown_sclera,0,0
14493,subway_station,0,0
14494,ppsh-41,0,0
14495,florence_nightingale_(fate)_(cosplay),0,0
14496,poking_belly,0,0
14497,silver_choker,0,0
14498,multicolored_cloak,0,0
14499,purple_babydoll,0,0
14500,animal_balloon,0,0
14501,myoudou_gakuen_middle_school_uniform,0,0
14502,yunjian,0,0
14503,snake_bondage,0,0
14504,my_dear_vampire_(idolmaster),0,0
14505,model,0,0
14506,airpods,0,0
14507,clubroom,0,0
14508,aqua_tail,0,0
14509,jack-o'-lantern_earrings,0,0
14510,culottes,0,0
14511,heavy_metal,0,0
14512,splat_charger_(splatoon),0,0
14513,cutie_mark_print,0,0
14514,receding_hairline,0,0
14515,under_skirt,0,0
14516,white_crown,0,0
14517,grey_shawl,0,0
14518,char_siu,0,0
14519,digging,0,0
14520,sanada_clan_(emblem),0,0
14521,room_you_can't_get_out_of_unless_you_x_(meme),0,0
14522,bottle_between_breasts,0,0
14523,following,0,0
14524,familiar_(madoka_magica),0,0
14525,d-sword,0,0
14526,soybean,0,0
14527,kafra_uniform,0,0
14528,macaron_hair_ornament,0,0
14529,mapo_tofu,0,0
14530,scar_on_chin,0,0
14531,scene_fashion,0,0
14532,megumin_(cosplay),0,0
14533,mazda_rx-7,0,0
14534,falling_paper,0,0
14535,h&k_g36,0,0
14536,basin,0,0
14537,skull-shaped_hat,0,0
14538,dot_pupils,0,0
14539,expectation_vs._reality,0,0
14540,keffiyeh,0,0
14541,avalon_le_fae_(fate/grand_order),0,0
14542,changmingsuo,0,0
14543,spiked_thighlet,0,0
14544,snot_trail,0,0
14545,videocassette,0,0
14546,after_meal,0,0
14547,crotchless_bikini,0,0
14548,raver,0,0
14549,pickle,0,0
14550,photon_ray_(fate),0,0
14551,moon_stick_(sailor_moon),0,0
14552,blue_hawaii,0,0
14553,order_suit_(splatoon),0,0
14554,fish_tattoo,0,0
14555,rocket_ship,0,0
14556,sagging_testicles,0,0
14557,boar_mask,0,0
14558,miki_sayaka_(cosplay),0,0
14559,coin_mask,0,0
14560,gattai,0,0
14561,scuba_tank,0,0
14562,detached_magazine_(weapon),0,0
14563,print_pillow,0,0
14564,forced_kiss,0,0
14565,canadian_flag,0,0
14566,bra_over_clothes,0,0
14567,gakuseibou,0,0
14568,ohisashiburi_(style),0,0
14569,transparent_innertube,0,0
14570,razor_blade,0,0
14571,bobby_pin,0,0
14572,bloated,0,0
14573,fiery_ears,0,0
14574,mobile,0,0
14575,pants_lift,0,0
14576,cd_player,0,0
14577,premature_ejaculation,0,0
14578,burnt_food,0,0
14579,tasting_plate,0,0
14580,batter,0,0
14581,exposed_gusset,0,0
14582,knuckle_hair,0,0
14583,cable_hair,0,0
14584,finch,0,0
14585,mail,0,0
14586,fire_type_theme_(pokemon),0,0
14587,novelty_glasses,0,0
14588,bodysuit_pull,0,0
14589,sketch_inset,0,0
14590,heart_arrow,0,0
14591,arrow_in_head,0,0
14592,arm_around_leg,0,0
14593,taut_skirt,0,0
14594,no_thank_you!_(k-on!),0,0
14595,slavic_clothes,0,0
14596,orange_print,0,0
14597,stuffed_orca,0,0
14598,unworn_wig,0,0
14599,no_scar,0,0
14600,single-lens_reflex_camera,0,0
14601,physical_examination,0,0
14602,poverty,0,0
14603,crew_cut,0,0
14604,ancestor_and_descendant,0,0
14605,calves,0,0
14606,aqua_collar,0,0
14607,cum_in_urethra,0,0
14608,oyster,0,0
14609,fruit_basket,0,0
14610,sailing_ship,0,0
14611,tail_insertion,0,0
14612,mid-autumn_festival,0,0
14613,off-shoulder_cardigan,0,0
14614,see-through_headwear,0,0
14615,too_many_butterflies,0,0
14616,bubble_wand,0,0
14617,angel_statue,0,0
14618,sweets_bird,0,0
14619,shipping_(fandom),0,0
14620,grey_leggings,0,0
14621,holding_makeup_brush,0,0
14622,riding_outfit,0,0
14623,glowing_pupils,0,0
14624,hyottoko_mask,0,0
14625,orange_assault_visor,0,0
14626,picket_fence,0,0
14627,naked_cardigan,0,0
14628,food_as_clothes,0,0
14629,link_(cosplay),0,0
14630,sunrise_stance,0,0
14631,manjuu_abuse_(azur_lane),0,0
14632,striped_sash,0,0
14633,zuiyin,0,0
14634,heart-shaped_mouth,0,0
14635,overpass,0,0
14636,gold_border,0,0
14637,cardboard_cutout,0,0
14638,biting_own_thumb,0,0
14639,wink_star,0,0
14640,spell,0,0
14641,calling,0,0
14642,biometal,0,0
14643,cursed_spirit_(jujutsu_kaisen),0,0
14644,sweater_under_shirt,0,0
14645,german_suplex,0,0
14646,double_vaginal,0,0
14647,feather_collar,0,0
14648,anal_invitation,0,0
14649,starpiece_memories_(idolmaster),0,0
14650,in_basket,0,0
14651,index_(identity)_(project_moon),0,0
14652,single_leg_bodysuit,0,0
14653,twitch_logo,0,0
14654,knit_sweater,0,0
14655,portuguese_text,0,0
14656,ginkgo_guild_uniform,0,0
14657,jupiter_(planet),0,0
14658,quincy_(bleach),0,0
14659,wood_carving_tool,0,0
14660,cat_ornament,0,0
14661,red_button,0,0
14662,holding_cat_teaser,0,0
14663,laser_pointer_projection,0,0
14664,globus_cruciger,0,0
14665,working,0,0
14666,needle_sword,0,0
14667,leppa_berry,0,0
14668,unit_patch,0,0
14669,taiwan,0,0
14670,id_(fate/grand_order),0,0
14671,yellow_slippers,0,0
14672,frog_hat,0,0
14673,dirty_talk,0,0
14674,shelf_bra,0,0
14675,red_snake,0,0
14676,mailman,0,0
14677,shichirin,0,0
14678,color_switch,0,0
14679,weapon_connection,0,0
14680,white_lips,0,0
14681,prehistoric_animal,0,0
14682,cheating_(competitive),0,0
14683,skull_head,0,0
14684,gold_tattoo,0,0
14685,spiked_wings,0,0
14686,country_lolita,0,0
14687,zoo,0,0
14688,camisole_pull,0,0
14689,ass_rest,0,0
14690,seiyo_academy_school_uniform,0,0
14691,butterfly_on_nose,0,0
14692,broken_helmet,0,0
14693,crotch_stomping,0,0
14694,shirttail,0,0
14695,legwear_cutout,0,0
14696,holding_nail,0,0
14697,shirt_tan,0,0
14698,ear_tufts,0,0
14699,electric_type_theme_(pokemon),0,0
14700,open_towel,0,0
14701,pedestal,0,0
14702,bowl_stack,0,0
14703,saya_(scabbard),0,0
14704,asymmetrical_breasts,0,0
14705,christmas_star,0,0
14706,orange_pajamas,0,0
14707,moon_rabbit,0,0
14708,sunbathing,0,0
14709,fruit_hair_ornament,0,0
14710,scraped_knee,0,0
14711,hat_under_hood,0,0
14712,spinning_top,0,0
14713,love_ball,0,0
14714,piercing_pull,0,0
14715,mian_guan,0,0
14716,victory,0,0
14717,red_claws,0,0
14718,cake_stand,0,0
14719,good_fortune_symbol,0,0
14720,giving_food,0,0
14721,tornado,0,0
14722,samus_aran_(cosplay),0,0
14723,cheshire_cat_(alice_in_wonderland)_(cosplay),0,0
14724,holding_shell,0,0
14725,random_servant_cosplay_(fate/grand_order),0,0
14726,kimono_on_shoulders,0,0
14727,bren_lmg,0,0
14728,orange_sarong,0,0
14729,barbie_mugshot_(meme),0,0
14730,shoulder_massage,0,0
14731,ohogao,0,0
14732,holopromise,0,0
14733,dandelion_clock,0,0
14734,cordless_phone,0,0
14735,biting_finger,0,0
14736,clarinet,0,0
14737,drawing_on_air,0,0
14738,white_beard,0,0
14739,toy_airplane,0,0
14740,male_harem,0,0
14741,onee_gyaru,0,0
14742,airgetlam_(fate),0,0
14743,paintbrush_hair_ornament,0,0
14744,newhalf_with_male,0,0
14745,side_ponytail_with_braided_base,0,0
14746,solar_eclipse,0,0
14747,tortoise,0,0
14748,stuffed_tiger,0,0
14749,carrot-shaped_pillow,0,0
14750,packet,0,0
14751,blood_on_armor,0,0
14752,raft,0,0
14753,frieren_blowing_a_kiss,0,0
14754,waving_hands,0,0
14755,stone_pillar,0,0
14756,howa_type_89,0,0
14757,stun_gun,0,0
14758,imminent_cunnilingus,0,0
14759,cropped_arm,0,0
14760,unworn_headgear,0,0
14761,myouga_(plant),0,0
14762,marching_band_baton,0,0
14763,pullcart,0,0
14764,penguin_chick,0,0
14765,unlikely_accident,0,0
14766,red_leggings,0,0
14767,yellow_tunic,0,0
14768,ichininmae_no_lady,0,0
14769,swedish_flag,0,0
14770,lace_garter_belt,0,0
14771,opening,0,0
14772,sig_516,0,0
14773,biting_another's_tail,0,0
14774,nipples_pressed_together,0,0
14775,golf,0,0
14776,alpaca_girl,0,0
14777,tan_tattoo,0,0
14778,shawl_lapels,0,0
14779,holding_ears,0,0
14780,orange_tongue,0,0
14781,competition,0,0
14782,peg_leg,0,0
14783,jam_(umamusume),0,0
14784,chimame-tai,0,0
14785,cool_&_sexy_(idolmaster),0,0
14786,okonomiyaki,0,0
14787,double_bass,0,0
14788,hands_on_own_neck,0,0
14789,dorayaki,0,0
14790,hatch,0,0
14791,arc_reactor,0,0
14792,seafloor,0,0
14793,chopped_spring_onion,0,0
14794,hand_shadow_covering_breasts_(meme),0,0
14795,falling_money,0,0
14796,gondola,0,0
14797,holding_charm,0,0
14798,biting_nipple,0,0
14799,scorpius_(constellation),0,0
14800,homework,0,0
14801,turretless_tank,0,0
14802,tongue_tattoo,0,0
14803,double-barreled_shotgun,0,0
14804,crushed,0,0
14805,spiked_bat,0,0
14806,on_tree,0,0
14807,necromancer,0,0
14808,civilight_eterna,0,0
14809,scribble,0,0
14810,hand_guard,0,0
14811,dirty_hands,0,0
14812,extendable_limbs,0,0
14813,genius_invokation_tcg_(style),0,0
14814,fuse,0,0
14815,leaning_out_of_window,0,0
14816,black_tongue,0,0
14817,cardigan_lift,0,0
14818,eevee_(cosplay),0,0
14819,cinnamiku_hairstyle,0,0
14820,french_cruller,0,0
14821,needles_between_fingers,0,0
14822,slap_mark_on_face,0,0
14823,pointing_with_thumb,0,0
14824,aqua_headband,0,0
14825,grilled_eel,0,0
14826,pouring_onto_another,0,0
14827,crossed_out,0,0
14828,heart_cure_watch,0,0
14829,gradient_neckerchief,0,0
14830,bird_hat,0,0
14831,film_reel,0,0
14832,clothes_on_bed,0,0
14833,black_tears,0,0
14834,shosei,0,0
14835,security_camera,0,0
14836,implied_rape,0,0
14837,buruma_around_one_leg,0,0
14838,paper_chain,0,0
14839,purple_bandeau,0,0
14840,pentagon_(shape),0,0
14841,pp_tenshi_t-shirt,0,0
14842,lekku_(anatomy),0,0
14843,slave_brand,0,0
14844,vegetation,0,0
14845,crotch_strap,0,0
14846,the_end_(phrase),0,0
14847,combat_ship_(eve_online),0,0
14848,toeless_socks,0,0
14849,winged_animal,0,0
14850,tedeza_rize's_school_uniform,0,0
14851,brown_sports_bra,0,0
14852,petal_print,0,0
14853,moomoo_milk,0,0
14854,pink_bloomers,0,0
14855,kochiya_sanae_(cosplay),0,0
14856,washing_vehicle,0,0
14857,duijin_ruqun,0,0
14858,toaster,0,0
14859,bagua,0,0
14860,super_famicom,0,0
14861,holding_manga,0,0
14862,grumpy,0,0
14863,pantsing,0,0
14864,spiked,0,0
14865,nen_(hunter_x_hunter),0,0
14866,through_portal,0,0
14867,stance_(vehicle),0,0
14868,seven_sisters_high_school_uniform,0,0
14869,imminent_bestiality,0,0
14870,drying_clothes,0,0
14871,wii_remote,0,0
14872,treehouse,0,0
14873,necktie_around_wrists,0,0
14874,lace_dress,0,0
14875,sofmap_background,0,0
14876,polygamy,0,0
14877,zipping,0,0
14878,hut,0,0
14879,funeral,0,0
14880,sock_dangle,0,0
14881,zipper_top,0,0
14882,animal_earrings,0,0
14883,leopard,0,0
14884,asymmetrical_shirt,0,0
14885,keizoku_(emblem),0,0
14886,pew,0,0
14887,dress_of_heaven,0,0
14888,viewer_self-insert,0,0
14889,h_(letter),0,0
14890,panda_tail,0,0
14891,panty_tug,0,0
14892,on_plate,0,0
14893,alternate_body_fluid,0,0
14894,slipper_bathtub,0,0
14895,hands_on_another's_knees,0,0
14896,bow_apron,0,0
14897,green_bandeau,0,0
14898,science,0,0
14899,yellow_hanfu,0,0
14900,susuki_grass,0,0
14901,mosaic_background,0,0
14902,sarong_lift,0,0
14903,brown_arm_warmers,0,0
14904,crystal_flower,0,0
14905,daxiushan,0,0
14906,taped_hands,0,0
14907,sea_urchin,0,0
14908,creator_name,0,0
14909,head_spikes,0,0
14910,crotchless_swimsuit,0,0
14911,pushing_wheelchair,0,0
14912,dojikko_pose,0,0
14913,scared_to_sleep_alone,0,0
14914,knife_in_head,0,0
14915,pringles_can,0,0
14916,pop-up_headlights,0,0
14917,plug_gag,0,0
14918,pedestrian_lights,0,0
14919,looking_inside,0,0
14920,jacket_grab,0,0
14921,leather_shorts,0,0
14922,stuffed_fox,0,0
14923,oversized_bug,0,0
14924,fake_blood,0,0
14925,scar_on_lip,0,0
14926,utnapishtim_operator_uniform_(blue_archive),0,0
14927,panties_under_bike_shorts,0,0
14928,mouse_on_head,0,0
14929,holding_hair_ornament,0,0
14930,mongolian_clothes,0,0
14931,name_tag_hair_ornament,0,0
14932,rengoku_(sword)_(fate),0,0
14933,corrugated_galvanized_iron_sheet,0,0
14934,roe,0,0
14935,cucumber_slice,0,0
14936,sexting,0,0
14937,inside_creature,0,0
14938,margherita_pizza,0,0
14939,cum_in_footwear,0,0
14940,recruiters_(disney),0,0
14941,selection_university_(emblem),0,0
14942,prosthetic_hand,0,0
14943,hand_on_mirror,0,0
14944,thigh_marking,0,0
14945,animate_object,0,0
14946,lace-trimmed_kimono,0,0
14947,stuck_in_a_box,0,0
14948,arm_on_another's_head,0,0
14949,computer_chip,0,0
14950,royal_guard_set_(zelda),0,0
14951,studded_garter_belt,0,0
14952,milk_churn,0,0
14953,holding_stopwatch,0,0
14954,bar_soap,0,0
14955,sea_lion,0,0
14956,serving,0,0
14957,quick_ball,0,0
14958,footjob_with_boots,0,0
14959,lipstick_mark_on_ass,0,0
14960,unconventional_vehicle,0,0
14961,sequins,0,0
14962,vitarka_mudra,0,0
14963,katsu_(food),0,0
14964,yume_no_tsue,0,0
14965,jet_ski,0,0
14966,arm_on_thigh,0,0
14967,fuck-me_shirt,0,0
14968,drinking_pee,0,0
14969,blonde_facial_hair,0,0
14970,age_switch,0,0
14971,aks-74u,0,0
14972,marble_(stone),0,0
14973,apple_print,0,0
14974,chemistry,0,0
14975,adjusting_headphones,0,0
14976,e16a_zuiun,0,0
14977,jessie_(pokemon)_(cosplay),0,0
14978,pot_on_head,0,0
14979,peeing_together,0,0
14980,knights_of_the_round_uniform,0,0
14981,marigold,0,0
14982,gardening_shears,0,0
14983,piercing_hole,0,0
14984,chest_height,0,0
14985,broken_egg,0,0
14986,flyer,0,0
14987,geass,0,0
14988,layer_cake,0,0
14989,frisbee,0,0
14990,japan_ground_self-defense_force,0,0
14991,see-through_horns,0,0
14992,blackmail,0,0
14993,ear_through_crown,0,0
14994,hope's_dusk_(apex_legends),0,0
14995,primogem,0,0
14996,lesbian_flag,0,0
14997,prydwen_(fate),0,0
14998,see-through_magazine_(weapon),0,0
14999,synthesizer,0,0
15000,eyewear_in_mouth,0,0
15001,gamecube,0,0
15002,gradient_bikini,0,0
15003,encasement,0,0
15004,no_navel,0,0
15005,hands_on_eyewear,0,0
15006,ears_under_headwear,0,0
15007,dinosaur_girl,0,0
15008,dropped_food,0,0
15009,pussy_sandwich,0,0
15010,entry_plug,0,0
15011,arm_across_neck,0,0
15012,imminent_netorare,0,0
15013,sakura_kyoko_(cosplay),0,0
15014,time_lapse,0,0
15015,upright_piano,0,0
15016,gold_headband,0,0
15017,familymart,0,0
15018,karaginu_mo,0,0
15019,stuffed_chicken,0,0
15020,whisp,0,0
15021,original_remodel_(kantai_collection),0,0
15022,leather_vest,0,0
15023,nose_pads,0,0
15024,unofficial_sailor_senshi_uniform,0,0
15025,covered_underboob,0,0
15026,gold_halo,0,0
15027,cursed_energy_(jujutsu_kaisen),0,0
15028,arrow_hair_ornament,0,0
15029,plaid_neckerchief,0,0
15030,frappuccino,0,0
15031,anus_cutout,0,0
15032,multiple_dogs,0,0
15033,kasamatsu_tracen_training_uniform,0,0
15034,super_saiyan_rose,0,0
15035,lifeguard_chair,0,0
15036,fire_hydrant,0,0
15037,anal_fisting,0,0
15038,stitched_eye,0,0
15039,energy_drain,0,0
15040,skeletal_tail,0,0
15041,mole_on_nose,0,0
15042,reisen_udongein_inaba_(cosplay),0,0
15043,hatsune_miku,4,0
15044,hakurei_reimu,4,0
15045,kirisame_marisa,4,0
15046,flandre_scarlet,4,0
15047,remilia_scarlet,4,0
15048,izayoi_sakuya,4,0
15049,artoria_pendragon_(fate),4,0
15050,komeiji_koishi,4,0
15051,admiral_(kancolle),4,0
15052,kochiya_sanae,4,0
15053,cirno,4,0
15054,konpaku_youmu,4,0
15055,patchouli_knowledge,4,0
15056,alice_margatroid,4,0
15057,yakumo_yukari,4,0
15058,sensei_(blue_archive),4,0
15059,shameimaru_aya,4,0
15060,kaname_madoka,4,0
15061,akemi_homura,4,0
15062,reisen_udongein_inaba,4,0
15063,komeiji_satori,4,0
15064,fujiwara_no_mokou,4,0
15065,hong_meiling,4,0
15066,saigyouji_yuyuko,4,0
15067,scaramouche_(genshin_impact),4,0
15068,inubashiri_momiji,4,0
15069,kagamine_rin,4,0
15070,kaga_(kancolle),4,0
15071,warrior_of_light_(ff14),4,0
15072,kaenbyou_rin,4,0
15073,yakumo_ran,4,0
15074,konpaku_youmu_(ghost),4,0
15075,raiden_shogun,4,0
15076,lumine_(genshin_impact),4,0
15077,rumia,4,0
15078,shimakaze_(kancolle),4,0
15079,saber_(fate),4,0
15080,miki_sayaka,4,0
15081,mash_kyrielight,4,0
15082,reiuji_utsuho,4,0
15083,kazami_yuuka,4,0
15084,chen,4,0
15085,link,4,0
15086,moriya_suwako,4,0
15087,doodle_sensei_(blue_archive),4,0
15088,ganyu_(genshin_impact),4,0
15089,trailblazer_(honkai:_star_rail),4,0
15090,fujimaru_ritsuka_(male),4,0
15091,tatara_kogasa,4,0
15092,hibiki_(kancolle),4,0
15093,kawashiro_nitori,4,0
15094,shigure_(kancolle),4,0
15095,hina_(blue_archive),4,0
15096,yuuka_(blue_archive),4,0
15097,gardevoir,4,0
15098,hinanawi_tenshi,4,0
15099,souryuu_asuka_langley,4,0
15100,sakura_kyoko,4,0
15101,houshou_marine,4,0
15102,tomoe_mami,4,0
15103,gotoh_hitori,4,0
15104,kagamine_len,4,0
15105,asuna_(blue_archive),4,0
15106,pikachu,4,0
15107,fujimaru_ritsuka_(female),4,0
15108,inkling_player_character,4,0
15109,houraisan_kaguya,4,0
15110,kamishirasawa_keine,4,0
15111,princess_zelda,4,0
15112,kasane_teto,4,0
15113,gawr_gura,4,0
15114,koakuma,4,0
15115,tifa_lockhart,4,0
15116,cloud_strife,4,0
15117,firefly_(honkai:_star_rail),4,0
15118,mystia_lorelei,4,0
15119,ibuki_suika,4,0
15120,nazrin,4,0
15121,shirakami_fubuki,4,0
15122,frieren,4,0
15123,mika_(blue_archive),4,0
15124,inaba_tewi,4,0
15125,hoshimachi_suisei,4,0
15126,kongou_(kancolle),4,0
15127,wanderer_(genshin_impact),4,0
15128,hu_tao_(genshin_impact),4,0
15129,inkling_girl,4,0
15130,inazuma_(kancolle),4,0
15131,hijiri_byakuren,4,0
15132,trainer_(umamusume),4,0
15133,houjuu_nue,4,0
15134,megurine_luka,4,0
15135,usami_renko,4,0
15136,hoshino_(blue_archive),4,0
15137,jeanne_d'arc_alter_(fate),4,0
15138,aether_(genshin_impact),4,0
15139,agnes_tachyon_(umamusume),4,0
15140,nanami_chiaki,4,0
15141,akagi_(kancolle),4,0
15142,furina_(genshin_impact),4,0
15143,maribel_hearn,4,0
15144,akemi_homura_(magical_girl),4,0
15145,ouro_kronii,4,0
15146,rio_(blue_archive),4,0
15147,fubuki_(kancolle),4,0
15148,nahida_(genshin_impact),4,0
15149,mizuhashi_parsee,4,0
15150,abigail_williams_(fate),4,0
15151,yuudachi_(kancolle),4,0
15152,tenryuu_(kancolle),4,0
15153,yagokoro_eirin,4,0
15154,stelle_(honkai:_star_rail),4,0
15155,manhattan_cafe_(umamusume),4,0
15156,doctor_(arknights),4,0
15157,yae_miko,4,0
15158,yasaka_kanako,4,0
15159,elysia_(honkai_impact),4,0
15160,mori_calliope,4,0
15161,shigure_kai_ni_(kancolle),4,0
15162,ikazuchi_(kancolle),4,0
15163,usada_pekora,4,0
15164,ninomae_ina'nis,4,0
15165,2b_(nier:automata),4,0
15166,aerith_gainsborough,4,0
15167,kagiyama_hina,4,0
15168,producer_(idolmaster),4,0
15169,toyosatomimi_no_miko,4,0
15170,nekomata_okayu,4,0
15171,yor_briar,4,0
15172,toki_(blue_archive),4,0
15173,amiya_(arknights),4,0
15174,nero_claudius_(fate),4,0
15175,nishizumi_miho,4,0
15176,akatsuki_(kancolle),4,0
15177,daiyousei,4,0
15178,misaka_mikoto,4,0
15179,shiroko_(blue_archive),4,0
15180,zuikaku_(kancolle),4,0
15181,hamakaze_(kancolle),4,0
15182,manjuu_(azur_lane),4,0
15183,suzumiya_haruhi,4,0
15184,makima_(chainsaw_man),4,0
15185,haruna_(kancolle),4,0
15186,mononobe_no_futo,4,0
15187,hoshiguma_yuugi,4,0
15188,kisaki_(blue_archive),4,0
15189,illyasviel_von_einzbern,4,0
15190,kaname_madoka_(magical_girl),4,0
15191,kayoko_(blue_archive),4,0
15192,zhongli_(genshin_impact),4,0
15193,akiyama_mio,4,0
15194,nami_(one_piece),4,0
15195,yuudachi_kai_ni_(kancolle),4,0
15196,ayanami_rei,4,0
15197,mari_(blue_archive),4,0
15198,tohsaka_rin,4,0
15199,sakura_miko,4,0
15200,rem_(re:zero),4,0
15201,oma_kokichi,4,0
15202,kazusa_(blue_archive),4,0
15203,megumin,4,0
15204,aris_(blue_archive),4,0
15205,kirby,4,0
15206,togawa_sakiko,4,0
15207,kashima_(kancolle),4,0
15208,takanashi_kiara,4,0
15209,imaizumi_kagerou,4,0
15210,gold_ship_(umamusume),4,0
15211,morichika_rinnosuke,4,0
15212,nagato_(kancolle),4,0
15213,wriggle_nightbug,4,0
15214,shiki_eiki,4,0
15215,yuzuki_yukari,4,0
15216,tokoyami_towa,4,0
15217,fate_testarossa,4,0
15218,minato_aqua,4,0
15219,onozuka_komachi,4,0
15220,chihaya_anon,4,0
15221,phainon_(honkai:_star_rail),4,0
15222,shanghai_doll,4,0
15223,koharu_(blue_archive),4,0
15224,rice_shower_(umamusume),4,0
15225,mona_(genshin_impact),4,0
15226,nakano_azusa,4,0
15227,dawn_(pokemon),4,0
15228,nanashi_mumei,4,0
15229,reze_(chainsaw_man),4,0
15230,suzuya_(kancolle),4,0
15231,tomoe_mami_(magical_girl),4,0
15232,ryuujou_(kancolle),4,0
15233,tamamo_no_mae_(fate),4,0
15234,scathach_(fate),4,0
15235,march_7th_(honkai:_star_rail),4,0
15236,fern_(sousou_no_frieren),4,0
15237,kita_ikuyo,4,0
15238,lillie_(pokemon),4,0
15239,kaito_(vocaloid),4,0
15240,nagato_yuki,4,0
15241,hirasawa_yui,4,0
15242,kyubey,4,0
15243,chun-li,4,0
15244,miki_sayaka_(magical_girl),4,0
15245,kinomoto_sakura,4,0
15246,matoi_ryuuko,4,0
15247,pyra_(xenoblade),4,0
15248,jeanne_d'arc_(fate),4,0
15249,may_(pokemon),4,0
15250,nishikino_maki,4,0
15251,hinoshita_kaho,4,0
15252,serval_(kemono_friends),4,0
15253,toramaru_shou,4,0
15254,nagasaki_soyo,4,0
15255,rosa_(pokemon),4,0
15256,mejiro_mcqueen_(umamusume),4,0
15257,himekaidou_hatate,4,0
15258,venti_(genshin_impact),4,0
15259,houshou_(kancolle),4,0
15260,daiwa_scarlet_(umamusume),4,0
15261,suletta_mercury,4,0
15262,princess_peach,4,0
15263,gilgamesh_(fate),4,0
15264,texas_(arknights),4,0
15265,ellen_joe,4,0
15266,kaku_seiga,4,0
15267,seia_(blue_archive),4,0
15268,caelus_(honkai:_star_rail),4,0
15269,keqing_(genshin_impact),4,0
15270,sonoda_umi,4,0
15271,saihara_shuichi,4,0
15272,marnie_(pokemon),4,0
15273,nishikigi_chisato,4,0
15274,tojo_nozomi,4,0
15275,kafuu_chino,4,0
15276,okita_souji_(fate),4,0
15277,paimon_(genshin_impact),4,0
15278,joseph_joestar,4,0
15279,murasa_minamitsu,4,0
15280,yazawa_nico,4,0
15281,oyama_mahiro,4,0
15282,amatsukaze_(kancolle),4,0
15283,midoriya_izuku,4,0
15284,takamachi_nanoha,4,0
15285,hilda_(pokemon),4,0
15286,monkey_d._luffy,4,0
15287,karin_(blue_archive),4,0
15288,hata_no_kokoro,4,0
15289,murakumo_(kancolle),4,0
15290,amane_kanata,4,0
15291,ookami_mio,4,0
15292,kafka_(honkai:_star_rail),4,0
15293,cyrene_(honkai:_star_rail),4,0
15294,astolfo_(fate),4,0
15295,denji_(chainsaw_man),4,0
15296,shuten_douji_(fate),4,0
15297,oozora_subaru,4,0
15298,noa_(blue_archive),4,0
15299,kujo_jotaro,4,0
15300,mythra_(xenoblade),4,0
15301,samus_aran,4,0
15302,yukikaze_(kancolle),4,0
15303,shibuya_rin,4,0
15304,komaeda_nagito,4,0
15305,ibaraki_kasen,4,0
15306,miyako_yoshika,4,0
15307,ayase_eli,4,0
15308,ijichi_nijika,4,0
15309,plana_(blue_archive),4,0
15310,belle_(zenless_zone_zero),4,0
15311,miorine_rembran,4,0
15312,tartaglia_(genshin_impact),4,0
15313,gawr_gura_(1st_costume),4,0
15314,yamato_(kancolle),4,0
15315,basil_(omori),4,0
15316,kiana_kaslana,4,0
15317,rover_(wuthering_waves),4,0
15318,emiya_shirou,4,0
15319,fujishima_megumi,4,0
15320,yukihana_lamy,4,0
15321,adachi_rei,4,0
15322,cynthia_(pokemon),4,0
15323,tainaka_ritsu,4,0
15324,kamisato_ayaka,4,0
15325,atago_(kancolle),4,0
15326,son_goku,4,0
15327,ushio_(kancolle),4,0
15328,arona_(blue_archive),4,0
15329,saber_alter,4,0
15330,clownpiece,4,0
15331,sunny_(omori),4,0
15332,cu_chulainn_(fate),4,0
15333,soga_no_tojiko,4,0
15334,klee_(genshin_impact),4,0
15335,meiko_(vocaloid),4,0
15336,shiina_taki,4,0
15337,nishizumi_maho,4,0
15338,iseri_nina,4,0
15339,aru_(blue_archive),4,0
15340,morrigan_aensland,4,0
15341,nico_robin,4,0
15342,inugami_korone,4,0
15343,momoi_(blue_archive),4,0
15344,sakura_kyoko_(magical_girl),4,0
15345,northern_ocean_princess,4,0
15346,female_byleth_(fire_emblem),4,0
15347,nagae_iku,4,0
15348,hanako_(blue_archive),4,0
15349,tsukino_usagi,4,0
15350,watson_amelia,4,0
15351,shiori_novella,4,0
15352,akebono_(kancolle),4,0
15353,darjeeling_(girls_und_panzer),4,0
15354,wise_(zenless_zone_zero),4,0
15355,shoukaku_(kancolle),4,0
15356,watanabe_you,4,0
15357,columbina_(genshin_impact),4,0
15358,shirogane_noel,4,0
15359,kasodani_kyouko,4,0
15360,baobhan_sith_(fate),4,0
15361,hoshimi_miyabi,4,0
15362,otomune_kozue,4,0
15363,archer_(fate),4,0
15364,bakugou_katsuki,4,0
15365,lappland_(arknights),4,0
15366,tokai_teio_(umamusume),4,0
15367,sakamata_chloe,4,0
15368,ooyodo_(kancolle),4,0
15369,skadi_(arknights),4,0
15370,gloria_(pokemon),4,0
15371,junko_(touhou),4,0
15372,nerissa_ravencroft,4,0
15373,hakos_baelz,4,0
15374,eevee,4,0
15375,sparkle_(honkai:_star_rail),4,0
15376,wakaba_mutsumi,4,0
15377,hoshii_miki,4,0
15378,murano_sayaka,4,0
15379,momose_ginko,4,0
15380,kurodani_yamame,4,0
15381,anya_(spy_x_family),4,0
15382,kijin_seija,4,0
15383,hinata_hajime,4,0
15384,joseph_joestar_(young),4,0
15385,kitakami_(kancolle),4,0
15386,kieran_(pokemon),4,0
15387,matou_sakura,4,0
15388,power_(chainsaw_man),4,0
15389,hk416_(girls'_frontline),4,0
15390,saotome_ranma,4,0
15391,itsumi_erika,4,0
15392,ako_(blue_archive),4,0
15393,asuna_(bunny)_(blue_archive),4,0
15394,mordred_(fate),4,0
15395,rensouhou-chan,4,0
15396,mydei_(honkai:_star_rail),4,0
15397,kumoi_ichirin,4,0
15398,inoue_takina,4,0
15399,kawaragi_momoka,4,0
15400,sekibanki,4,0
15401,misumi_uika,4,0
15402,hasumi_(blue_archive),4,0
15403,acheron_(honkai:_star_rail),4,0
15404,suzuran_(arknights),4,0
15405,bb_(fate),4,0
15406,roronoa_zoro,4,0
15407,yamada_ryo,4,0
15408,xiao_(genshin_impact),4,0
15409,osawa_rurino,4,0
15410,shishiro_botan,4,0
15411,kisaragi_chihaya,4,0
15412,minamoto_no_raikou_(fate),4,0
15413,yahata_umiri,4,0
15414,asashio_(kancolle),4,0
15415,aki_minoriko,4,0
15416,izumi_konata,4,0
15417,sakayori_iroha,4,0
15418,shenhe_(genshin_impact),4,0
15419,oshino_shinobu,4,0
15420,hiiragi_kagami,4,0
15421,oguri_cap_(umamusume),4,0
15422,eula_(genshin_impact),4,0
15423,shinosawa_hiro,4,0
15424,aqua_(konosuba),4,0
15425,ash_ketchum,4,0
15426,kanna_(blue_archive),4,0
15427,mirko,4,0
15428,minami_kotori,4,0
15429,silence_suzuka_(umamusume),4,0
15430,anchovy_(girls_und_panzer),4,0
15431,kitagawa_marin,4,0
15432,red_(pokemon),4,0
15433,amami_haruka,4,0
15434,hieda_no_akyuu,4,0
15435,ikari_shinji,4,0
15436,houshou_marine_(1st_costume),4,0
15437,prinz_eugen_(kancolle),4,0
15438,kaban_(kemono_friends),4,0
15439,asuna_(sao),4,0
15440,serena_(pokemon),4,0
15441,sonic_the_hedgehog,4,0
15442,higuchi_madoka,4,0
15443,don_quixote_(project_moon),4,0
15444,mario,4,0
15445,taihou_(azur_lane),4,0
15446,midori_(blue_archive),4,0
15447,saori_(blue_archive),4,0
15448,dio_brando,4,0
15449,gumi,4,0
15450,sephiroth,4,0
15451,marcille_donato,4,0
15452,mutsu_(kancolle),4,0
15453,ishmael_(project_moon),4,0
15454,tatsuta_(kancolle),4,0
15455,morgan_le_fay_(fate),4,0
15456,cammy_white,4,0
15457,kal'tsit_(arknights),4,0
15458,boo_tao_(genshin_impact),4,0
15459,la+_darknesss,4,0
15460,kotobuki_tsumugi,4,0
15461,sukuna_shinmyoumaru,4,0
15462,futatsuiwa_mamizou,4,0
15463,shiranui_mai,4,0
15464,okita_souji_(koha-ace),4,0
15465,hecatia_lapislazuli,4,0
15466,gojo_satoru,4,0
15467,nilou_(genshin_impact),4,0
15468,anyoji_hime,4,0
15469,toki_(bunny)_(blue_archive),4,0
15470,ooi_(kancolle),4,0
15471,shirasaka_koume,4,0
15472,kikuchi_makoto,4,0
15473,iono_(pokemon),4,0
15474,sendai_(kancolle),4,0
15475,uraraka_ochaco,4,0
15476,takao_(kancolle),4,0
15477,yumemi_riamu,4,0
15478,medusa_(fate),4,0
15479,fuwawa_abyssgard,4,0
15480,octoling_player_character,4,0
15481,shiranui_(kancolle),4,0
15482,akashi_(kancolle),4,0
15483,yugiri_tsuzuri,4,0
15484,edelgard_von_hresvelg,4,0
15485,ereshkigal_(fate),4,0
15486,female_admiral_(kancolle),4,0
15487,shijou_takane,4,0
15488,arcueid_brunestud,4,0
15489,akiyama_yukari,4,0
15490,mococo_abyssgard,4,0
15491,kosaka_honoka,4,0
15492,bismarck_(kancolle),4,0
15493,raiden_mei,4,0
15494,aki_shizuha,4,0
15495,stocking_(psg),4,0
15496,senketsu,4,0
15497,artoria_pendragon_(lancer)_(fate),4,0
15498,arlecchino_(genshin_impact),4,0
15499,mutsuki_(blue_archive),4,0
15500,lucina_(fire_emblem),4,0
15501,ceres_fauna,4,0
15502,yuuki_makoto_(persona_3),4,0
15503,sazanami_(kancolle),4,0
15504,yoko_littner,4,0
15505,uzumaki_naruto,4,0
15506,kasumi_(kancolle),4,0
15507,jane_doe_(zenless_zone_zero),4,0
15508,nakiri_ayame,4,0
15509,kasane_teto_(utau),4,0
15510,musashi_(kancolle),4,0
15511,nozomi_(blue_archive),4,0
15512,satono_diamond_(umamusume),4,0
15513,nice_nature_(umamusume),4,0
15514,letty_whiterock,4,0
15515,samidare_(kancolle),4,0
15516,irys_(hololive),4,0
15517,souryuu_(kancolle),4,0
15518,wei_wuxian,4,0
15519,yuki_miku,4,0
15520,exusiai_(arknights),4,0
15521,sanji_(one_piece),4,0
15522,silver_wolf_(honkai:_star_rail),4,0
15523,yamashiro_(kancolle),4,0
15524,hoshizora_rin,4,0
15525,amamiya_ren,4,0
15526,caesar_anthonio_zeppeli,4,0
15527,hikari_(blue_archive),4,0
15528,murasaki_shion,4,0
15529,meltryllis_(fate),4,0
15530,c.c.,4,0
15531,bremerton_(azur_lane),4,0
15532,neru_(blue_archive),4,0
15533,kiryuuin_satsuki,4,0
15534,agnes_tachyon_(tach-nology)_(umamusume),4,0
15535,shiranui_flare,4,0
15536,hiei_(kancolle),4,0
15537,d.va_(overwatch),4,0
15538,kachimachi_kosuzu,4,0
15539,rotom,4,0
15540,aubrey_(omori),4,0
15541,ishtar_(fate),4,0
15542,miyu_(blue_archive),4,0
15543,selene_(pokemon),4,0
15544,wakasagihime,4,0
15545,ro-500_(kancolle),4,0
15546,kim_dokja,4,0
15547,iowa_(kancolle),4,0
15548,haruno_sakura,4,0
15549,narukami_yu,4,0
15550,sailor_moon,4,0
15551,minase_iori,4,0
15552,basil_(faraway)_(omori),4,0
15553,ultimate_madoka,4,0
15554,hakui_koyori,4,0
15555,shimamura_uzuki,4,0
15556,surtr_(arknights),4,0
15557,fu_hua,4,0
15558,hatsutori_hajime,4,0
15559,kishin_sagume,4,0
15560,miyamoto_musashi_(fate),4,0
15561,kasane_teto_(sv),4,0
15562,kitasan_black_(umamusume),4,0
15563,kuroki_tomoko,4,0
15564,usada_pekora_(1st_costume),4,0
15565,formidable_(azur_lane),4,0
15566,amate_yuzuriha,4,0
15567,kirishima_(kancolle),4,0
15568,symboli_rudolf_(umamusume),4,0
15569,verniy_(kancolle),4,0
15570,tachibana_arisu,4,0
15571,twilight_(spy_x_family),4,0
15572,ange_katrina,4,0
15573,commander_(azur_lane),4,0
15574,bronya_zaychik,4,0
15575,special_week_(umamusume),4,0
15576,lily_white,4,0
15577,sagisawa_fumika,4,0
15578,ganaha_hibiki,4,0
15579,ui_(blue_archive),4,0
15580,tatsumaki,4,0
15581,akamatsu_kaede,4,0
15582,dan_heng_(honkai:_star_rail),4,0
15583,nikki_(nikki),4,0
15584,uruha_rushia,4,0
15585,atago_(azur_lane),4,0
15586,tsushima_yoshiko,4,0
15587,miyako_(blue_archive),4,0
15588,misty_(pokemon),4,0
15589,kaguya_(cho_kaguya-hime!),4,0
15590,female_corrin_(fire_emblem),4,0
15591,prinz_eugen_(azur_lane),4,0
15592,takagaki_kaede,4,0
15593,djeeta_(granblue_fantasy),4,0
15594,wo-class_aircraft_carrier,4,0
15595,yuubari_(kancolle),4,0
15596,mikasa_ackerman,4,0
15597,cyrene_(demiurge)_(honkai:_star_rail),4,0
15598,emilia_(re:zero),4,0
15599,nakano_nino,4,0
15600,kaedehara_kazuha,4,0
15601,shu_(arknights),4,0
15602,takarada_rikka,4,0
15603,yelan_(genshin_impact),4,0
15604,hifumi_(blue_archive),4,0
15605,ahri_(league_of_legends),4,0
15606,kizuna_akari,4,0
15607,arch_bishop_(ragnarok_online),4,0
15608,suigintou,4,0
15609,sakurauchi_riko,4,0
15610,robin_(honkai:_star_rail),4,0
15611,kiso_(kancolle),4,0
15612,karyl_(princess_connect!),4,0
15613,ump45_(girls'_frontline),4,0
15614,takamatsu_tomori,4,0
15615,shirakami_fubuki_(1st_costume),4,0
15616,omori_(omori),4,0
15617,kujo_jolyne,4,0
15618,aventurine_(honkai:_star_rail),4,0
15619,w_(arknights),4,0
15620,zero_two_(darling_in_the_franxx),4,0
15621,touhoku_kiritan,4,0
15622,hiryuu_(kancolle),4,0
15623,zani_(wuthering_waves),4,0
15624,sangonomiya_kokomi,4,0
15625,rosalina,4,0
15626,herta_(honkai:_star_rail),4,0
15627,nonomi_(blue_archive),4,0
15628,black_rock_shooter_(character),4,0
15629,tendou_akane,4,0
15630,koizumi_hanayo,4,0
15631,natsuiro_matsuri,4,0
15632,angelina_(arknights),4,0
15633,cu_chulainn_(lancer)_(fate),4,0
15634,ch'en_(arknights),4,0
15635,han_juri,4,0
15636,chloe_von_einzbern,4,0
15637,bridget_(guilty_gear),4,0
15638,artoria_caster_(fate),4,0
15639,lize_helesta,4,0
15640,leon_s._kennedy,4,0
15641,kirigiri_kyoko,4,0
15642,callie_(splatoon),4,0
15643,ex-keine,4,0
15644,yorigami_shion,4,0
15645,kel_(omori),4,0
15646,sua_(alien_stage),4,0
15647,kazama_iroha,4,0
15648,naganami_(kancolle),4,0
15649,hex_maniac_(pokemon),4,0
15650,doremy_sweet,4,0
15651,koseki_bijou,4,0
15652,reisalin_stout,4,0
15653,futaba_anzu,4,0
15654,takatsuki_yayoi,4,0
15655,medusa_(rider)_(fate),4,0
15656,haru_urara_(umamusume),4,0
15657,elysia_(herrscher_of_human:_ego)_(honkai_impact),4,0
15658,dark_magician_girl,4,0
15659,kiryu_coco,4,0
15660,hestia_(danmachi),4,0
15661,shiroko_terror_(blue_archive),4,0
15662,itadori_yuji,4,0
15663,enoshima_junko,4,0
15664,runami_yachiyo,4,0
15665,belfast_(azur_lane),4,0
15666,takebe_saori,4,0
15667,takami_chika,4,0
15668,hyuuga_hinata,4,0
15669,leon_(pokemon),4,0
15670,march_7th_(preservation)_(honkai:_star_rail),4,0
15671,faust_(project_moon),4,0
15672,kama_(fate),4,0
15673,aotsuki_eito,4,0
15674,eren_yeager,4,0
15675,yoo_joonghyuk,4,0
15676,furude_rika,4,0
15677,nagisa_kaworu,4,0
15678,holo,4,0
15679,raora_panthera,4,0
15680,graf_zeppelin_(kancolle),4,0
15681,zuihou_(kancolle),4,0
15682,sumino_takumi,4,0
15683,motoori_kosuzu,4,0
15684,makise_kurisu,4,0
15685,asahina_mikuru,4,0
15686,castorice_(honkai:_star_rail),4,0
15687,oda_nobunaga_(fate),4,0
15688,jougasaki_mika,4,0
15689,raihan_(pokemon),4,0
15690,uchiha_sasuke,4,0
15691,hong_lu_(project_moon),4,0
15692,saotome_ranma_(female),4,0
15693,mudrock_(arknights),4,0
15694,ayase_momo,4,0
15695,ibuki_(blue_archive),4,0
15696,giorno_giovanna,4,0
15697,kris_(deltarune),4,0
15698,ichika_(blue_archive),4,0
15699,chouzetsusaikawa_tenshi-chan,4,0
15700,kay_(girls_und_panzer),4,0
15701,hiroi_kikuri,4,0
15702,male_rover_(wuthering_waves),4,0
15703,medicine_melancholy,4,0
15704,izuna_(blue_archive),4,0
15705,mizi_(alien_stage),4,0
15706,sinclair_(project_moon),4,0
15707,kanzaki_ranko,4,0
15708,bowsette,4,0
15709,sirius_(azur_lane),4,0
15710,nakano_miku,4,0
15711,kikyou_(blue_archive),4,0
15712,curren_chan_(umamusume),4,0
15713,marie_(splatoon),4,0
15714,octoling_girl,4,0
15715,mari_(omori),4,0
15716,kisume,4,0
15717,usami_sumireko,4,0
15718,shokuhou_misaki,4,0
15719,monster_hunter_(character),4,0
15720,jean_(genshin_impact),4,0
15721,female_rover_(wuthering_waves),4,0
15722,tsukino_mito,4,0
15723,don-chan_(usada_pekora),4,0
15724,murasame_(kancolle),4,0
15725,shirai_kuroko,4,0
15726,diluc_(genshin_impact),4,0
15727,fischl_(genshin_impact),4,0
15728,nicole_demara,4,0
15729,akari_(pokemon),4,0
15730,naka_(kancolle),4,0
15731,barbara_(genshin_impact),4,0
15732,nagisa_(blue_archive),4,0
15733,elysia_(miss_pink_elf)_(honkai_impact),4,0
15734,kokkoro_(princess_connect!),4,0
15735,utsugi_noriyuki,4,0
15736,alice_(alice_in_wonderland),4,0
15737,sylveon,4,0
15738,falin_touden,4,0
15739,kei_(blue_archive),4,0
15740,super_sonico,4,0
15741,ichinose_shiki,4,0
15742,iori_(blue_archive),4,0
15743,dusk_(arknights),4,0
15744,star_sapphire,4,0
15745,takodachi_(ninomae_ina'nis),4,0
15746,fujita_kotone,4,0
15747,vivian_banshee,4,0
15748,yuuka_(track)_(blue_archive),4,0
15749,mayuzumi_fuyuko,4,0
15750,alhaitham_(genshin_impact),4,0
15751,florence_nightingale_(fate),4,0
15752,admire_vega_(umamusume),4,0
15753,shimada_arisu,4,0
15754,juliana_(pokemon),4,0
15755,rika_(pokemon),4,0
15756,tamamo_cross_(umamusume),4,0
15757,kochou_shinobu,4,0
15758,kyon,4,0
15759,ethan_(pokemon),4,0
15760,yuzu_(blue_archive),4,0
15761,evelyn_chevalier,4,0
15762,sandrone_(genshin_impact),4,0
15763,inkling_boy,4,0
15764,cheval_grand_(umamusume),4,0
15765,koshimizu_sachiko,4,0
15766,i-19_(kancolle),4,0
15767,seaport_princess,4,0
15768,king_halo_(umamusume),4,0
15769,dimitri_alexandre_blaiddyd,4,0
15770,t-head_trainer_(umamusume),4,0
15771,nessa_(pokemon),4,0
15772,toga_himiko,4,0
15773,yoimiya_(genshin_impact),4,0
15774,katyusha_(girls_und_panzer),4,0
15775,abigail_williams_(first_ascension)_(fate),4,0
15776,fairy_(kancolle),4,0
15777,unicorn_(azur_lane),4,0
15778,yorigami_jo'on,4,0
15779,charizard,4,0
15780,narmaya_(granblue_fantasy),4,0
15781,rowlet,4,0
15782,akigumo_(kancolle),4,0
15783,mihono_bourbon_(umamusume),4,0
15784,trafalgar_law,4,0
15785,ryuuguu_rena,4,0
15786,lum,4,0
15787,higashikata_josuke,4,0
15788,t.m._opera_o_(umamusume),4,0
15789,gokou_ruri,4,0
15790,uehara_ayumu,4,0
15791,asahina_mafuyu,4,0
15792,jack_the_ripper_(fate/apocrypha),4,0
15793,nitta_minami,4,0
15794,yi_sang_(project_moon),4,0
15795,makaino_ririmu,4,0
15796,kakyoin_noriaki,4,0
15797,rotom_phone,4,0
15798,lucario,4,0
15799,tsukishiro_yanagi,4,0
15800,shampoo_(ranma_1/2),4,0
15801,yoshida_yuuko,4,0
15802,nia_(xenoblade),4,0
15803,hoto_cocoa,4,0
15804,yamakaze_(kancolle),4,0
15805,shiroko_(swimsuit)_(blue_archive),4,0
15806,maya_(kancolle),4,0
15807,bea_(pokemon),4,0
15808,jinx_(league_of_legends),4,0
15809,yuki_setsuna,4,0
15810,mash_kyrielight_(demi-servant),4,0
15811,ruby_rose,4,0
15812,harukawa_maki,4,0
15813,serika_(blue_archive),4,0
15814,jeanne_d'arc_alter_(avenger)_(fate),4,0
15815,pecorine_(princess_connect!),4,0
15816,karin_(bunny)_(blue_archive),4,0
15817,luna_child,4,0
15818,omaru_polka,4,0
15819,lunasa_prismriver,4,0
15820,barnaby_brooks_jr.,4,0
15821,tsunomaki_watame,4,0
15822,blue_oak,4,0
15823,shirogane_naoto,4,0
15824,sunny_milk,4,0
15825,kaburagi_t._kotetsu,4,0
15826,sanya_v._litvyak,4,0
15827,arima_kana,4,0
15828,anastasia_(idolmaster),4,0
15829,ryoshu_(project_moon),4,0
15830,momosuzu_nene,4,0
15831,piplup,4,0
15832,hiiragi_tsukasa,4,0
15833,matara_okina,4,0
15834,iroha_(blue_archive),4,0
15835,umbreon,4,0
15836,gentildonna_(umamusume),4,0
15837,oberon_(fate),4,0
15838,tomioka_giyuu,4,0
15839,i-58_(kancolle),4,0
15840,wakamo_(blue_archive),4,0
15841,miura_azusa,4,0
15842,kotomine_kirei,4,0
15843,ayanami_(azur_lane),4,0
15844,oboro_(kancolle),4,0
15845,zhu_yuan,4,0
15846,sakura_miku,4,0
15847,aubrey_(faraway)_(omori),4,0
15848,akiyama_mizuki,4,0
15849,eila_ilmatar_juutilainen,4,0
15850,seele_vollerei,4,0
15851,miyu_edelfelt,4,0
15852,vodka_(umamusume),4,0
15853,elizabeth_bathory_(fate),4,0
15854,mayano_top_gun_(umamusume),4,0
15855,iskandar_(fate),4,0
15856,weiss_schnee,4,0
15857,fushiguro_megumi,4,0
15858,cyrene_(philia093)_(honkai:_star_rail),4,0
15859,azusa_(blue_archive),4,0
15860,kamado_nezuko,4,0
15861,amber_(genshin_impact),4,0
15862,mostima_(arknights),4,0
15863,hex_maniac_(pokemon_xy),4,0
15864,common_raccoon_(kemono_friends),4,0
15865,laios_touden,4,0
15866,hagiwara_yukiho,4,0
15867,dizzy_(guilty_gear),4,0
15868,shinonome_ena,4,0
15869,z1_leberecht_maass_(kancolle),4,0
15870,nakano_yotsuba,4,0
15871,asuna_(school_uniform)_(blue_archive),4,0
15872,nitocris_(fate),4,0
15873,mega_gardevoir,4,0
15874,jougasaki_rika,4,0
15875,citlali_(genshin_impact),4,0
15876,tokitsukaze_(kancolle),4,0
15877,sakurai_momoka,4,0
15878,seiun_sky_(umamusume),4,0
15879,azki_(hololive),4,0
15880,reizei_mako,4,0
15881,asakura_toru,4,0
15882,satonaka_chie,4,0
15883,kirito,4,0
15884,mercy_(overwatch),4,0
15885,panty_(psg),4,0
15886,kicchou_yachie,4,0
15887,twin_turbo_(umamusume),4,0
15888,shadow_the_hedgehog,4,0
15889,hero_(omori),4,0
15890,amy_rose,4,0
15891,p-head_producer,4,0
15892,z3_max_schultz_(kancolle),4,0
15893,boko_(girls_und_panzer),4,0
15894,aisaka_taiga,4,0
15895,taihou_(kancolle),4,0
15896,waver_velvet,4,0
15897,matsuura_kanan,4,0
15898,atlanta_(kancolle),4,0
15899,jeanne_d'arc_(ruler)_(fate),4,0
15900,yagami_hayate,4,0
15901,zack_fair,4,0
15902,glaceon,4,0
15903,inui_toko,4,0
15904,mika_(girls_und_panzer),4,0
15905,aoba_(kancolle),4,0
15906,yoru_(chainsaw_man),4,0
15907,ram_(re:zero),4,0
15908,blade_(honkai:_star_rail),4,0
15909,hibiki_(blue_archive),4,0
15910,vegeta,4,0
15911,melusine_(fate),4,0
15912,gengar,4,0
15913,maekawa_miku,4,0
15914,kuma_(kancolle),4,0
15915,hilbert_(pokemon),4,0
15916,illustrious_(azur_lane),4,0
15917,warspite_(kancolle),4,0
15918,natsu_(blue_archive),4,0
15919,frisk_(undertale),4,0
15920,changli_(wuthering_waves),4,0
15921,i-401_(kancolle),4,0
15922,princess_daisy,4,0
15923,lana_(pokemon),4,0
15924,chando_(ado),4,0
15925,kudamaki_tsukasa,4,0
15926,nian_(arknights),4,0
15927,darkness_(konosuba),4,0
15928,ouro_kronii_(1st_costume),4,0
15929,kiyohime_(fate),4,0
15930,jonathan_joestar,4,0
15931,kumano_(kancolle),4,0
15932,male_byleth_(fire_emblem),4,0
15933,the_herta_(honkai:_star_rail),4,0
15934,kirima_syaro,4,0
15935,kagerou_(kancolle),4,0
15936,pyonta,4,0
15937,fennec_(kemono_friends),4,0
15938,fusou_(kancolle),4,0
15939,satou_kazuma,4,0
15940,kurosawa_dia,4,0
15941,nanashi_mumei_(1st_costume),4,0
15942,ninomae_ina'nis_(1st_costume),4,0
15943,lilith_(darkstalkers),4,0
15944,hanako_(swimsuit)_(blue_archive),4,0
15945,wa2000_(girls'_frontline),4,0
15946,beatrice_(umineko),4,0
15947,lan_wangji,4,0
15948,akizuki_ritsuko,4,0
15949,kuchiki_rukia,4,0
15950,kokona_(blue_archive),4,0
15951,kanna_kamui,4,0
15952,houjou_satoko,4,0
15953,satsuki_(kancolle),4,0
15954,qiqi_(genshin_impact),4,0
15955,senjougahara_hitagi,4,0
15956,anis_(nikke),4,0
15957,peroro_(blue_archive),4,0
15958,higashiyama_kobeni,4,0
15959,kaeya_(genshin_impact),4,0
15960,black_swan_(honkai:_star_rail),4,0
15961,luigi,4,0
15962,takakura_ken_(dandadan),4,0
15963,sora_harewataru,4,0
15964,reisa_(blue_archive),4,0
15965,hilda_valentine_goneril,4,0
15966,shiratsuyu_(kancolle),4,0
15967,yukine_chris,4,0
15968,carmine_(pokemon),4,0
15969,watson_amelia_(1st_costume),4,0
15970,takane_lui,4,0
15971,awa_subaru,4,0
15972,ashigara_(kancolle),4,0
15973,eishin_flash_(umamusume),4,0
15974,uzuki_(kancolle),4,0
15975,bulbasaur,4,0
15976,albedo_(genshin_impact),4,0
15977,kise_yayoi,4,0
15978,tighnari_(genshin_impact),4,0
15979,kaenbyou_rin_(cat),4,0
15980,leaf_(pokemon),4,0
15981,tomoe_gozen_(fate),4,0
15982,agnes_digital_(umamusume),4,0
15983,mankanshoku_mako,4,0
15984,midorikawa_nao,4,0
15985,zero_(mega_man),4,0
15986,saki_(blue_archive),4,0
15987,mori_calliope_(1st_costume),4,0
15988,inugami_korone_(1st_costume),4,0
15989,sirius_symboli_(umamusume),4,0
15990,kouzuki_kallen,4,0
15991,non-human_admiral_(kancolle),4,0
15992,urakaze_(kancolle),4,0
15993,mogami_(kancolle),4,0
15994,shigure_ui_(vtuber),4,0
15995,izumi_sagiri,4,0
15996,hatsuyuki_(kancolle),4,0
15997,nia_teppelin,4,0
15998,saotome_ranma_(male),4,0
15999,skyla_(pokemon),4,0
16000,lyra_(pokemon),4,0
16001,florian_(pokemon),4,0
16002,sonia_(pokemon),4,0
16003,nekomata_okayu_(1st_costume),4,0
16004,kiyoshimo_(kancolle),4,0
16005,hayakawa_aki,4,0
16006,jintsuu_(kancolle),4,0
16007,burnice_white,4,0
16008,hayami_kanade,4,0
16009,n_(pokemon),4,0
16010,vertin_(reverse:1999),4,0
16011,neuvillette_(genshin_impact),4,0
16012,laffey_(azur_lane),4,0
16013,kamijou_touma,4,0
16014,till_(alien_stage),4,0
16015,professor_niyaniya_(blue_archive),4,0
16016,mizuno_ami,4,0
16017,kurosawa_ruby,4,0
16018,android_18,4,0
16019,lyn_(fire_emblem),4,0
16020,sakamata_chloe_(1st_costume),4,0
16021,kaname_raana,4,0
16022,hyuuga_(kancolle),4,0
16023,charlotte_(madoka_magica),4,0
16024,ivan_(alien_stage),4,0
16025,high_priest_(ragnarok_online),4,0
16026,grass_wonder_(umamusume),4,0
16027,kaga_(azur_lane),4,0
16028,tsumiki_mikan,4,0
16029,michishio_(kancolle),4,0
16030,takasaki_yu,4,0
16031,kunikida_hanamaru,4,0
16032,specter_(arknights),4,0
16033,super_creek_(umamusume),4,0
16034,aigis_(persona),4,0
16035,takeba_yukari,4,0
16036,monokuma,4,0
16037,matikanetannhauser_(umamusume),4,0
16038,kirlia,4,0
16039,dodoco_(genshin_impact),4,0
16040,saratoga_(kancolle),4,0
16041,makinami_mari_illustrious,4,0
16042,hanekawa_tsubasa,4,0
16043,sunday_(honkai:_star_rail),4,0
16044,todoroki_shoto,4,0
16045,emiya_kiritsugu,4,0
16046,akai_haato,4,0
16047,akuma_homura,4,0
16048,still_in_love_(umamusume),4,0
16049,futami_mami,4,0
16050,katsushika_hokusai_(fate),4,0
16051,sendai_kai_ni_(kancolle),4,0
16052,tamamo_cat_(fate),4,0
16053,fukumaru_koito,4,0
16054,yahagi_(kancolle),4,0
16055,shiomi_kotone,4,0
16056,isokaze_(kancolle),4,0
16057,air_groove_(umamusume),4,0
16058,kasumi_kai_ni_(kancolle),4,0
16059,harusame_(kancolle),4,0
16060,kel_(faraway)_(omori),4,0
16061,saten_ruiko,4,0
16062,jungle_pocket_(umamusume),4,0
16063,female_robin_(fire_emblem),4,0
16064,osaka_shizuku,4,0
16065,miyafuji_yoshika,4,0
16066,mash_kyrielight_(dangerous_beast),4,0
16067,toshinou_kyouko,4,0
16068,tippy_(gochiusa),4,0
16069,yixuan_(zenless_zone_zero),4,0
16070,erica_hartmann,4,0
16071,sessyoin_kiara,4,0
16072,yang_xiao_long,4,0
16073,yoisaki_kanade,4,0
16074,ump9_(girls'_frontline),4,0
16075,ohtsuki_yui,4,0
16076,kousaka_kirino,4,0
16077,heathcliff_(project_moon),4,0
16078,shinjou_akane,4,0
16079,lysithea_von_ordelia,4,0
16080,camilla_(fire_emblem),4,0
16081,kaveh_(genshin_impact),4,0
16082,hatsuzuki_(kancolle),4,0
16083,sheryl_nome,4,0
16084,takamaki_ann,4,0
16085,hoshino_(swimsuit)_(blue_archive),4,0
16086,gran_(granblue_fantasy),4,0
16087,phosphophyllite,4,0
16088,enterprise_(azur_lane),4,0
16089,ike_(fire_emblem),4,0
16090,kanroji_mitsuri,4,0
16091,vaporeon,4,0
16092,skadi_the_corrupting_heart_(arknights),4,0
16093,mimikyu,4,0
16094,akitsu_maru_(kancolle),4,0
16095,hanami_ume,4,0
16096,gigi_murin,4,0
16097,ame-chan_(needy_girl_overdose),4,0
16098,aoki_reika,4,0
16099,sakata_gintoki,4,0
16100,mr._c.b._(umamusume),4,0
16101,kurosaki_ichigo,4,0
16102,morpeko,4,0
16103,yuffie_kisaragi,4,0
16104,dante_(devil_may_cry),4,0
16105,hachimiya_meguru,4,0
16106,nero_claudius_(fate/extra),4,0
16107,kotonoha_akane,4,0
16108,isekaijoucho,4,0
16109,narita_brian_(umamusume),4,0
16110,taigei_(kancolle),4,0
16111,himari_(blue_archive),4,0
16112,hoshimachi_suisei_(1st_costume),4,0
16113,yura_(kancolle),4,0
16114,jeanne_d'arc_alter_(swimsuit_berserker)_(fate),4,0
16115,gold_ship_(red_strife)_(umamusume),4,0
16116,fou_(fate),4,0
16117,dantsu_flame_(umamusume),4,0
16118,unryuu_(kancolle),4,0
16119,shiori_novella_(1st_costume),4,0
16120,haruka_(blue_archive),4,0
16121,merlin_prismriver,4,0
16122,akagi_miria,4,0
16123,haro,4,0
16124,aino_minako,4,0
16125,chara_(undertale),4,0
16126,himemori_luna,4,0
16127,ia_(vocaloid),4,0
16128,lelouch_vi_britannia,4,0
16129,astra_yao,4,0
16130,dante_(limbus_company),4,0
16131,takao_(azur_lane),4,0
16132,espeon,4,0
16133,basil_(headspace)_(omori),4,0
16134,natori_sana,4,0
16135,meisho_doto_(umamusume),4,0
16136,sakura_futaba,4,0
16137,tamaki_iroha,4,0
16138,ohara_mari,4,0
16139,clorinde_(genshin_impact),4,0
16140,stark_(sousou_no_frieren),4,0
16141,brendan_(pokemon),4,0
16142,hishikawa_rikka,4,0
16143,haruna_(blue_archive),4,0
16144,ningguang_(genshin_impact),4,0
16145,oumae_kumiko,4,0
16146,9s_(nier:automata),4,0
16147,geto_suguru,4,0
16148,kamado_tanjirou,4,0
16149,unzan,4,0
16150,mitaka_asa,4,0
16151,t-head_admiral,4,0
16152,isuzu_hana,4,0
16153,accelerator_(toaru_majutsu_no_index),4,0
16154,magical_mirai_miku,4,0
16155,lyrica_prismriver,4,0
16156,kujikawa_rise,4,0
16157,barghest_(fate),4,0
16158,higuchi_kaede,4,0
16159,kagari_atsuko,4,0
16160,akagi_(azur_lane),4,0
16161,yuzuki_choco,4,0
16162,inoue_orihime,4,0
16163,lusamine_(pokemon),4,0
16164,la+_darknesss_(1st_costume),4,0
16165,mutsuki_(kancolle),4,0
16166,shikinami_(kancolle),4,0
16167,haguro_(kancolle),4,0
16168,theresa_apocalypse,4,0
16169,zundamon,4,0
16170,navia_(genshin_impact),4,0
16171,shihouin_yoruichi,4,0
16172,yae_sakura,4,0
16173,kei_(new_body)_(blue_archive),4,0
16174,gertrud_barkhorn,4,0
16175,ibaraki_douji_(fate),4,0
16176,ootori_emu,4,0
16177,nakayama_festa_(umamusume),4,0
16178,kurokoma_saki,4,0
16179,silver_(pokemon),4,0
16180,mortis_(bang_dream!),4,0
16181,nonna_(girls_und_panzer),4,0
16182,lio_fotia,4,0
16183,eous_(zenless_zone_zero),4,0
16184,endeavor_(boku_no_hero_academia),4,0
16185,raphtalia,4,0
16186,ryougi_shiki,4,0
16187,akizuki_(kancolle),4,0
16188,tennoji_rina,4,0
16189,chisa_(wuthering_waves),4,0
16190,phoebe_(wuthering_waves),4,0
16191,diarmuid_ua_duibhne_(fate),4,0
16192,levi_(shingeki_no_kyojin),4,0
16193,toutetsu_yuuma,4,0
16194,sunna_(zenless_zone_zero),4,0
16195,shiina_yuika,4,0
16196,natsuki_subaru,4,0
16197,futami_ami,4,0
16198,nakasu_kasumi,4,0
16199,kotonoha_aoi,4,0
16200,yuutenji_nyamu,4,0
16201,marina_(splatoon),4,0
16202,tachibana_kanade,4,0
16203,ceras_yanagida_lilienfeld,4,0
16204,mari_(track)_(blue_archive),4,0
16205,tenma_tsukasa,4,0
16206,kashiwazaki_sena,4,0
16207,komano_aunn,4,0
16208,commander_(girls'_frontline),4,0
16209,cyno_(genshin_impact),4,0
16210,junketsu,4,0
16211,momota_kaito,4,0
16212,palutena,4,0
16213,sprigatito,4,0
16214,asui_tsuyu,4,0
16215,springfield_(girls'_frontline),4,0
16216,narita_taishin_(umamusume),4,0
16217,koyanskaya_(fate),4,0
16218,hoshikawa_sara,4,0
16219,rapi_(nikke),4,0
16220,seia_(swimsuit)_(blue_archive),4,0
16221,shibuya_kanon,4,0
16222,pola_(kancolle),4,0
16223,morikubo_nono,4,0
16224,takanashi_rikka,4,0
16225,little_red_riding_hood_(fairy_tale_character),4,0
16226,shana,4,0
16227,diarmuid_ua_duibhne_(lancer)_(fate),4,0
16228,cecilia_immergreen,4,0
16229,mallow_(pokemon),4,0
16230,akaza_akari,4,0
16231,bulma,4,0
16232,shun_(blue_archive),4,0
16233,shinomiya_kaguya,4,0
16234,tokisaki_kurumi,4,0
16235,seiran_(touhou),4,0
16236,chitanda_eru,4,0
16237,jessie_(pokemon),4,0
16238,blaze_the_cat,4,0
16239,hanamura_yousuke,4,0
16240,leonardo_da_vinci_(fate),4,0
16241,houjou_hibiki,4,0
16242,naegi_makoto,4,0
16243,elira_pendora,4,0
16244,edward_elric,4,0
16245,shima_rin,4,0
16246,senshi_(dungeon_meshi),4,0
16247,kugisaki_nobara,4,0
16248,anastasia_(fate),4,0
16249,kamikaze_(kancolle),4,0
16250,goldenglow_(arknights),4,0
16251,scaramouche_(kabukimono)_(genshin_impact),4,0
16252,ak-12_(girls'_frontline),4,0
16253,hikawa_sayo,4,0
16254,re-class_battleship,4,0
16255,asakura_ryoko,4,0
16256,hino_akane_(precure),4,0
16257,son_gohan,4,0
16258,meltryllis_(swimsuit_lancer)_(fate),4,0
16259,momo_(nikki),4,0
16260,u-511_(kancolle),4,0
16261,i-168_(kancolle),4,0
16262,liko_(pokemon),4,0
16263,pochita_(chainsaw_man),4,0
16264,slime_(genshin_impact),4,0
16265,morpeko_(full),4,0
16266,mithrun,4,0
16267,kisaragi_(kancolle),4,0
16268,ubel_(sousou_no_frieren),4,0
16269,tony_tony_chopper,4,0
16270,i-8_(kancolle),4,0
16271,iizunamaru_megumu,4,0
16272,shinku,4,0
16273,ruan_mei_(honkai:_star_rail),4,0
16274,monika_(doki_doki_literature_club),4,0
16275,oyama_mihari,4,0
16276,ukinami_yuzuha,4,0
16277,daitaku_helios_(umamusume),4,0
16278,nishizumi_shiho,4,0
16279,anaxa_(honkai:_star_rail),4,0
16280,ju_fufu,4,0
16281,makigumo_(kancolle),4,0
16282,enkidu_(fate),4,0
16283,roll_(mega_man),4,0
16284,abukuma_(kancolle),4,0
16285,lynette_(genshin_impact),4,0
16286,ashiya_douman_(fate),4,0
16287,chiyoda_momo,4,0
16288,hyacine_(honkai:_star_rail),4,0
16289,tone_(kancolle),4,0
16290,tsukimura_temari,4,0
16291,yamato_(one_piece),4,0
16292,emma_verde,4,0
16293,evernight_(honkai:_star_rail),4,0
16294,kyonko,4,0
16295,kurumi_erika,4,0
16296,cipher_(honkai:_star_rail),4,0
16297,gambier_bay_(kancolle),4,0
16298,von_lycaon,4,0
16299,charlotte_e._yeager,4,0
16300,amagi_yukiko,4,0
16301,dr._ratio_(honkai:_star_rail),4,0
16302,yu_mei-ren_(fate),4,0
16303,aida_mana,4,0
16304,sasaki_chie,4,0
16305,miyuki_(kancolle),4,0
16306,madotsuki,4,0
16307,komi_shouko,4,0
16308,tachibana_hibiki_(symphogear),4,0
16309,felicia_(darkstalkers),4,0
16310,hino_rei,4,0
16311,char_aznable,4,0
16312,leafeon,4,0
16313,atou_haruki,4,0
16314,rice_shower_(rosy_dreams)_(umamusume),4,0
16315,sussurro_(arknights),4,0
16316,ushiwakamaru_(fate),4,0
16317,atsuko_(blue_archive),4,0
16318,gotland_(kancolle),4,0
16319,kinugasa_(kancolle),4,0
16320,irene_(arknights),4,0
16321,hanami_saki,4,0
16322,ryu_(street_fighter),4,0
16323,shiver_(splatoon),4,0
16324,akane_(blue_archive),4,0
16325,hozuki_momiji,4,0
16326,hoshino_ai,4,0
16327,lopunny,4,0
16328,priest_(ragnarok_online),4,0
16329,neptune_(neptunia),4,0
16330,lynette_bishop,4,0
16331,kero_(cardcaptor_sakura),4,0
16332,canari_(pokemon),4,0
16333,saria_(arknights),4,0
16334,roxy_migurdia,4,0
16335,perrine_h._clostermann,4,0
16336,yanfei_(genshin_impact),4,0
16337,scorbunny,4,0
16338,nakano_itsuki,4,0
16339,kujou_sara,4,0
16340,kino_makoto,4,0
16341,johnny_joestar,4,0
16342,lisa_(genshin_impact),4,0
16343,haniyasushin_keiki,4,0
16344,louise_francoise_le_blanc_de_la_valliere,4,0
16345,alice_thymefield,4,0
16346,popuko,4,0
16347,ushiromiya_battler,4,0
16348,akatsuki_kirika,4,0
16349,outis_(project_moon),4,0
16350,honda_mio,4,0
16351,yoshimi_(blue_archive),4,0
16352,wolverine_(x-men),4,0
16353,mejiro_ardan_(umamusume),4,0
16354,yaoyorozu_momo,4,0
16355,vivlos_(umamusume),4,0
16356,serizawa_asahi,4,0
16357,mavuika_(genshin_impact),4,0
16358,kayoko_(dress)_(blue_archive),4,0
16359,fubuki_(one-punch_man),4,0
16360,pekomama,4,0
16361,verxina_(umamusume),4,0
16362,orange_pekoe_(girls_und_panzer),4,0
16363,matikanefukukitaru_(umamusume),4,0
16364,kureiji_ollie,4,0
16365,nakano_ichika,4,0
16366,morino_rinze,4,0
16367,endministrator_(arknights),4,0
16368,ryoumen_sukuna_(jujutsu_kaisen),4,0
16369,hoshizora_miyuki,4,0
16370,moogle,4,0
16371,shoebill_(kemono_friends),4,0
16372,houshou_marine_(summer),4,0
16373,tiki_(fire_emblem),4,0
16374,napoleon_bonaparte_(fate),4,0
16375,sans_(undertale),4,0
16376,miyashita_ai,4,0
16377,osaki_amana,4,0
16378,fubuki_kai_ni_(kancolle),4,0
16379,spider-man,4,0
16380,tamamo_no_mae_(swimsuit_lancer)_(fate),4,0
16381,terra_branford,4,0
16382,eris_greyrat,4,0
16383,kirijou_mitsuru,4,0
16384,shinki_(touhou),4,0
16385,nero_claudius_(swimsuit_caster)_(fate),4,0
16386,hina_(swimsuit)_(blue_archive),4,0
16387,miyamoto_frederica,4,0
16388,himmel_(sousou_no_frieren),4,0
16389,blake_belladonna,4,0
16390,raising_heart,4,0
16391,ranka_lee,4,0
16392,yuugumo_(kancolle),4,0
16393,sonozaki_mion,4,0
16394,hassan_of_serenity_(fate),4,0
16395,kitazawa_shiho,4,0
16396,wriothesley_(genshin_impact),4,0
16397,jigglypuff,4,0
16398,sora_(kingdom_hearts),4,0
16399,st._louis_(azur_lane),4,0
16400,america_(hetalia),4,0
16401,ranni_the_witch,4,0
16402,an-94_(girls'_frontline),4,0
16403,elegg_(nikke),4,0
16404,simon_(ttgl),4,0
16405,yukihana_lamy_(1st_costume),4,0
16406,hoshiguma_(arknights),4,0
16407,tedeza_rize,4,0
16408,squirtle,4,0
16409,ciel_(tsukihime),4,0
16410,shorekeeper_(wuthering_waves),4,0
16411,elesa_(pokemon),4,0
16412,suiseiseki,4,0
16413,hornet_(hollow_knight),4,0
16414,tokino_sora,4,0
16415,commander_(nikke),4,0
16416,charmander,4,0
16417,eimi_(blue_archive),4,0
16418,rebecca_(cyberpunk),4,0
16419,backbeako_(torotei),4,0
16420,shirase_sakuya,4,0
16421,nemona_(pokemon),4,0
16422,matsuno_osomatsu,4,0
16423,adventurer_(ff11),4,0
16424,niwatari_kutaka,4,0
16425,shuji_ito,4,0
16426,mifune_shioriko,4,0
16427,kuwayama_chiyuki,4,0
16428,irida_(pokemon),4,0
16429,mysterious_heroine_xx_(fate),4,0
16430,noumi_kudryavka,4,0
16431,sinon,4,0
16432,chibi_usa,4,0
16433,tsunade_(naruto),4,0
16434,mima_(touhou),4,0
16435,ise_(kancolle),4,0
16436,oshawott,4,0
16437,united_kingdom_(hetalia),4,0
16438,battleship_princess,4,0
16439,oblivionis_(bang_dream!),4,0
16440,javelin_(azur_lane),4,0
16441,nagatoro_hayase,4,0
16442,takanashi_kiara_(1st_costume),4,0
16443,asaka_karin,4,0
16444,matsuno_ichimatsu,4,0
16445,smart_falcon_(umamusume),4,0
16446,lucky_beast_(kemono_friends),4,0
16447,irisviel_von_einzbern,4,0
16448,andou_(girls_und_panzer),4,0
16449,marie_antoinette_(fate),4,0
16450,squall_leonhart,4,0
16451,kamisato_ayato,4,0
16452,shantae,4,0
16453,midna,4,0
16454,matsuno_karamatsu,4,0
16455,konoe_kanata,4,0
16456,katsuragi_ace_(umamusume),4,0
16457,marianne_von_edmund,4,0
16458,ho'olheyak_(arknights),4,0
16459,horikawa_raiko,4,0
16460,murakumo_kai_ni_(kancolle),4,0
16461,minato_aqua_(1st_costume),4,0
16462,meowscarada,4,0
16463,tsurugi_(blue_archive),4,0
16464,shinonome_akito,4,0
16465,hoshi_syoko,4,0
16466,kusanagi_nene,4,0
16467,james_(pokemon),4,0
16468,snivy,4,0
16469,fujiwara_chika,4,0
16470,mococo_abyssgard_(1st_costume),4,0
16471,yuzuriha_inori,4,0
16472,suzutsuki_(kancolle),4,0
16473,jill_valentine,4,0
16474,aglaea_(honkai:_star_rail),4,0
16475,x_(mega_man),4,0
16476,nagatsuki_(kancolle),4,0
16477,jun'you_(kancolle),4,0
16478,female_alear_(fire_emblem),4,0
16479,noshiro_(kancolle),4,0
16480,bowser,4,0
16481,orfevre_(umamusume),4,0
16482,tohru_(maidragon),4,0
16483,nanasaki_ai,4,0
16484,beidou_(genshin_impact),4,0
16485,male_robin_(fire_emblem),4,0
16486,nachi_(kancolle),4,0
16487,noelle_(genshin_impact),4,0
16488,cinnamoroll,4,0
16489,hibiki_(cheer_squad)_(blue_archive),4,0
16490,backbeard,4,0
16491,ujimatsu_chiya,4,0
16492,kanna_(swimsuit)_(blue_archive),4,0
16493,eyjafjalla_(arknights),4,0
16494,ikamusume,4,0
16495,g11_(girls'_frontline),4,0
16496,tokoyami_towa_(1st_costume),4,0
16497,matsuno_jyushimatsu,4,0
16498,nugget_(project_moon),4,0
16499,pit_(kid_icarus),4,0
16500,sunazuka_akira,4,0
16501,rabbit_yukine,4,0
16502,ramlethal_valentine,4,0
16503,ringo_(touhou),4,0
16504,suou_momoko,4,0
16505,dimitri_alexandre_blaiddyd_(timeskip),4,0
16506,boa_hancock,4,0
16507,niijima_makoto,4,0
16508,moona_hoshinova,4,0
16509,elizabeth_rose_bloodflame,4,0
16510,misumi_nagisa,4,0
16511,artoria_pendragon_(lancer_alter)_(fate),4,0
16512,justice_task_force_member_(blue_archive),4,0
16513,jakuzure_nonon,4,0
16514,selen_tatsuki,4,0
16515,biwa_hayahide_(umamusume),4,0
16516,yumi_(senran_kagura),4,0
16517,katsuki_yuuri,4,0
16518,kris_(dark_world)_(deltarune),4,0
16519,eternity_larva,4,0
16520,portgas_d._ace,4,0
16521,elphelt_valentine,4,0
16522,komiya_kaho,4,0
16523,mortis_(costume)_(bang_dream!),4,0
16524,kirigaya_suguha,4,0
16525,rodion_(project_moon),4,0
16526,asashio_kai_ni_(kancolle),4,0
16527,kuroshio_(kancolle),4,0
16528,teruzuki_(kancolle),4,0
16529,pepperoni_(girls_und_panzer),4,0
16530,rita_rossweisse,4,0
16531,moroboshi_kirari,4,0
16532,bardiche_(nanoha),4,0
16533,etna_(disgaea),4,0
16534,kongou_kai_ni_(kancolle),4,0
16535,jeanne_d'arc_alter_santa_lily_(fate),4,0
16536,deadpool,4,0
16537,sonetto_(reverse:1999),4,0
16538,shishiro_botan_(1st_costume),4,0
16539,shiomi_syuko,4,0
16540,viktor_nikiforov,4,0
16541,yuki_judai,4,0
16542,hakui_koyori_(1st_costume),4,0
16543,fuwawa_abyssgard_(1st_costume),4,0
16544,choukai_(kancolle),4,0
16545,aile_(mega_man_zx),4,0
16546,sonoda_chiyoko,4,0
16547,baobhan_sith_(first_ascension)_(fate),4,0
16548,prisma_illya,4,0
16549,hikawa_hina,4,0
16550,hawks_(boku_no_hero_academia),4,0
16551,fuji_kiseki_(umamusume),4,0
16552,daidouji_tomoyo,4,0
16553,kousaka_tamaki,4,0
16554,kasugano_sakura,4,0
16555,fletcher_(kancolle),4,0
16556,anby_demara,4,0
16557,narita_top_road_(umamusume),4,0
16558,nanami_kento,4,0
16559,gangut_(kancolle),4,0
16560,camellya_(wuthering_waves),4,0
16561,rouge_the_bat,4,0
16562,herrscher_of_sentience,4,0
16563,aoyagi_touya,4,0
16564,maru-yu_(kancolle),4,0
16565,mejiro_dober_(umamusume),4,0
16566,himeno_(chainsaw_man),4,0
16567,pearl_(splatoon),4,0
16568,cyndaquil,4,0
16569,ao_isami,4,0
16570,sameko_saba,4,0
16571,tokoyami_towa_(jirai_kei),4,0
16572,himesaki_rinami,4,0
16573,hakos_baelz_(1st_costume),4,0
16574,killua_zoldyck,4,0
16575,shinano_(azur_lane),4,0
16576,rosehip_(girls_und_panzer),4,0
16577,yowane_haku,4,0
16578,miyako_(swimsuit)_(blue_archive),4,0
16579,flareon,4,0
16580,wattson_(apex_legends),4,0
16581,aria_(zenless_zone_zero),4,0
16582,scaramouche_(cat)_(genshin_impact),4,0
16583,aemeath_(wuthering_waves),4,0
16584,krista_lenz,4,0
16585,sakuragi_mano,4,0
16586,shirayuki_(kancolle),4,0
16587,yukinoshita_yukino,4,0
16588,koyuki_(blue_archive),4,0
16589,brazilian_miku,4,0
16590,asashimo_(kancolle),4,0
16591,bibi_(tokoyami_towa),4,0
16592,ashido_mina,4,0
16593,rosmontis_(arknights),4,0
16594,harada_minoru,4,0
16595,cinderella_(nikke),4,0
16596,russia_(hetalia),4,0
16597,katsuragi_misato,4,0
16598,hanasaki_tsubomi,4,0
16599,spider-man_(original_suit),4,0
16600,ayanami_(kancolle),4,0
16601,kagura_(gintama),4,0
16602,asaba_harumasa,4,0
16603,jirachi,4,0
16604,kamiya_nao,4,0
16605,saren_(princess_connect!),4,0
16606,nero_claudius_(bride)_(fate),4,0
16607,lucifer_(helltaker),4,0
16608,chikorita,4,0
16609,airi_(blue_archive),4,0
16610,fine_motion_(umamusume),4,0
16611,matsuno_choromatsu,4,0
16612,tokai_teio_(peak_joy)_(umamusume),4,0
16613,cu_chulainn_(fate/stay_night),4,0
16614,yayoi_(kancolle),4,0
16615,hina_(dress)_(blue_archive),4,0
16616,hatoba_tsugu,4,0
16617,jeanne_d'arc_alter_(ver._shinjuku_1999)_(fate),4,0
16618,lovely_labrynth_of_the_silver_castle,4,0
16619,hoshino_ruby,4,0
16620,hojo_karen,4,0
16621,kris_(pokemon),4,0
16622,takara_miyuki,4,0
16623,tama_(kancolle),4,0
16624,sailor_mercury,4,0
16625,saitama_(one-punch_man),4,0
16626,angela_(project_moon),4,0
16627,bianca_(pokemon),4,0
16628,iruma_miu,4,0
16629,lyney_(genshin_impact),4,0
16630,katsuragi_lilja,4,0
16631,air_shakur_(umamusume),4,0
16632,android_21,4,0
16633,tsukioka_kogane,4,0
16634,hishi_miracle_(umamusume),4,0
16635,kazama_iroha_(1st_costume),4,0
16636,funami_yui,4,0
16637,joutouguu_mayumi,4,0
16638,kamishiro_rui,4,0
16639,watatsuki_no_yorihime,4,0
16640,tsukino_mito_(1st_costume),4,0
16641,z23_(azur_lane),4,0
16642,luciana_de_montefio,4,0
16643,angel_devil_(chainsaw_man),4,0
16644,kayamori_ruka,4,0
16645,calem_(pokemon),4,0
16646,piers_(pokemon),4,0
16647,ichihara_nina,4,0
16648,mountain_(arknights),4,0
16649,natsuki_(doki_doki_literature_club),4,0
16650,eri_(blue_archive),4,0
16651,arashio_(kancolle),4,0
16652,meowth,4,0
16653,okita_souji_(third_ascension)_(fate),4,0
16654,hisakawa_hayate,4,0
16655,sakuma_mayu,4,0
16656,minato_aqua_(sailor),4,0
16657,katsuragi_(kancolle),4,0
16658,index_(toaru_majutsu_no_index),4,0
16659,ling_(arknights),4,0
16660,ada_wong,4,0
16661,chongyue_(arknights),4,0
16662,mei_(overwatch),4,0
16663,oberon_(third_ascension)_(fate),4,0
16664,kabru,4,0
16665,cartethyia_(wuthering_waves),4,0
16666,akita_neru,4,0
16667,aranara_(genshin_impact),4,0
16668,celestia_ludenberg,4,0
16669,ye_shunguang,4,0
16670,shun_(small)_(blue_archive),4,0
16671,suzukaze_(kancolle),4,0
16672,oshida_(girls_und_panzer),4,0
16673,sabrina_(pokemon),4,0
16674,muelsyse_(arknights),4,0
16675,bloop_(gawr_gura),4,0
16676,slime_(dragon_quest),4,0
16677,pomni_(the_amazing_digital_circus),4,0
16678,pipimi,4,0
16679,falin_touden_(tallman),4,0
16680,rex_(xenoblade),4,0
16681,male_doctor_(arknights),4,0
16682,mint_fantome,4,0
16683,employee_(project_moon),4,0
16684,yumeno_himiko,4,0
16685,jervis_(kancolle),4,0
16686,ichikawa_hinana,4,0
16687,chilchuck_tims,4,0
16688,floyd_leech,4,0
16689,nijigaoka_mashiro,4,0
16690,m4a1_(girls'_frontline),4,0
16691,elio_(pokemon),4,0
16692,mysterious_heroine_x_alter_(fate),4,0
16693,sakura_miko_(1st_costume),4,0
16694,konjiki_no_yami,4,0
16695,tracer_(overwatch),4,0
16696,m16a1_(girls'_frontline),4,0
16697,yamada_anna,4,0
16698,myoukou_(kancolle),4,0
16699,makoto_nanaya,4,0
16700,flins_(genshin_impact),4,0
16701,nishi_kinuyo,4,0
16702,xingqiu_(genshin_impact),4,0
16703,silver_fox_(kemono_friends),4,0
16704,mari_(faraway)_(omori),4,0
16705,japan_(hetalia),4,0
16706,tsubaki_(blue_archive),4,0
16707,matsumoto_rangiku,4,0
16708,hoshino_aquamarine,4,0
16709,chris_redfield,4,0
16710,kurapika,4,0
16711,topaz_(honkai:_star_rail),4,0
16712,nerissa_ravencroft_(1st_costume),4,0
16713,leafa_(sao),4,0
16714,maomao_(kusuriya_no_hitorigoto),4,0
16715,sobble,4,0
16716,tepig,4,0
16717,kenzaki_makoto,4,0
16718,manhattan_cafe_(creeping_shadow)_(umamusume),4,0
16719,fubuki_(blue_archive),4,0
16720,carlotta_(wuthering_waves),4,0
16721,aozaki_aoko,4,0
16722,kousaka_reina,4,0
16723,artoria_pendragon_(swimsuit_ruler)_(fate),4,0
16724,vi_(league_of_legends),4,0
16725,tharja_(fire_emblem),4,0
16726,gladion_(pokemon),4,0
16727,astolfo_(rider)_(fate),4,0
16728,perlica_(arknights),4,0
16729,kiryu_coco_(1st_costume),4,0
16730,kuzuha_(nijisanji),4,0
16731,claude_von_riegan,4,0
16732,nangong_yu,4,0
16733,almond_eye_(umamusume),4,0
16734,kasumi_(doa),4,0
16735,saber_lily,4,0
16736,maruzensky_(umamusume),4,0
16737,isoi_reiji,4,0
16738,sakurako_(blue_archive),4,0
16739,torchic,4,0
16740,bayonetta,4,0
16741,japanese_crested_ibis_(kemono_friends),4,0
16742,virtuosa_(arknights),4,0
16743,hilichurl_(genshin_impact),4,0
16744,m200_(girls'_frontline),4,0
16745,aubrey_(headspace)_(omori),4,0
16746,suzuhara_lulu,4,0
16747,minamino_kanade,4,0
16748,nishida_satono,4,0
16749,furutaka_(kancolle),4,0
16750,hero_(faraway)_(omori),4,0
16751,agano_(kancolle),4,0
16752,heanna_sumire,4,0
16753,monomi_(danganronpa),4,0
16754,tanaka_mamimi,4,0
16755,oguri_cap_(starlight_beat)_(umamusume),4,0
16756,bb_(fate/extra),4,0
16757,chi-chi_(dragon_ball),4,0
16758,mimura_kanako,4,0
16759,le_malin_(azur_lane),4,0
16760,yukishiro_honoka,4,0
16761,classic_d.va,4,0
16762,mioda_ibuki,4,0
16763,moe_(blue_archive),4,0
16764,sakamoto_mio,4,0
16765,koharu_(swimsuit)_(blue_archive),4,0
16766,hanyuu,4,0
16767,koizumi_itsuki,4,0
16768,garchomp,4,0
16769,matsuno_todomatsu,4,0
16770,osaki_tenka,4,0
16771,last_order_(toaru_majutsu_no_index),4,0
16772,mordred_(fate/apocrypha),4,0
16773,m4_sopmod_ii_(girls'_frontline),4,0
16774,hello_kitty_(character),4,0
16775,iris_(pokemon),4,0
16776,angel_(kof),4,0
16777,haruna_kai_ni_(kancolle),4,0
16778,purple_heart_(neptunia),4,0
16779,gregor_(project_moon),4,0
16780,oomuro_sakurako,4,0
16781,grusha_(pokemon),4,0
16782,dream_journey_(umamusume),4,0
16783,hisakawa_nagi,4,0
16784,hoshimiya_ichigo,4,0
16785,takagi-san,4,0
16786,scathach-skadi_(fate),4,0
16787,mejiro_palmer_(umamusume),4,0
16788,otonashi_kotori,4,0
16789,baltimore_(azur_lane),4,0
16790,martha_(fate),4,0
16791,vivio,4,0
16792,merlin_(fate),4,0
16793,tang_keke,4,0
16794,maizono_sayaka,4,0
16795,dehya_(genshin_impact),4,0
16796,raven_(dc),4,0
16797,hokko_tarumae_(umamusume),4,0
16798,wraith_(apex_legends),4,0
16799,yuigahama_yui,4,0
16800,misaki_(blue_archive),4,0
16801,waddle_dee,4,0
16802,caenis_(fate),4,0
16803,igarashi_futaba,4,0
16804,shiraishi_an,4,0
16805,isuzu_(kancolle),4,0
16806,dragonite,4,0
16807,yuuki_haru,4,0
16808,sukoya_kana,4,0
16809,souseiseki,4,0
16810,okamisty,4,0
16811,blue_poison_(arknights),4,0
16812,kusanagi_motoko,4,0
16813,kazano_hiori,4,0
16814,usopp,4,0
16815,tsukumo_benben,4,0
16816,kirino_ranmaru,4,0
16817,frye_(splatoon),4,0
16818,kishibe_rohan,4,0
16819,mon3tr_(arknights),4,0
16820,tohno_shiki,4,0
16821,libeccio_(kancolle),4,0
16822,daiwa_scarlet_(peak_blue)_(umamusume),4,0
16823,vita_(nanoha),4,0
16824,lilith_(fate),4,0
16825,kamui_gakupo,4,0
16826,sonozaki_shion,4,0
16827,olga_marie_animusphere,4,0
16828,chongyun_(genshin_impact),4,0
16829,mamiya_(kancolle),4,0
16830,uiharu_kazari,4,0
16831,tashkent_(kancolle),4,0
16832,durin_(genshin_impact),4,0
16833,yoshikawa_chinatsu,4,0
16834,tsurumaki_maki,4,0
16835,honolulu_(azur_lane),4,0
16836,corin_wickes,4,0
16837,pavolia_reine,4,0
16838,kageyama_shigeo,4,0
16839,mari_(headspace)_(omori),4,0
16840,himeko_(honkai:_star_rail),4,0
16841,azusawa_kohane,4,0
16842,teireida_mai,4,0
16843,hiyori_(blue_archive),4,0
16844,sweep_tosho_(umamusume),4,0
16845,nonomi_(swimsuit)_(blue_archive),4,0
16846,princess_king_boo,4,0
16847,leona_heidern,4,0
16848,northern_white-faced_owl_(kemono_friends),4,0
16849,mobius_(honkai_impact),4,0
16850,hop_(pokemon),4,0
16851,braixen,4,0
16852,fukawa_toko,4,0
16853,amami_rantaro,4,0
16854,malenia_blade_of_miquella,4,0
16855,racing_miku,4,0
16856,sengoku_nadeko,4,0
16857,ushiromiya_ange,4,0
16858,pichu,4,0
16859,manaka_laala,4,0
16860,zidane_tribal,4,0
16861,reiuji_utsuho_(bird),4,0
16862,chandelure,4,0
16863,vash_the_stampede,4,0
16864,natsume_rin,4,0
16865,kizuna_ai,4,0
16866,yang_guifei_(fate),4,0
16867,siege_(arknights),4,0
16868,oda_nobunaga_(koha-ace),4,0
16869,tateyama_ayano,4,0
16870,tenkyuu_chimata,4,0
16871,neru_(bunny)_(blue_archive),4,0
16872,hachikuji_mayoi,4,0
16873,noire_(neptunia),4,0
16874,bruno_bucciarati,4,0
16875,absol,4,0
16876,jumpy_dumpty,4,0
16877,okabe_rintarou,4,0
16878,araragi_koyomi,4,0
16879,hasumi_(track)_(blue_archive),4,0
16880,sailor_venus,4,0
16881,tsukumo_sana,4,0
16882,tohno_akiha,4,0
16883,sakura_bakushin_o_(umamusume),4,0
16884,uruha_rushia_(1st_costume),4,0
16885,widowmaker_(overwatch),4,0
16886,medea_(fate),4,0
16887,meursault_(project_moon),4,0
16888,susie_(deltarune),4,0
16889,sonya_(kill_me_baby),4,0
16890,jiro_kyoka,4,0
16891,nanachi_(made_in_abyss),4,0
16892,ezo_red_fox_(kemono_friends),4,0
16893,elsa_(frozen),4,0
16894,taiki_shuttle_(umamusume),4,0
16895,theodore_riddle,4,0
16896,gallade,4,0
16897,karna_(fate),4,0
16898,noel_vermillion,4,0
16899,aris_(maid)_(blue_archive),4,0
16900,qingyi_(zenless_zone_zero),4,0
16901,kagamihara_nadeshiko,4,0
16902,mega_man_(character),4,0
16903,arjuna_(fate),4,0
16904,su-san,4,0
16905,sasaki_saku,4,0
16906,sailor_mars,4,0
16907,arven_(pokemon),4,0
16908,kaf_(kamitsubaki_studio),4,0
16909,grey_wolf_(kemono_friends),4,0
16910,tails_(sonic),4,0
16911,schwarz_(arknights),4,0
16912,lucy_(cyberpunk),4,0
16913,iuno_(wuthering_waves),4,0
16914,poring,4,0
16915,penny_(pokemon),4,0
16916,sakura_chiyono_o_(umamusume),4,0
16917,lewis_smith,4,0
16918,miyamoto_musashi_(swimsuit_berserker)_(fate),4,0
16919,producer_(idolmaster_cinderella_girls_anime),4,0
16920,hyakumantenbara_salome,4,0
16921,matoba_risa,4,0
16922,kamukura_izuru,4,0
16923,maki_(blue_archive),4,0
16924,oshino_ougi,4,0
16925,passionlip_(fate),4,0
16926,st_ar-15_(girls'_frontline),4,0
16927,francesca_lucchini,4,0
16928,rupa_(girls_band_cry),4,0
16929,rensouhou-kun,4,0
16930,azura_(fire_emblem),4,0
16931,phrolova_(wuthering_waves),4,0
16932,noelle_holiday,4,0
16933,reiner_braun,4,0
16934,katsuragi_izumi,4,0
16935,hiro_(darling_in_the_franxx),4,0
16936,jean_pierre_polnareff,4,0
16937,gyro_zeppeli,4,0
16938,shigure_kai_san_(kancolle),4,0
16939,winning_ticket_(umamusume),4,0
16940,mualani_(genshin_impact),4,0
16941,cure_peace,4,0
16942,armin_arlert,4,0
16943,modeus_(helltaker),4,0
16944,sakuraba_ema,4,0
16945,kashuu_kiyomitsu,4,0
16946,tarnished_(elden_ring),4,0
16947,ingo_(pokemon),4,0
16948,mio_(xenoblade),4,0
16949,kawakaze_(kancolle),4,0
16950,vincent_valentine,4,0
16951,popplio,4,0
16952,isonami_(kancolle),4,0
16953,amane_kanata_(1st_costume),4,0
16954,yuri_lowell,4,0
16955,female_endministrator_(arknights),4,0
16956,ayane_(blue_archive),4,0
16957,neuro-sama,4,0
16958,nekomusume,4,0
16959,mew_(pokemon),4,0
16960,rias_gremory,4,0
16961,gold_city_(umamusume),4,0
16962,kishinami_hakuno_(female),4,0
16963,etorofu_(kancolle),4,0
16964,musashi_kai_ni_(kancolle),4,0
16965,cure_sky,4,0
16966,la_pluma_(arknights),4,0
16967,soukaku_(zenless_zone_zero),4,0
16968,ebizuka_tomo,4,0
16969,meta_knight,4,0
16970,latias,4,0
16971,osakabehime_(fate),4,0
16972,kamio_misuzu,4,0
16973,katori_(kancolle),4,0
16974,phoenix_wright,4,0
16975,moria_luluka,4,0
16976,konno_junko,4,0
16977,mikazuki_munechika,4,0
16978,yvonne_(arknights),4,0
16979,ako_(dress)_(blue_archive),4,0
16980,mitake_ran,4,0
16981,yuri_(doki_doki_literature_club),4,0
16982,i-class_destroyer,4,0
16983,marie_(girls_und_panzer),4,0
16984,mejiro_mcqueen_(frontline_elegance)_(umamusume),4,0
16985,something_(omori),4,0
16986,tokisaki_kurumi_(spirit),4,0
16987,akechi_goro,4,0
16988,victor_(pokemon),4,0
16989,ditto,4,0
16990,murasaki_shion_(1st_costume),4,0
16991,mudkip,4,0
16992,otomachi_una,4,0
16993,signum,4,0
16994,caitlyn_(league_of_legends),4,0
16995,kanoe_(blue_archive),4,0
16996,shigure_(blue_archive),4,0
16997,ninomiya_asuka,4,0
16998,dokibird,4,0
16999,sendai_hakurei_no_miko,4,0
17000,helena_blavatsky_(fate),4,0
17001,alice_margatroid_(pc-98),4,0
17002,pod_(nier:automata),4,0
17003,hayashimo_(kancolle),4,0
17004,jinhsi_(wuthering_waves),4,0
17005,kadotani_anzu,4,0
17006,callie_(squid_sisters_outfit)_(splatoon),4,0
17007,jolteon,4,0
17008,furen_e_lustario,4,0
17009,tenma_saki,4,0
17010,yamamura_sadako,4,0
17011,mogami_shizuka,4,0
17012,collei_(genshin_impact),4,0
17013,godzilla,4,0
17014,garnet_til_alexandros_xvii,4,0
17015,gwen_(league_of_legends),4,0
17016,bremerton_(scorching-hot_training)_(azur_lane),4,0
17017,captain_(kemono_friends),4,0
17018,kaneki_ken,4,0
17019,magnemite,4,0
17020,litwick,4,0
17021,anila_(granblue_fantasy),4,0
17022,katou_asuka,4,0
17023,sylphiette_(mushoku_tensei),4,0
17024,hatsune_miku_(append),4,0
17025,damian_desmond,4,0
17026,kohaku_(tsukihime),4,0
17027,bernadetta_von_varley,4,0
17028,ange_katrina_(1st_costume),4,0
17029,blaze_(arknights),4,0
17030,kiss-shot_acerola-orion_heart-under-blade,4,0
17031,kinich_(genshin_impact),4,0
17032,mizunashi_akari,4,0
17033,ceres_fauna_(1st_costume),4,0
17034,marie_(squid_sisters_outfit)_(splatoon),4,0
17035,serina_(blue_archive),4,0
17036,may_(guilty_gear),4,0
17037,boo_(mario),4,0
17038,spider-gwen,4,0
17039,higashi_setsuna,4,0
17040,cantarella_(wuthering_waves),4,0
17041,kel_(headspace)_(omori),4,0
17042,natori_sana_(nurse),4,0
17043,gon_freecss,4,0
17044,el_condor_pasa_(umamusume),4,0
17045,gwynn_(pokemon),4,0
17046,aston_machan_(umamusume),4,0
17047,matou_kariya,4,0
17048,tenochtitlan_(fate),4,0
17049,xiangling_(genshin_impact),4,0
17050,watatsuki_no_toyohime,4,0
17051,diana_cavendish,4,0
17052,frederica_bernkastel,4,0
17053,a2_(nier:automata),4,0
17054,feixiao_(honkai:_star_rail),4,0
17055,tamura_yuri,4,0
17056,arataki_itto,4,0
17057,nikaido_hiro,4,0
17058,dido_(azur_lane),4,0
17059,totoki_airi,4,0
17060,tsukikage_yuri,4,0
17061,hataya_misuzu,4,0
17062,johnston_(kancolle),4,0
17063,yoroizuka_mizore,4,0
17064,vergil_(devil_may_cry),4,0
17065,bede_(pokemon),4,0
17066,kama_(young)_(fate),4,0
17067,colorado_(kancolle),4,0
17068,hirasawa_ui,4,0
17069,yunyun_(konosuba),4,0
17070,utage_(arknights),4,0
17071,edelgard_von_hresvelg_(timeskip),4,0
17072,rengoku_kyoujurou,4,0
17073,kirara_(blue_archive),4,0
17074,silence_suzuka_(innocent_silence)_(umamusume),4,0
17075,pomu_rainpuff,4,0
17076,grookey,4,0
17077,theresa_(arknights),4,0
17078,oyashio_(kancolle),4,0
17079,hagikaze_(kancolle),4,0
17080,zeta_(granblue_fantasy),4,0
17081,perona,4,0
17082,yamato-no-kami_yasusada,4,0
17083,bronya_zaychik_(silverwing:_n-ex),4,0
17084,dorothea_arnault,4,0
17085,enna_alouette,4,0
17086,nate_(pokemon),4,0
17087,arle_nadja,4,0
17088,kashino_(azur_lane),4,0
17089,totodile,4,0
17090,kasumi_(blue_archive),4,0
17091,doloris_(bang_dream!),4,0
17092,furutani_himawari,4,0
17093,maka_albarn,4,0
17094,red_pikmin,4,0
17095,enemy_aircraft_(kancolle),4,0
17096,reed_(arknights),4,0
17097,umikaze_(kancolle),4,0
17098,arisugawa_natsuha,4,0
17099,aki_rosenthal,4,0
17100,elysia_(hi_love_elf)_(honkai_impact),4,0
17101,eunie_(xenoblade),4,0
17102,texas_the_omertosa_(arknights),4,0
17103,lucoa_(maidragon),4,0
17104,fujisaki_chihiro,4,0
17105,kuramoto_china,4,0
17106,haru_urara_(bestest_prize)_(umamusume),4,0
17107,ogata_hyakunosuke,4,0
17108,boudica_(fate),4,0
17109,agent_8_(splatoon),4,0
17110,micaiah_(fire_emblem),4,0
17111,assam_(girls_und_panzer),4,0
17112,luo_xiaohei,4,0
17113,ichijou_ririka,4,0
17114,olimar,4,0
17115,kazagumo_(kancolle),4,0
17116,fuuka_(blue_archive),4,0
17117,tenjouin_asuka,4,0
17118,albedo_(overlord),4,0
17119,hero_(headspace)_(omori),4,0
17120,sajo_yukimi,4,0
17121,ymir_(shingeki_no_kyojin),4,0
17122,akali,4,0
17123,isabelle_(animal_crossing),4,0
17124,oribe_yasuna,4,0
17125,nakamura_yuri,4,0
17126,kirara_(genshin_impact),4,0
17127,medusa_(fate/stay_night),4,0
17128,miyo_(blue_archive),4,0
17129,furukawa_nagisa,4,0
17130,luma_(mario),4,0
17131,new_jersey_(azur_lane),4,0
17132,raiden_mei_(herrscher_of_thunder),4,0
17133,tachibana_hinano,4,0
17134,caesar_king_(zenless_zone_zero),4,0
17135,elaina_(majo_no_tabitabi),4,0
17136,cagliostro_(granblue_fantasy),4,0
17137,baiken,4,0
17138,sakura_miko_(casual),4,0
17139,gamagoori_ira,4,0
17140,tokiko_(touhou),4,0
17141,sailor_jupiter,4,0
17142,shouhou_(kancolle),4,0
17143,batman,4,0
17144,oikawa_shizuku,4,0
17145,psylocke,4,0
17146,young_link,4,0
17147,leonardo_da_vinci_(rider)_(fate),4,0
17148,rx-78-2_gundam,4,0
17149,ark_royal_(kancolle),4,0
17150,kiritani_haruka,4,0
17151,lucas_(pokemon),4,0
17152,yoshizawa_kasumi,4,0
17153,okumura_haru,4,0
17154,atalanta_(fate),4,0
17155,otonose_kanade,4,0
17156,yanami_anna,4,0
17157,tatsumi_kanji,4,0
17158,amamiya_kokoro,4,0
17159,aria_(human)_(zenless_zone_zero),4,0
17160,assassin_cross_(ragnarok_online),4,0
17161,my_melody,4,0
17162,ceobe_(arknights),4,0
17163,steven_stone,4,0
17164,nyaan_(gundam_gquuuuuux),4,0
17165,male_corrin_(fire_emblem),4,0
17166,kiso_kai_ni_(kancolle),4,0
17167,zero(z)_(mega_man),4,0
17168,abe_nana,4,0
17169,female_byleth_(awakened)_(fire_emblem),4,0
17170,maria_cadenzavna_eve,4,0
17171,trunks_(dragon_ball),4,0
17172,murasaki_shikibu_(fate),4,0
17173,artoria_pendragon_(swimsuit_ruler)_(first_ascension)_(fate),4,0
17174,red_hood_(nikke),4,0
17175,kazusa_(band)_(blue_archive),4,0
17176,hanasato_minori,4,0
17177,clumsy_nun_(diva),4,0
17178,asagumo_(kancolle),4,0
17179,kemomimi-chan_(naga_u),4,0
17180,ilulu_(maidragon),4,0
17181,izumi_mei,4,0
17182,hinata_(blue_archive),4,0
17183,sugimoto_saichi,4,0
17184,toto-sama_(fate),4,0
17185,little_boy_admiral_(kancolle),4,0
17186,edmond_dantes_(fate),4,0
17187,murasame_kai_ni_(kancolle),4,0
17188,pramanix_(arknights),4,0
17189,fuecoco,4,0
17190,ro635_(girls'_frontline),4,0
17191,satsuki_(blue_archive),4,0
17192,female_sensei_(blue_archive),4,0
17193,myoudouin_itsuki,4,0
17194,richelieu_(kancolle),4,0
17195,37_(reverse:1999),4,0
17196,kuma_(persona_4),4,0
17197,silence_(arknights),4,0
17198,vulpisfoglia_(arknights),4,0
17199,hoshino_ichika_(project_sekai),4,0
17200,sayori_(doki_doki_literature_club),4,0
17201,sigewinne_(genshin_impact),4,0
17202,tsurumaru_kuninaga,4,0
17203,tendo_maya,4,0
17204,saijo_claudine,4,0
17205,jade_leech,4,0
17206,guido_mista,4,0
17207,dan_heng_(imbibitor_lunae)_(honkai:_star_rail),4,0
17208,kuromi,4,0
17209,kuki_shinobu,4,0
17210,cure_marine,4,0
17211,jingliu_(honkai:_star_rail),4,0
17212,kamoi_(kancolle),4,0
17213,kiran_(fire_emblem),4,0
17214,copano_rickey_(umamusume),4,0
17215,tomoe_hotaru,4,0
17216,gogeta,4,0
17217,riesz,4,0
17218,crewmate_(among_us),4,0
17219,daring_tact_(umamusume),4,0
17220,amanogawa_kirara,4,0
17221,fujibayashi_kyou,4,0
17222,joseph_joestar_(old),4,0
17223,kanou_aogu,4,0
17224,vikala_(granblue_fantasy),4,0
17225,tsukuyomi_shirabe,4,0
17226,toon_link,4,0
17227,izuna_(swimsuit)_(blue_archive),4,0
17228,alisa_mikhailovna_kujou,4,0
17229,high_wizard_(ragnarok_online),4,0
17230,nekoyashiki_yuki,4,0
17231,arashi_(kancolle),4,0
17232,lighter_(zenless_zone_zero),4,0
17233,nia_(blade)_(xenoblade),4,0
17234,raichu,4,0
17235,merlin_(fate/prototype),4,0
17236,yukoku_kiriko,4,0
17237,momozono_love,4,0
17238,niko_(blue_archive),4,0
17239,sieg_(fate),4,0
17240,gorou_(genshin_impact),4,0
17241,gwen_stacy,4,0
17242,kanae_(nijisanji),4,0
17243,y'shtola_rhul,4,0
17244,okita_souji_alter_(fate),4,0
17245,jing_yuan,4,0
17246,lacey_(pokemon),4,0
17247,blanc_(neptunia),4,0
17248,protagonist_(love_and_deepspace),4,0
17249,lux_(league_of_legends),4,0
17250,kiana_kaslana_(herrscher_of_finality),4,0
17251,nepgear,4,0
17252,altera_(fate),4,0
17253,crystalfly_(genshin_impact),4,0
17254,nagato_(azur_lane),4,0
17255,luka_(alien_stage),4,0
17256,ingrid_brandl_galatea,4,0
17257,marth_(fire_emblem),4,0
17258,charlotte_dunois,4,0
17259,sister_claire,4,0
17260,failure_penguin,4,0
17261,dhole_(kemono_friends),4,0
17262,cheren_(pokemon),4,0
17263,seliph_(fire_emblem),4,0
17264,white_mage_(final_fantasy),4,0
17265,herta_(puppet)_(honkai:_star_rail),4,0
17266,emma_(pokemon),4,0
17267,inuyama_aoi,4,0
17268,medea_(caster)_(fate),4,0
17269,momoe_nagisa,4,0
17270,alisa_ilinichina_amiella,4,0
17271,caren_hortensia,4,0
17272,sona_(league_of_legends),4,0
17273,ralts,4,0
17274,ryuzaki_kaoru,4,0
17275,grace_howard,4,0
17276,mejiro_ramonu_(umamusume),4,0
17277,arashi_chisato,4,0
17278,altaria,4,0
17279,alolan_vulpix,4,0
17280,miyu_(swimsuit)_(blue_archive),4,0
17281,kaine_(nier),4,0
17282,scathach_(lancer)_(fate),4,0
17283,rpk-16_(girls'_frontline),4,0
17284,faruzan_(genshin_impact),4,0
17285,ness_(mother_2),4,0
17286,artoria_caster_(second_ascension)_(fate),4,0
17287,female_trainer_(umamusume),4,0
17288,suzuya_kai_ni_(kancolle),4,0
17289,yusa_kozue,4,0
17290,litten,4,0
17291,kinomoto_sakura_(magician),4,0
17292,uzaki_hana,4,0
17293,yamato_takeru_(fate),4,0
17294,jack-o'_valentine,4,0
17295,hishi_amazon_(umamusume),4,0
17296,guts_(berserk),4,0
17297,homu_(honkai_impact),4,0
17298,cagalli_yula_athha,4,0
17299,fennekin,4,0
17300,kazanari_tsubasa,4,0
17301,juufuutei_raden,4,0
17302,magical_ruby,4,0
17303,cure_black,4,0
17304,platinum_(arknights),4,0
17305,rosaria_(genshin_impact),4,0
17306,haramura_nodoka,4,0
17307,ikuno_dictus_(umamusume),4,0
17308,lucy_heartfilia,4,0
17309,kyoka_(princess_connect!),4,0
17310,snorlax,4,0
17311,eurasian_eagle_owl_(kemono_friends),4,0
17312,alpaca_suri_(kemono_friends),4,0
17313,jintsuu_kai_ni_(kancolle),4,0
17314,makabe_mizuki,4,0
17315,suomi_(girls'_frontline),4,0
17316,akizuki_ryo,4,0
17317,sephiroth_(ever_crisis),4,0
17318,ooshio_(kancolle),4,0
17319,saber_alter_(swimsuit_rider)_(second_ascension),4,0
17320,maikaze_(kancolle),4,0
17321,hoshino_fumina,4,0
17322,aegir_(azur_lane),4,0
17323,k1-b0,4,0
17324,pekomon_(usada_pekora),4,0
17325,ganondorf,4,0
17326,elin,4,0
17327,kiriya_aoi,4,0
17328,dan_heng_(hunt)_(honkai:_star_rail),4,0
17329,nakiri_ayame_(1st_costume),4,0
17330,falin_touden_(chimera),4,0
17331,rimuru_tempest,4,0
17332,lynae_(wuthering_waves),4,0
17333,yuuki_(sao),4,0
17334,psyduck,4,0
17335,erika_(pokemon),4,0
17336,iwakura_lain,4,0
17337,nanao_yuriko,4,0
17338,emperor_penguin_(kemono_friends),4,0
17339,lucia_(pgr),4,0
17340,murata_himeko,4,0
17341,hare_(blue_archive),4,0
17342,adashino_adami,4,0
17343,ookami_mio_(1st_costume),4,0
17344,wei_wuxian_(yiling_laozu),4,0
17345,pachirisu,4,0
17346,skirk_(genshin_impact),4,0
17347,medb_(fate),4,0
17348,diona_(genshin_impact),4,0
17349,sucrose_(genshin_impact),4,0
17350,iori_(swimsuit)_(blue_archive),4,0
17351,gilgamesh_(caster)_(fate),4,0
17352,hatake_kakashi,4,0
17353,minamoto_no_raikou_(swimsuit_lancer)_(fate),4,0
17354,sakurajima_mai,4,0
17355,mikuma_(kancolle),4,0
17356,swire_(arknights),4,0
17357,enemy_lifebuoy_(kancolle),4,0
17358,finana_ryugu,4,0
17359,alina_gray,4,0
17360,maebara_keiichi,4,0
17361,chrom_(fire_emblem),4,0
17362,rydia_(ff4),4,0
17363,tosen_jordan_(umamusume),4,0
17364,kaguya_luna,4,0
17365,kawashima_momo,4,0
17366,cinderace,4,0
17367,hatsukaze_(kancolle),4,0
17368,seele_(alter_ego),4,0
17369,houjou_tokiyuki_(nige_jouzu_no_wakagimi),4,0
17370,roboco-san,4,0
17371,ibuki_tsubasa,4,0
17372,minna-dietlinde_wilcke,4,0
17373,corbeau_(pokemon),4,0
17374,kenmochi_touya,4,0
17375,arthur_pendragon_(fate),4,0
17376,goh_(pokemon),4,0
17377,gilles_de_rais_(fate),4,0
17378,zara_(kancolle),4,0
17379,reines_el-melloi_archisorte,4,0
17380,cheshire_(azur_lane),4,0
17381,arcane_jinx,4,0
17382,priestess_(arknights),4,0
17383,takane_lui_(1st_costume),4,0
17384,purah,4,0
17385,rossi_(arknights),4,0
17386,eirika_(fire_emblem),4,0
17387,nursery_rhyme_(fate),4,0
17388,france_(hetalia),4,0
17389,thoma_(genshin_impact),4,0
17390,asuka_(senran_kagura),4,0
17391,alcremie,4,0
17392,nearl_(arknights),4,0
17393,namazuo_toushirou,4,0
17394,kamina_(ttgl),4,0
17395,ichinose_uruha,4,0
17396,yuno_(hidamari_sketch),4,0
17397,mordred_(memories_at_trifas)_(fate),4,0
17398,jingei_(kancolle),4,0
17399,varesa_(genshin_impact),4,0
17400,silica,4,0
17401,furret,4,0
17402,kozakura_marry,4,0
17403,mizuki_(arknights),4,0
17404,kitasan_black_(gilded_shrine_to_glory)_(umamusume),4,0
17405,tanaka_kotoha,4,0
17406,amaori_renako,4,0
17407,jill_stingray,4,0
17408,ellen_joe_(on_campus),4,0
17409,fudo_yusei,4,0
17410,minamoto_sakura,4,0
17411,yorumi_rena,4,0
17412,akira_(blue_archive),4,0
17413,fiammetta_(arknights),4,0
17414,ziche_fuzhao,4,0
17415,kaela_kovalskia,4,0
17416,maya_kai_ni_(kancolle),4,0
17417,yonaga_angie,4,0
17418,eden_(honkai_impact),4,0
17419,takeda_harumi,4,0
17420,juo_sena,4,0
17421,senji_muramasa_(fate),4,0
17422,flygon,4,0
17423,momoi_airi,4,0
17424,tsushima_(kancolle),4,0
17425,galo_thymos,4,0
17426,justice_(helltaker),4,0
17427,morgana_(persona_5),4,0
17428,naganami_kai_ni_(kancolle),4,0
17429,amagi_(azur_lane),4,0
17430,kneesocks_(psg),4,0
17431,carpaccio_(girls_und_panzer),4,0
17432,asahina_mirai,4,0
17433,hayasaka_ai,4,0
17434,oka_asahi,4,0
17435,ghost_(modern_warfare_2),4,0
17436,tiki_(adult)_(fire_emblem),4,0
17437,nekoyashiki_mayu,4,0
17438,mika_(swimsuit)_(blue_archive),4,0
17439,aura_(sousou_no_frieren),4,0
17440,mia_taylor,4,0
17441,emmet_(pokemon),4,0
17442,zhong_lanzhu,4,0
17443,shikanoin_heizou,4,0
17444,acerola_(pokemon),4,0
17445,elise_(fire_emblem),4,0
17446,hatsushimo_(kancolle),4,0
17447,gekota,4,0
17448,jaguar_(kemono_friends),4,0
17449,alphonse_elric,4,0
17450,fumizuki_(kancolle),4,0
17451,ifrit_(arknights),4,0
17452,hornet_(kancolle),4,0
17453,nemoto_hina,4,0
17454,chito_(shoujo_shuumatsu_ryokou),4,0
17455,kamikita_komari,4,0
17456,cu_chulainn_alter_(fate),4,0
17457,hau_(pokemon),4,0
17458,kasaki_nozomi,4,0
17459,roland_(project_moon),4,0
17460,nanami_yachiyo,4,0
17461,midare_toushirou,4,0
17462,hisui_(tsukihime),4,0
17463,ken_masters,4,0
17464,zara_(azur_lane),4,0
17465,green_(pokemon),4,0
17466,himejima_akeno,4,0
17467,tanino_gimlet_(umamusume),4,0
17468,layla_(genshin_impact),4,0
17469,yuuri_(shoujo_shuumatsu_ryokou),4,0
17470,imai_lisa,4,0
17471,kino_(kino_no_tabi),4,0
17472,shidare_hotaru,4,0
17473,china_(hetalia),4,0
17474,roxas,4,0
17475,lapras,4,0
17476,medjed_(fate),4,0
17477,xianyun_(genshin_impact),4,0
17478,35p_(sakura_miko),4,0
17479,chief_(path_to_nowhere),4,0
17480,tanya_degurechaff,4,0
17481,win_variation_(umamusume),4,0
17482,mizuno_ai,4,0
17483,tailless_(zenless_zone_zero),4,0
17484,froggy_nun_(diva),4,0
17485,komano_manato,4,0
17486,uta_(one_piece),4,0
17487,astolfo_(sailor_paladin)_(fate),4,0
17488,fami_(chainsaw_man),4,0
17489,izayoi_aki,4,0
17490,chabashira_tenko,4,0
17491,honebami_toushirou,4,0
17492,akane_lize,4,0
17493,mari_(idol)_(blue_archive),4,0
17494,goutokuji_mike,4,0
17495,sawa_azusa,4,0
17496,g'raha_tia,4,0
17497,hasumi_(swimsuit)_(blue_archive),4,0
17498,oreki_houtarou,4,0
17499,hoshimachi_suisei_(sailor),4,0
17500,sento_isuzu,4,0
17501,fushiguro_toji,4,0
17502,saniwa_(touken_ranbu),4,0
17503,cheng_xiaoshi,4,0
17504,frankenstein's_monster_(fate),4,0
17505,sugiura_ayano,4,0
17506,aoba_moca,4,0
17507,chiori_(genshin_impact),4,0
17508,intrepid_(kancolle),4,0
17509,sebastian_piyodore,4,0
17510,captain_(honkai_impact),4,0
17511,fu_xuan_(honkai:_star_rail),4,0
17512,yuuki_mikan,4,0
17513,nowaki_(kancolle),4,0
17514,tingyun_(honkai:_star_rail),4,0
17515,nekomata_okayu_(oversized_shirt),4,0
17516,aizawa_ema,4,0
17517,mori_calliope_(streetwear),4,0
17518,i-26_(kancolle),4,0
17519,hourai_doll,4,0
17520,utane_uta,4,0
17521,durandal_(honkai_impact),4,0
17522,tsukumo_yatsuhashi,4,0
17523,yui_(angel_beats!),4,0
17524,beatrice_(re:zero),4,0
17525,edogawa_conan,4,0
17526,hozuki_kaede,4,0
17527,island_fox_(kemono_friends),4,0
17528,ib_(ib),4,0
17529,kako_(kancolle),4,0
17530,zen'in_maki,4,0
17531,octoling_boy,4,0
17532,drifloon,4,0
17533,hado_nejire,4,0
17534,eve_(elsword),4,0
17535,boothill_(honkai:_star_rail),4,0
17536,hayasui_(kancolle),4,0
17537,hiiragi_utena,4,0
17538,li_huowang,4,0
17539,izutsumi,4,0
17540,evil_neuro-sama,4,0
17541,king_dedede,4,0
17542,symboli_kris_s_(umamusume),4,0
17543,yumehara_nozomi,4,0
17544,t.m._opera_o_(o_sole_suo!)_(umamusume),4,0
17545,chitose_(kancolle),4,0
17546,tsurumaki_kokoro,4,0
17547,hsien-ko,4,0
17548,yuna_(ff10),4,0
17549,isshiki_iroha,4,0
17550,kama_(teenager)_(fate),4,0
17551,fleurdelys_(wuthering_waves),4,0
17552,sandalphon_(granblue_fantasy),4,0
17553,cure_blossom,4,0
17554,inukai_komugi,4,0
17555,nishino_flower_(umamusume),4,0
17556,hunter_(bloodborne),4,0
17557,hyuna_(alien_stage),4,0
17558,neo_universe_(umamusume),4,0
17559,gastly,4,0
17560,twin_turbo_(blast_mode!_turbo_engine)_(umamusume),4,0
17561,specter_the_unchained_(arknights),4,0
17562,lord_knight_(ragnarok_online),4,0
17563,joker_(persona_5),4,0
17564,bianca_(dq5),4,0
17565,ikaruga_(senran_kagura),4,0
17566,rapi_(red_hood)_(nikke),4,0
17567,hinomori_shizuku,4,0
17568,mochizuki_(kancolle),4,0
17569,takanami_(kancolle),4,0
17570,todoroki_hajime,4,0
17571,murosaki_miyo,4,0
17572,sparxie_(honkai:_star_rail),4,0
17573,indou_hikaru,4,0
17574,shanks_(one_piece),4,0
17575,mita_(miside),4,0
17576,yellow_pikmin,4,0
17577,isolde_(reverse:1999),4,0
17578,yamagishi_fuuka,4,0
17579,diego_brando,4,0
17580,shirogane_noel_(1st_costume),4,0
17581,cerydra_(honkai:_star_rail),4,0
17582,rio_(armed)_(blue_archive),4,0
17583,firefly_(spring_missive)_(honkai:_star_rail),4,0
17584,cure_arcana_shadow,4,0
17585,mawile,4,0
17586,larcei_(fire_emblem),4,0
17587,stay_gold_(umamusume),4,0
17588,gilles_de_rais_(caster)_(fate),4,0
17589,violet_evergarden,4,0
17590,ten'ou_haruka,4,0
17591,cure_sunshine,4,0
17592,sucy_manbavaran,4,0
17593,chikuma_(kancolle),4,0
17594,okazaki_yumemi,4,0
17595,ragna_the_bloodedge,4,0
17596,arimura_mao,4,0
17597,volo_(pokemon),4,0
17598,miles_edgeworth,4,0
17599,huang_pao-lin,4,0
17600,minato_yukina,4,0
17601,uchiha_sarada,4,0
17602,venusaur,4,0
17603,miyamoto_musashi_(swimsuit_berserker)_(second_ascension)_(fate),4,0
17604,ookami_mio_(hoodie),4,0
17605,hakozaki_serika,4,0
17606,adachi_tooru,4,0
17607,jessica_(arknights),4,0
17608,sabo_(one_piece),4,0
17609,izumi_yuki,4,0
17610,female_chief_(path_to_nowhere),4,0
17611,miyamizu_mitsuha,4,0
17612,protagonist_3_(housamo),4,0
17613,hagakure_toru,4,0
17614,uesugi_fuutarou,4,0
17615,allister_(pokemon),4,0
17616,yamashiro_(azur_lane),4,0
17617,zhao_(zenless_zone_zero),4,0
17618,gawr_gura_(casual),4,0
17619,cosmog,4,0
17620,kirino_(blue_archive),4,0
17621,sendai_hakurei_no_miko_(m.u.g.e.n),4,0
17622,oozora_subaru_(1st_costume),4,0
17623,cure_beauty,4,0
17624,winry_rockbell,4,0
17625,agatsuma_zenitsu,4,0
17626,sakura_(fire_emblem),4,0
17627,tohsaka_tokiomi,4,0
17628,shiina_mayuri,4,0
17629,aisha_landar,4,0
17630,mewtwo,4,0
17631,greninja,4,0
17632,kobo_kanaeru,4,0
17633,saijo_juri,4,0
17634,seth_lowell,4,0
17635,fujimaru_ritsuka_(male)_(polar_chaldea_uniform),4,0
17636,ivan_karelin,4,0
17637,knuckles_the_echidna,4,0
17638,yamper,4,0
17639,maruyama_aya,4,0
17640,lemuen_(arknights),4,0
17641,harley_quinn,4,0
17642,mochizuki_anna,4,0
17643,suzuhara_lulu_(1st_costume),4,0
17644,ta-class_battleship,4,0
17645,julia_(fire_emblem),4,0
17646,chihiro_(blue_archive),4,0
17647,florence_nightingale_(trick_or_treatment)_(fate),4,0
17648,kasuga_mirai,4,0
17649,gilberta_(arknights),4,0
17650,himemushi_momoyo,4,0
17651,yui_(princess_connect!),4,0
17652,oda_nobukatsu_(fate),4,0
17653,silverash_(arknights),4,0
17654,akitsu_maru_kai_(kancolle),4,0
17655,shiun_sumika,4,0
17656,nimi_nightmare,4,0
17657,yuuki_(princess_connect!),4,0
17658,aoba_(blue_archive),4,0
17659,lance_(pokemon),4,0
17660,zentreya,4,0
17661,satono_diamond_(natural_brilliance)_(umamusume),4,0
17662,raora_panthera_(1st_costume),4,0
17663,nui_sociere,4,0
17664,ononoki_yotsugi,4,0
17665,muto_yugi,4,0
17666,ayunda_risu,4,0
17667,hoshimachi_suisei_(casual),4,0
17668,cure_white,4,0
17669,tron_bonne_(mega_man),4,0
17670,kaiou_michiru,4,0
17671,sorceress_(dragon's_crown),4,0
17672,takumi_(fire_emblem),4,0
17673,meltryllis_(swimsuit_lancer)_(first_ascension)_(fate),4,0
17674,donquixote_doflamingo,4,0
17675,tada_riina,4,0
17676,hung_(arknights),4,0
17677,xuangzang_sanzang_(fate),4,0
17678,jacinthe_(pokemon),4,0
17679,yokoyama_nao,4,0
17680,brown_long-eared_bat_(kemono_friends),4,0
17681,littorio_(kancolle),4,0
17682,clive_rosfield,4,0
17683,florence_nightingale_(berserker)_(fate),4,0
17684,trigger_(zenless_zone_zero),4,0
17685,ivysaur,4,0
17686,agent_3_(splatoon),4,0
17687,kitakami_kai_ni_(kancolle),4,0
17688,quaxly,4,0
17689,serika_(swimsuit)_(blue_archive),4,0
17690,milotic,4,0
17691,honma_meiko,4,0
17692,annie_leonhart,4,0
17693,koseki_bijou_(1st_costume),4,0
17694,momo_velia_deviluke,4,0
17695,g36_(girls'_frontline),4,0
17696,reigen_arataka,4,0
17697,sancho_(project_moon),4,0
17698,frostnova_(arknights),4,0
17699,shizuka_rin,4,0
17700,fujimaru_ritsuka_(female)_(polar_chaldea_uniform),4,0
17701,araragi_karen,4,0
17702,millia_rage,4,0
17703,mordred_(third_ascension)_(fate),4,0
17704,cu_chulainn_(caster)_(fate),4,0
17705,athrun_zala,4,0
17706,saki_(swimsuit)_(blue_archive),4,0
17707,katou_megumi,4,0
17708,alexandrina_sebastiane,4,0
17709,miyamoto_iori_(fate),4,0
17710,charlie_morningstar,4,0
17711,shuro_(blue_archive),4,0
17712,piper_wheel,4,0
17713,ru-class_battleship,4,0
17714,chen_qianyu_(arknights),4,0
17715,lyria_(granblue_fantasy),4,0
17716,bronya_rand,4,0
17717,ui_(swimsuit)_(blue_archive),4,0
17718,crocodile_(one_piece),4,0
17719,roll_caskett_(mega_man),4,0
17720,optimus_prime,4,0
17721,misaka_imouto,4,0
17722,takakura_ken_(transformed)_(dandadan),4,0
17723,kururugi_suzaku,4,0
17724,neuro-sama_(1st_costume),4,0
17725,okusawa_misaki,4,0
17726,bb_(swimsuit_mooncancer)_(second_ascension)_(fate),4,0
17727,yamagumo_(kancolle),4,0
17728,adeptus_astartes,4,0
17729,daiba_nana,4,0
17730,tsunomaki_watame_(1st_costume),4,0
17731,ogata_chieri,4,0
17732,toyokawa_fuka,4,0
17733,mudrock_(elite_ii)_(arknights),4,0
17734,kasuga_ayumu,4,0
17735,kisaragi_shintarou,4,0
17736,jacket_girl_(dipp),4,0
17737,angewomon,4,0
17738,doujima_nanako,4,0
17739,furudo_erika,4,0
17740,brook_(one_piece),4,0
17741,miia_(monster_musume),4,0
17742,blue_pikmin,4,0
17743,sol_badguy,4,0
17744,alice_zuberg,4,0
17745,timoris_(bang_dream!),4,0
17746,yozora_mel,4,0
17747,wakana_shiki,4,0
17748,nanakusa_nichika,4,0
17749,tenko_shibuki,4,0
17750,suzuran_(spring_praise)_(arknights),4,0
17751,rhea_(fire_emblem),4,0
17752,kujou_karen,4,0
17753,zaku_ii,4,0
17754,latios,4,0
17755,ivy_(fire_emblem),4,0
17756,kanbaru_suruga,4,0
17757,friend_(nanashi_mumei),4,0
17758,nadia_la_arwall,4,0
17759,clefairy,4,0
17760,sonia_nevermind,4,0
17761,guzma_(pokemon),4,0
17762,saionji_hiyoko,4,0
17763,kira_yoshikage,4,0
17764,maya_fey,4,0
17765,lord_el-melloi_ii,4,0
17766,kohinata_miho,4,0
17767,soap_(modern_warfare_2),4,0
17768,mornye_(wuthering_waves),4,0
17769,piccolo,4,0
17770,hypno,4,0
17771,vestia_zeta,4,0
17772,tomimi_(arknights),4,0
17773,euryale_(fate),4,0
17774,vane_(granblue_fantasy),4,0
17775,kiki_(majo_no_takkyuubin),4,0
17776,chattino_(raora_panthera),4,0
17777,alice_(nikke),4,0
17778,lina_inverse,4,0
17779,celica_(fire_emblem),4,0
17780,sylvain_jose_gautier,4,0
17781,humboldt_penguin_(kemono_friends),4,0
17782,narancia_ghirga,4,0
17783,roy_(fire_emblem),4,0
17784,sado_(kancolle),4,0
17785,nakiri_erina,4,0
17786,izumi-no-kami_kanesada,4,0
17787,nina_(fire_emblem),4,0
17788,evelynn_(league_of_legends),4,0
17789,sanada_akihiko,4,0
17790,satake_minako,4,0
17791,mitsumine_yuika,4,0
17792,samuel_b._roberts_(kancolle),4,0
17793,shirogane_tsumugi,4,0
17794,king_hassan_(fate),4,0
17795,yuu_(twisted_wonderland),4,0
17796,len_(tsukihime),4,0
17797,yume_(blue_archive),4,0
17798,flower_(vocaloid),4,0
17799,penance_(arknights),4,0
17800,yamanaka_ino,4,0
17801,revy_(black_lagoon),4,0
17802,cure_melody,4,0
17803,iroha_(samurai_spirits),4,0
17804,kos-mos,4,0
17805,klein_moretti,4,0
17806,netzach_(project_moon),4,0
17807,jeanne_d'arc_alter_(avenger)_(third_ascension)_(fate),4,0
17808,nekomiya_mana,4,0
17809,seele_(honkai:_star_rail),4,0
17810,vulpix,4,0
17811,ushizaki_urumi,4,0
17812,aki_(girls_und_panzer),4,0
17813,nemo_(fate),4,0
17814,cure_happy,4,0
17815,freminet_(genshin_impact),4,0
17816,shiratsuyu_kai_ni_(kancolle),4,0
17817,suzukaze_aoba,4,0
17818,aponia,4,0
17819,omaru_polka_(1st_costume),4,0
17820,fujimaru_ritsuka_(female)_(decisive_battle_chaldea_uniform),4,0
17821,arcane_vi,4,0
17822,touhoku_zunko,4,0
17823,sue_storm,4,0
17824,roto_(dq3),4,0
17825,symboli_rudolf_(emperor's_path)_(umamusume),4,0
17826,helltaker_(character),4,0
17827,wu_zetian_(fate),4,0
17828,amillion_(zenless_zone_zero),4,0
17829,pharah_(overwatch),4,0
17830,ijichi_seika,4,0
17831,tezcatlipoca_(fate),4,0
17832,amane_kanata_(work),4,0
17833,lion_(kemono_friends),4,0
17834,tokoro_megumi,4,0
17835,special_week_(special_dreamer)_(umamusume),4,0
17836,erza_scarlet,4,0
17837,quanxi_(chainsaw_man),4,0
17838,uzuki_kou,4,0
17839,koleda_belobog,4,0
17840,petra_gurin,4,0
17841,hoshino_(first_year)_(blue_archive),4,0
17842,estellise_sidos_heurassein,4,0
17843,scathach_(swimsuit_assassin)_(fate),4,0
17844,ciel_phantomhive,4,0
17845,white_rabbit_(alice_in_wonderland),4,0
17846,shaymin,4,0
17847,kula_diamond,4,0
17848,hina_(pajamas)_(blue_archive),4,0
17849,yagami_light,4,0
17850,nekomusume_(gegege_no_kitarou_6),4,0
17851,romani_archaman,4,0
17852,saga_(arknights),4,0
17853,venat_(ff14),4,0
17854,roma_(kancolle),4,0
17855,zorua,4,0
17856,randal_ivory,4,0
17857,aragaki_shinjirou,4,0
17858,goomy,4,0
17859,dejiko,4,0
17860,abigail_williams_(traveling_outfit)_(fate),4,0
17861,ferry_(granblue_fantasy),4,0
17862,ots-14_(girls'_frontline),4,0
17863,celes_chere,4,0
17864,pan_(dragon_ball),4,0
17865,musashi_(azur_lane),4,0
17866,type_95_(girls'_frontline),4,0
17867,rainbow_mika,4,0
17868,venom_(marvel),4,0
17869,dorothy_(nikke),4,0
17870,akane_(bunny)_(blue_archive),4,0
17871,l_(death_note),4,0
17872,cure_march,4,0
17873,asirpa,4,0
17874,eva_02,4,0
17875,hazuki_ren,4,0
17876,clarisse_(granblue_fantasy),4,0
17877,melia_antiqua,4,0
17878,sensei_(blue_archive_the_animation),4,0
17879,lala_satalin_deviluke,4,0
17880,transcend_(umamusume),4,0
17881,primarina,4,0
17882,gokuhara_gonta,4,0
17883,amuro_ray,4,0
17884,felix_hugo_fraldarius,4,0
17885,pom-pom_(honkai:_star_rail),4,0
17886,eunectes_(arknights),4,0
17887,steve_rogers,4,0
17888,kazama_asuka,4,0
17889,natsuiro_matsuri_(1st_costume),4,0
17890,still_in_love_(scarlet_vow_raiment)_(umamusume),4,0
17891,swablu,4,0
17892,myrtle_(arknights),4,0
17893,tenjou_utena,4,0
17894,kaede_(blue_archive),4,0
17895,ikaruga_luca,4,0
17896,kars_(jojo),4,0
17897,shirayuki_hime,4,0
17898,wakan_tanka,4,0
17899,caracal_(kemono_friends),4,0
17900,kirishima_touka,4,0
17901,kairi_(kingdom_hearts),4,0
17902,akitsushima_(kancolle),4,0
17903,franky_(one_piece),4,0
17904,mr._squeaks_(hakos_baelz),4,0
17905,funada_kiito,4,0
17906,griseo,4,0
17907,usada_hikaru,4,0
17908,star_platinum,4,0
17909,pyra_(pro_swimmer)_(xenoblade),4,0
17910,araragi_tsukihi,4,0
17911,scanty_(psg),4,0
17912,shigure_ui_(1st_costume)_(vtuber),4,0
17913,tsujinaka_yoshiki,4,0
17914,ralsei,4,0
17915,inuyasha_(character),4,0
17916,shishio_chris,4,0
17917,satono_crown_(umamusume),4,0
17918,yotsuba_alice,4,0
17919,viper_(nikke),4,0
17920,espurr,4,0
17921,otokura_yuuki,4,0
17922,vegetto,4,0
17923,princess_of_moonbrook,4,0
17924,sagiri_(kancolle),4,0
17925,nagi_(kannagi),4,0
17926,celebi,4,0
17927,sion_eltnam_(type-moon),4,0
17928,sakata_kintoki_(fate),4,0
17929,rosa_(tears_of_themis),4,0
17930,utsumi_erice,4,0
17931,abigail_williams_(third_ascension)_(fate),4,0
17932,cerberus_(helltaker),4,0
17933,chise_(blue_archive),4,0
17934,inui_toko_(1st_costume),4,0
17935,kurokawa_akane,4,0
17936,projekt_red_(arknights),4,0
17937,rei_(pokemon),4,0
17938,assassin_(fate/zero),4,0
17939,ak-15_(girls'_frontline),4,0
17940,luo_tianyi,4,0
17941,taneshima_popura,4,0
17942,kitashirakawa_tamako,4,0
17943,tsuruya,4,0
17944,soren_(fire_emblem),4,0
17945,matsubara_kanon,4,0
17946,chou-10cm-hou-chan,4,0
17947,ashley_graves,4,0
17948,lenna_charlotte_tycoon,4,0
17949,ironmouse,4,0
17950,van_gogh_(fate),4,0
17951,shadowheart_(baldur's_gate),4,0
17952,koizumi_mahiru,4,0
17953,jean_bart_(azur_lane),4,0
17954,kiana_kaslana_(herrscher_of_flamescion),4,0
17955,igarashi_kyoko,4,0
17956,karin_(school_uniform)_(blue_archive),4,0
17957,kon_kanaho,4,0
17958,leona_kingscholar,4,0
17959,hagoromo_lala,4,0
17960,tequila_(arknights),4,0
17961,hakurei_reimu_(pc-98),4,0
17962,oozora_subaru_(suspenders),4,0
17963,ichigo_(darling_in_the_franxx),4,0
17964,marill,4,0
17965,gawain_(fate),4,0
17966,acolyte_(ragnarok_online),4,0
17967,tanigaki_genjirou,4,0
17968,tojo_kirumi,4,0
17969,hinaichigo,4,0
17970,horikawa_kunihiro,4,0
17971,makoto_(blue_archive),4,0
17972,kalina_(girls'_frontline),4,0
17973,izayoi_liko,4,0
17974,rachel_alucard,4,0
17975,abigail_williams_(swimsuit_foreigner)_(third_ascension)_(fate),4,0
17976,anna_(frozen),4,0
17977,uzaki_tsuki,4,0
17978,riolu,4,0
17979,danua,4,0
17980,okkotsu_yuta,4,0
17981,magikarp,4,0
17982,hysilens_(honkai:_star_rail),4,0
17983,anisphia_wynn_palettia,4,0
17984,eva_01,4,0
17985,nayuta_(chainsaw_man),4,0
17986,dedenne,4,0
17987,alisa_(girls_und_panzer),4,0
17988,male_alear_(fire_emblem),4,0
17989,kama_(adult)_(fate),4,0
17990,wingull,4,0
17991,mortis_(persona)_(bang_dream!),4,0
17992,lappland_the_decadenza_(arknights),4,0
17993,yatadera_narumi,4,0
17994,adaman_(pokemon),4,0
17995,ikusaba_mukuro,4,0
17996,togepi,4,0
17997,aesc_(fate),4,0
17998,bomb_devil_(chainsaw_man),4,0
17999,kinugasa_kai_ni_(kancolle),4,0
18000,trish_una,4,0
18001,tear_grants,4,0
18002,naruse_shiroha,4,0
18003,prinz_eugen_(unfading_smile)_(azur_lane),4,0
18004,giratina,4,0
18005,arato_nagi,4,0
18006,yuri_plisetsky,4,0
18007,arcanine,4,0
18008,saber_alter_(ver._shinjuku_1999),4,0
18009,berserker_(fate/zero),4,0
18010,geeta_(pokemon),4,0
18011,sessyoin_kiara_(heaven's_hole),4,0
18012,bismarck_(azur_lane),4,0
18013,kondou_taeko,4,0
18014,grecale_(kancolle),4,0
18015,pneuma_(xenoblade),4,0
18016,shirogane_noel_(casual),4,0
18017,melony_(pokemon),4,0
18018,razor_(genshin_impact),4,0
18019,feater_(arknights),4,0
18020,pulchra_fellini,4,0
18021,whislash_(arknights),4,0
18022,mary_(ib),4,0
18023,anya_melfissa,4,0
18024,doraemon_(character),4,0
18025,yukari_(blue_archive),4,0
18026,lightning_farron,4,0
18027,emma_frost,4,0
18028,sorcerer_(ragnarok_online),4,0
18029,suzuka_gozen_(fate),4,0
18030,melina_(elden_ring),4,0
18031,roon_(azur_lane),4,0
18032,hatsuharu_(kancolle),4,0
18033,tsuyuri_kanao,4,0
18034,cissia_(zenless_zone_zero),4,0
18035,adventurer_(ff14),4,0
18036,jason_todd,4,0
18037,kazami_yuuka_(pc-98),4,0
18038,fenomeno_(umamusume),4,0
18039,junko_(blue_archive),4,0
18040,takamori_aiko,4,0
18041,wooper,4,0
18042,kohinata_miku,4,0
18043,wakamo_(swimsuit)_(blue_archive),4,0
18044,mine_(blue_archive),4,0
18045,shirayuki_tomoe,4,0
18046,yidhari_murphy,4,0
18047,wiz_(konosuba),4,0
18048,lady_(devil_may_cry),4,0
18049,suou_patra,4,0
18050,karina_lyle,4,0
18051,sage_(dq3),4,0
18052,midori_(maid)_(blue_archive),4,0
18053,korra,4,0
18054,jax_(the_amazing_digital_circus),4,0
18055,yinlin_(wuthering_waves),4,0
18056,gigi_murin_(1st_costume),4,0
18057,mismagius,4,0
18058,sei_shounagon_(fate),4,0
18059,implacable_(azur_lane),4,0
18060,manya_(dq4),4,0
18061,tony_stark,4,0
18062,warrior_(dq3),4,0
18063,lacus_clyne,4,0
18064,ssrb_(shishiro_botan),4,0
18065,arbok,4,0
18066,jouga_maya,4,0
18067,soda_kazuichi,4,0
18068,ushiromiya_maria,4,0
18069,kotori_(blue_archive),4,0
18070,kobayakawa_sae,4,0
18071,warlock_(ragnarok_online),4,0
18072,zabaniyya_(housamo),4,0
18073,bagpipe_(arknights),4,0
18074,vira_(granblue_fantasy),4,0
18075,neopolitan_(rwby),4,0
18076,mejiro_bright_(umamusume),4,0
18077,rinoa_heartilly,4,0
18078,lambdadelta,4,0
18079,blemishine_(arknights),4,0
18080,mercedes_von_martritz,4,0
18081,takamiya_rion,4,0
18082,hange_zoe,4,0
18083,kobayashi_(maidragon),4,0
18084,ampharos,4,0
18085,male_byleth_(awakened)_(fire_emblem),4,0
18086,mifune_miyu,4,0
18087,manabe_nodoka,4,0
18088,chomusuke,4,0
18089,nekota_tsuna,4,0
18090,cure_peach,4,0
18091,keqing_(opulent_splendor)_(genshin_impact),4,0
18092,pa-san,4,0
18093,queen_draco_(fate),4,0
18094,aino_megumi,4,0
18095,akaboshi_koume,4,0
18096,lucas_(mother_3),4,0
18097,yorick_(shiori_novella),4,0
18098,kamille_bidan,4,0
18099,lupa_(wuthering_waves),4,0
18100,ryugasaki_rene,4,0
18101,gladiia_(arknights),4,0
18102,shylily,4,0
18103,kaai_yuki,4,0
18104,yoshi,4,0
18105,kizuna_ai_(1st_costume),4,0
18106,asakura_karen_(heaven_burns_red),4,0
18107,st._louis_(luxurious_wheels)_(azur_lane),4,0
18108,amagi_(kancolle),4,0
18109,sato_shin,4,0
18110,aru_(dress)_(blue_archive),4,0
18111,guoba_(genshin_impact),4,0
18112,eishin_flash_(meisterschaft)_(umamusume),4,0
18113,ayanami_(retrofit)_(azur_lane),4,0
18114,nijimura_okuyasu,4,0
18115,miyagawa_takane,4,0
18116,fukuzawa_yumi,4,0
18117,mukai_takumi,4,0
18118,oddish,4,0
18119,thorns_(arknights),4,0
18120,naka_kai_ni_(kancolle),4,0
18121,uzumaki_boruto,4,0
18122,enemy_naval_mine_(kancolle),4,0
18123,dinergate_(girls'_frontline),4,0
18124,fairy_leviathan_(mega_man),4,0
18125,sylus_(love_and_deepspace),4,0
18126,kirishima_eijiro,4,0
18127,saori_(dress)_(blue_archive),4,0
18128,mikazuki_(kancolle),4,0
18129,chinatsu_(blue_archive),4,0
18130,cleveland_(azur_lane),4,0
18131,kurokami_fubuki,4,0
18132,sayu_(genshin_impact),4,0
18133,bradamante_(fate),4,0
18134,klara_(pokemon),4,0
18135,necrass_(arknights),4,0
18136,kurokawa_eren,4,0
18137,sailor_saturn,4,0
18138,tiki_(young)_(fire_emblem),4,0
18139,achilles_(fate),4,0
18140,magia_baiser,4,0
18141,commandant_teste_(kancolle),4,0
18142,natsu_megumi,4,0
18143,leo_(fire_emblem_fates),4,0
18144,matsuwa_(kancolle),4,0
18145,yunli_(honkai:_star_rail),4,0
18146,laundry_dragonmaid,4,0
18147,pannacotta_fugo,4,0
18148,hijiri_ageha,4,0
18149,crow_(la+_darknesss),4,0
18150,texas_(willpower)_(arknights),4,0
18151,kinu_(kancolle),4,0
18152,rudeus_greyrat,4,0
18153,marie_rose,4,0
18154,lunamaria_hawke,4,0
18155,yellow_(pokemon),4,0
18156,lucifer_morningstar_(hazbin_hotel),4,0
18157,soraka_(league_of_legends),4,0
18158,rean_schwarzer,4,0
18159,spicy_nun_(diva),4,0
18160,buggy_the_clown,4,0
18161,hammann_(azur_lane),4,0
18162,euphyllia_magenta,4,0
18163,sothis_(fire_emblem),4,0
18164,tachibana_sherry,4,0
18165,signora_(genshin_impact),4,0
18166,lulu_(league_of_legends),4,0
18167,sanageyama_uzu,4,0
18168,lugia,4,0
18169,yakumo_beni,4,0
18170,chrono_genesis_(umamusume),4,0
18171,videl,4,0
18172,oktavia_von_seckendorff,4,0
18173,saitou_hajime_(fate),4,0
18174,santa_claus,4,0
18175,komaki_manaka,4,0
18176,xie_lian,4,0
18177,mikko_(girls_und_panzer),4,0
18178,haibara_ai,4,0
18179,yomotsu_hisami,4,0
18180,mutsuki_kai_ni_(kancolle),4,0
18181,aurora_(arknights),4,0
18182,meltryllis_(swimsuit_lancer)_(second_ascension)_(fate),4,0
18183,emolga,4,0
18184,viy_(fate),4,0
18185,sukonbu_(shirakami_fubuki),4,0
18186,li_yuting_(male),4,0
18187,yae_miko_(fox),4,0
18188,jeanne_d'arc_(third_ascension)_(fate),4,0
18189,aketa_mikoto,4,0
18190,mihono_bourbon_(mb-19890425)_(umamusume),4,0
18191,hotarumaru,4,0
18192,makoto_(street_fighter),4,0
18193,rin_(blue_archive),4,0
18194,tanned_cirno,4,0
18195,momoi_(maid)_(blue_archive),4,0
18196,faris_scherwiz,4,0
18197,hiodoshi_ao,4,0
18198,akashi_(azur_lane),4,0
18199,bennett_(genshin_impact),4,0
18200,ouro_kronii_(casual),4,0
18201,miss_cloud,4,0
18202,treecko,4,0
18203,saber_alter_(third_ascension),4,0
18204,hatterene,4,0
18205,aijo_karen,4,0
18206,higurashi_kagome,4,0
18207,majin_android_21,4,0
18208,leonardo_da_vinci_(caster)_(fate),4,0
18209,reshiram,4,0
18210,diavolo,4,0
18211,nakagawa_natsuki,4,0
18212,yagami_hikari,4,0
18213,kaho_(blue_archive),4,0
18214,andira_(granblue_fantasy),4,0
18215,graf_zeppelin_(azur_lane),4,0
18216,yuni_(princess_connect!),4,0
18217,scathach_(piercing_bunny)_(fate),4,0
18218,airfield_princess,4,0
18219,lauma_(genshin_impact),4,0
18220,bond_(spy_x_family),4,0
18221,roxie_(pokemon),4,0
18222,ouro_kronii_(maid),4,0
18223,prinny,4,0
18224,senkawa_chihiro,4,0
18225,yin_(darker_than_black),4,0
18226,kadoc_zemlupus,4,0
18227,i-no,4,0
18228,kawakami_sadayo,4,0
18229,hikage_(senran_kagura),4,0
18230,yumemizuki_mizuki,4,0
18231,magolor,4,0
18232,stheno_(fate),4,0
18233,apollo_justice,4,0
18234,ichikawa_kyoutarou,4,0
18235,yami_yugi,4,0
18236,ky_kiske,4,0
18237,sakura_laurel_(umamusume),4,0
18238,kurumi_noah,4,0
18239,rozaliya_olenyeva,4,0
18240,inukai_iroha,4,0
18241,celine_(fire_emblem),4,0
18242,asakaze_(kancolle),4,0
18243,hifumi_(swimsuit)_(blue_archive),4,0
18244,filia_(skullgirls),4,0
18245,yuuki_sakuna,4,0
18246,perth_(kancolle),4,0
18247,riza_hawkeye,4,0
18248,mochizuki_honami,4,0
18249,haunter,4,0
18250,captain_america,4,0
18251,metroid_(creature),4,0
18252,ashley_graham,4,0
18253,li_syaoran,4,0
18254,roy_mustang,4,0
18255,wooloo,4,0
18256,bb_(swimsuit_mooncancer)_(third_ascension)_(fate),4,0
18257,artoria_pendragon_(lancer)_(third_ascension)_(fate),4,0
18258,sakuragi_hanamichi,4,0
18259,megaman.exe,4,0
18260,shalom_(path_to_nowhere),4,0
18261,blanc_(nikke),4,0
18262,killer_bee_cammy,4,0
18263,yuudachi_(azur_lane),4,0
18264,tiamat_(fate),4,0
18265,alastor_(hazbin_hotel),4,0
18266,eimi_(swimsuit)_(blue_archive),4,0
18267,ben_bigger,4,0
18268,lili_(tekken),4,0
18269,millie_parfait,4,0
18270,reisen_(touhou_bougetsushou),4,0
18271,yoneme_mei,4,0
18272,slaine_troyard,4,0
18273,ooi_kai_ni_(kancolle),4,0
18274,itou_kaiji,4,0
18275,enraku_tsubakura,4,0
18276,pekoyama_peko,4,0
18277,bruce_wayne,4,0
18278,hyakumantenbara_salome_(1st_costume),4,0
18279,elesis_(elsword),4,0
18280,helm_(nikke),4,0
18281,haruno_haruka,4,0
18282,honma_himawari,4,0
18283,tsuchinoko_(kemono_friends),4,0
18284,priest_(dq3),4,0
18285,dead_master,4,0
18286,subaru_duck,4,0
18287,kousaka_kyousuke,4,0
18288,roger_(guilty_gear),4,0
18289,yang_guifei_(second_ascension)_(fate),4,0
18290,chiyoda_(kancolle),4,0
18291,paul_bunyan_(fate),4,0
18292,mia_(fire_emblem),4,0
18293,kisaragi_(azur_lane),4,0
18294,shirabe_ako,4,0
18295,cure_sunny,4,0
18296,brown_bear_(kemono_friends),4,0
18297,kishinami_(kancolle),4,0
18298,sayama_saho,4,0
18299,takoluka,4,0
18300,janus_(kancolle),4,0
18301,fukurai_azami,4,0
18302,homura_(senran_kagura),4,0
18303,rydia_(adult)_(ff4),4,0
18304,sakawa_(kancolle),4,0
18305,xilonen_(genshin_impact),4,0
18306,gavial_(arknights),4,0
18307,ptilopsis_(arknights),4,0
18308,airani_iofifteen,4,0
18309,shirokane_rinko,4,0
18310,spas-12_(girls'_frontline),4,0
18311,shiina_yuika_(1st_costume),4,0
18312,hakase_fuyuki,4,0
18313,ingrid_(capcom),4,0
18314,turtwig,4,0
18315,villager_(animal_crossing),4,0
18316,yunaka_(fire_emblem),4,0
18317,uryuu_ryuunosuke,4,0
18318,luna_platz_(mega_man),4,0
18319,franka_(arknights),4,0
18320,yuri_sakazaki,4,0
18321,taihou_(enraptured_companion)_(azur_lane),4,0
18322,miyu_edelfelt_(magical_girl),4,0
18323,king_halo_(king_of_emeralds)_(umamusume),4,0
18324,garry_(ib),4,0
18325,magallan_(arknights),4,0
18326,kamisato_ayaka_(springbloom_missive),4,0
18327,subaru_nakajima,4,0
18328,silent_magician,4,0
18329,yagen_toushirou,4,0
18330,talulah_(arknights),4,0
18331,natalia_(idolmaster),4,0
18332,koyama_yuzu,4,0
18333,aquila_(kancolle),4,0
18334,alena_(dq4),4,0
18335,peni_parker,4,0
18336,nyarlathotep_(nyaruko-san),4,0
18337,miquella_(elden_ring),4,0
18338,galleon_(granblue_fantasy),4,0
18339,billy_kid,4,0
18340,laura_la_mer,4,0
18341,higuchi_kaede_(1st_costume),4,0
18342,himesaka_noa,4,0
18343,rindou_mikoto,4,0
18344,turbo_granny_(dandadan),4,0
18345,yuzuha_riko,4,0
18346,ibuki_(street_fighter),4,0
18347,conte_di_cavour_(kancolle),4,0
18348,jeanne_d'arc_alter_(avenger)_(first_ascension)_(fate),4,0
18349,yagami_taichi,4,0
18350,shoukaku_(azur_lane),4,0
18351,lain_paterson,4,0
18352,sakura_chiyo,4,0
18353,estelle_bright,4,0
18354,reg_(made_in_abyss),4,0
18355,serperior,4,0
18356,shinonome_nano,4,0
18357,okada_izou_(fate),4,0
18358,asahina_aoi,4,0
18359,hebi_nyoubou_(fate),4,0
18360,kuga_natsuki,4,0
18361,anis_(sparkling_summer)_(nikke),4,0
18362,keith_goodman,4,0
18363,shiver_(deep_cut_outfit)_(splatoon),4,0
18364,yumeko_(touhou),4,0
18365,crypto_(apex_legends),4,0
18366,noctis_lucis_caelum,4,0
18367,tanikaze_(kancolle),4,0
18368,phosphophyllite_(ll),4,0
18369,arare_(kancolle),4,0
18370,shindou_takuto,4,0
18371,jinshi_(kusuriya_no_hitorigoto),4,0
18372,cinnamiku,4,0
18373,hua_cheng,4,0
18374,mohammed_avdol,4,0
18375,mysterious_heroine_x_(fate),4,0
18376,michiru_(blue_archive),4,0
18377,yuuka_(pajamas)_(blue_archive),4,0
18378,le_malin_(listless_lapin)_(azur_lane),4,0
18379,cecilia_immergreen_(1st_costume),4,0
18380,heracles_(fate),4,0
18381,rayquaza,4,0
18382,dot_(pokemon),4,0
18383,liskarm_(arknights),4,0
18384,gavis_bettel,4,0
18385,okita_sougo,4,0
18386,amuro_tooru,4,0
18387,sakuramori_kaori,4,0
18388,angra_mainyu_(fate),4,0
18389,ogerpon,4,0
18390,meer_campbell,4,0
18391,annette_fantine_dominic,4,0
18392,oomori_yuuko,4,0
18393,kooh_(pangya),4,0
18394,blaziken,4,0
18395,kasumigaoka_utaha,4,0
18396,shinshuu_maru_(kancolle),4,0
18397,hoshino_ruri,4,0
18398,frostleaf_(arknights),4,0
18399,nenohi_(kancolle),4,0
18400,nyon_(cookie),4,0
18401,hinomori_shiho,4,0
18402,nice_nature_(run_&_win)_(umamusume),4,0
18403,neco-arc,4,0
18404,kaiba_seto,4,0
18405,mishaguji,4,0
18406,kagemori_michiru,4,0
18407,elizabeth_bathory_(fate/extra),4,0
18408,klukai_(girls'_frontline_2),4,0
18409,sora_(blue_archive),4,0
18410,regulus_(reverse:1999),4,0
18411,a-chan_(hololive),4,0
18412,puyo_(puyopuyo),4,0
18413,ichigaya_arisa,4,0
18414,otogi_(blue_archive),4,0
18415,lappland_(refined_horrormare)_(arknights),4,0
18416,seiren_(precure),4,0
18417,harukaze_(kancolle),4,0
18418,takanashi_kiara_(casual),4,0
18419,focalors_(genshin_impact),4,0
18420,li_yuting_(female),4,0
18421,owari_(azur_lane),4,0
18422,kagehira_mika,4,0
18423,vert_(neptunia),4,0
18424,ayatsuji_tsukasa,4,0
18425,jingwei_(bird),4,0
18426,dark_pit,4,0
18427,cesario_(umamusume),4,0
18428,prussia_(hetalia),4,0
18429,mem_(honkai:_star_rail),4,0
18430,kaga_sumire,4,0
18431,astolfo_(saber)_(fate),4,0
18432,mr._crawling,4,0
18433,milla_maxwell,4,0
18434,riku_(kingdom_hearts),4,0
18435,terry_bogard,4,0
18436,iino_miko,4,0
18437,toriel,4,0
18438,suzumi_(blue_archive),4,0
18439,gray_(fate),4,0
18440,daiichi_ruby_(umamusume),4,0
18441,fighter_(granblue_fantasy),4,0
18442,curren_chan_(fille_eclair)_(umamusume),4,0
18443,atago_(stunning_speedster)_(azur_lane),4,0
18444,kotegawa_yui,4,0
18445,hisuian_zorua,4,0
18446,luke_fon_fabre,4,0
18447,inari_one_(umamusume),4,0
18448,fio_germi,4,0
18449,anjou_naruko,4,0
18450,titan_(shingeki_no_kyojin),4,0
18451,yaoyao_(genshin_impact),4,0
18452,fukuda_haru,4,0
18453,nefertari_vivi,4,0
18454,jessica_albert,4,0
18455,nanashi_mumei_(emo),4,0
18456,yamabuki_inori,4,0
18457,ghislaine_dedoldia,4,0
18458,kuradoberi_jam,4,0
18459,isobe_noriko,4,0
18460,tribbie_(honkai:_star_rail),4,0
18461,nibutani_shinka,4,0
18462,barry_(pokemon),4,0
18463,fuyutsuki_(kancolle),4,0
18464,saya_(saya_no_uta),4,0
18465,tamamo_cross_(fast_as_lightning)_(umamusume),4,0
18466,yun_jin_(genshin_impact),4,0
18467,ashley_(warioware),4,0
18468,applin,4,0
18469,todo_yurika,4,0
18470,susie_(dark_world)_(deltarune),4,0
18471,ant_tenna,4,0
18472,cure_moonlight,4,0
18473,k.s.miracle_(umamusume),4,0
18474,zuikaku_(azur_lane),4,0
18475,beatrix_(granblue_fantasy),4,0
18476,nelson_(kancolle),4,0
18477,cecilia_alcott,4,0
18478,velvet_crowe,4,0
18479,harmony_(pokemon),4,0
18480,sendai_hazuki,4,0
18481,wonder_woman,4,0
18482,toujou_tsukasa,4,0
18483,lana's_mother_(pokemon),4,0
18484,brynhild_(fate),4,0
18485,tanaka_gundham,4,0
18486,usa-chan_(idolmaster),4,0
18487,alchemist_(ragnarok_online),4,0
18488,metroid_larva,4,0
18489,hinamori_amu,4,0
18490,kayneth_el-melloi_archibald,4,0
18491,honekoneko_(psg),4,0
18492,ara_haan,4,0
18493,marina_(off_the_hook_outfit)_(splatoon),4,0
18494,kuririn,4,0
18495,kido_tsubomi,4,0
18496,jeanne_d'arc_(swimsuit_archer)_(first_ascension)_(fate),4,0
18497,tone_kai_ni_(kancolle),4,0
18498,cutlass_(girls_und_panzer),4,0
18499,shirayuki_chiyo,4,0
18500,hiyou_(kancolle),4,0
18501,reed_the_flame_shadow_(arknights),4,0
18502,ayane_(doa),4,0
18503,rumi_(kpop_demon_hunters),4,0
18504,ophelia_(fire_emblem),4,0
18505,p-chan_(ranma_1/2),4,0
18506,lil-la_(yu-gi-oh!),4,0
18507,taokaka,4,0
18508,warfarin_(arknights),4,0
18509,shiraishi_tsumugi,4,0
18510,undyne,4,0
18511,sunday_(sacerdos'_relived_ordeal)_(honkai:_star_rail),4,0
18512,yomi_(senran_kagura),4,0
18513,kikyou_(swimsuit)_(blue_archive),4,0
18514,hino_akane_(idolmaster),4,0
18515,rindo_chihaya,4,0
18516,nitocris_(swimsuit_assassin)_(fate),4,0
18517,larry_(pokemon),4,0
18518,ibuki_fuuko,4,0
18519,mochizuki_ryouji,4,0
18520,kuonji_alice,4,0
18521,northern_italy_(hetalia),4,0
18522,plain_doll,4,0
18523,froslass,4,0
18524,kindred_(league_of_legends),4,0
18525,minamoto_no_raikou_(second_ascension)_(fate),4,0
18526,knight_(hollow_knight),4,0
18527,alastor_(shakugan_no_shana),4,0
18528,andrew_graves,4,0
18529,creeper,4,0
18530,mayano_top_gun_(scramble_zone)_(umamusume),4,0
18531,sui-feng,4,0
18532,blastoise,4,0
18533,bartz_klauser,4,0
18534,moose_(kemono_friends),4,0
18535,fuji_kiseki_(shooting_star_revue)_(umamusume),4,0
18536,pozyomka_(arknights),4,0
18537,amane_suzuha,4,0
18538,robin_(dc),4,0
18539,female_saniwa_(touken_ranbu),4,0
18540,momosuzu_nene_(1st_costume),4,0
18541,hex_maniac_(pokemon_legends:_z-a),4,0
18542,elena_(street_fighter),4,0
18543,dick_grayson,4,0
18544,clodsire,4,0
18545,rumi_(blue_archive),4,0
18546,konoka_(blue_archive),4,0
18547,miyagi_shiori,4,0
18548,shaymin_(land),4,0
18549,liv_(pgr),4,0
18550,toad_(mario),4,0
18551,katsura_hinagiku,4,0
18552,harime_nui,4,0
18553,anegasaki_nene,4,0
18554,hero_(dq11),4,0
18555,naoe_riki,4,0
18556,laura_bodewig,4,0
18557,solid_snake,4,0
18558,i-13_(kancolle),4,0
18559,aragaki_ayase,4,0
18560,hoshi_ryoma,4,0
18561,lamb_(league_of_legends),4,0
18562,sawamura_spencer_eriri,4,0
18563,ene_(kagerou_project),4,0
18564,katagiri_sanae,4,0
18565,yorita_yoshino,4,0
18566,shirasagi_chisato,4,0
18567,lin_(arknights),4,0
18568,zara_(poolside_coincidence)_(azur_lane),4,0
18569,superman,4,0
18570,inteleon,4,0
18571,sailor_chibi_moon,4,0
18572,ciel_(mega_man),4,0
18573,typhon_(arknights),4,0
18574,hibari_(senran_kagura),4,0
18575,zenno_rob_roy_(umamusume),4,0
18576,scheherazade_(fate),4,0
18577,tsukimiya_ayu,4,0
18578,gentildonna_(regina_dei_fiori)_(umamusume),4,0
18579,dottore_(genshin_impact),4,0
18580,buneary,4,0
18581,buena_vista_(umamusume),4,0
18582,asriel_dreemurr,4,0
18583,elster_(signalis),4,0
18584,wonder_acute_(umamusume),4,0
18585,nikka_edvardine_katajainen,4,0
18586,zuikaku_kai_ni_(kancolle),4,0
18587,natsume_kyousuke,4,0
18588,admiral_graf_spee_(azur_lane),4,0
18589,phainon_(khaslana)_(honkai:_star_rail),4,0
18590,smallfry_(splatoon),4,0
18591,puru_two,4,0
18592,chrollo_lucilfer,4,0
18593,mejiro_ryan_(umamusume),4,0
18594,cure_prism,4,0
18595,naomi_(girls_und_panzer),4,0
18596,slowpoke,4,0
18597,elizabeth_bathory_(brave)_(fate),4,0
18598,angela_balzac,4,0
18599,shimada_chiyo,4,0
18600,sora_(arknights),4,0
18601,dracule_mihawk,4,0
18602,okunoda_miyoi,4,0
18603,little_ica_(honkai:_star_rail),4,0
18604,dark_sakura,4,0
18605,maou_(maoyuu),4,0
18606,captain_nemo_(fate),4,0
18607,sasaki_saku_(1st_costume),4,0
18608,nagusa_(blue_archive),4,0
18609,tenkajin_chiyari,4,0
18610,player_character_(wow),4,0
18611,sirius_(azure_horizons)_(azur_lane),4,0
18612,akagi_shigeru,4,0
18613,reijo_(blue_archive),4,0
18614,hugo_vlad,4,0
18615,okinami_(kancolle),4,0
18616,morishima_haruka,4,0
18617,kakania_(reverse:1999),4,0
18618,kurumi_(blue_archive),4,0
18619,chibi_miku,4,0
18620,amane_misa,4,0
18621,secelia_dote,4,0
18622,kano_shuuya,4,0
18623,naganohara_mio,4,0
18624,kevin_kaslana,4,0
18625,carmilla_(fate),4,0
18626,nu-13,4,0
18627,zoey_(kpop_demon_hunters),4,0
18628,eve_(stellar_blade),4,0
18629,toudou_shimako,4,0
18630,whimsicott,4,0
18631,nicholas_d._wolfwood,4,0
18632,wario,4,0
18633,gyarados,4,0
18634,hindenburg_(azur_lane),4,0
18635,cream_the_rabbit,4,0
18636,huohuo_(honkai:_star_rail),4,0
18637,xu_fu_(fate),4,0
18638,arezu_(pokemon),4,0
18639,bazett_fraga_mcremitz,4,0
18640,orihara_izaya,4,0
18641,yuzuki_choco_(1st_costume),4,0
18642,toyama_kasumi,4,0
18643,lize_helesta_(1st_costume),4,0
18644,rosa_(arknights),4,0
18645,ibaraki_douji_(berserker)_(fate),4,0
18646,misono_karin,4,0
18647,ulrich_von_hutten_(azur_lane),4,0
18648,fubuki_(swimsuit)_(blue_archive),4,0
18649,gilgamesh_(casual_wear)_(fate/zero),4,0
18650,okita_souji_(second_ascension)_(fate),4,0
18651,seed_(zenless_zone_zero),4,0
18652,mickey_mouse,4,0
18653,loki_(marvel),4,0
18654,uehara_himari,4,0
18655,privaty_(nikke),4,0
18656,starfire,4,0
18657,iori_junpei,4,0
18658,female_commander_(girls'_frontline),4,0
18659,nagara_(kancolle),4,0
18660,friedrich_der_grosse_(azur_lane),4,0
18661,astesia_(arknights),4,0
18662,neko_(minato_aqua),4,0
18663,usada_pekora_(casual),4,0
18664,mr._c.b._(clear_bliss)_(umamusume),4,0
18665,kiana_kaslana_(herrscher_of_the_void),4,0
18666,leone_abbacchio,4,0
18667,yoshikawa_yuuko,4,0
18668,barret_wallace,4,0
18669,naegi_komaru,4,0
18670,master_(vocaloid),4,0
18671,vox_akuma,4,0
18672,sakata_nemuno,4,0
18673,purple_pikmin,4,0
18674,miyanaga_saki,4,0
18675,lycanroc,4,0
18676,franziska_von_karma,4,0
18677,hibiki_ryouga,4,0
18678,hayasaka_mirei,4,0
18679,kallen_kaslana,4,0
18680,coyote_(kemono_friends),4,0
18681,iron_man,4,0
18682,cure_heart,4,0
18683,quagsire,4,0
18684,kureiji_ollie_(1st_costume),4,0
18685,echidna_(re:zero),4,0
18686,label_(nikke),4,0
18687,typhlosion,4,0
18688,matoi_(pso2),4,0
18689,rosemi_lovelock,4,0
18690,rita_mordio,4,0
18691,semiramis_(fate),4,0
18692,starmie,4,0
18693,scarlet_(nikke),4,0
18694,ichigo_hitofuri,4,0
18695,koito_yuu,4,0
18696,hanadera_nodoka,4,0
18697,doro_(nikke),4,0
18698,hinata_shouyou,4,0
18699,vsk-94_(girls'_frontline),4,0
18700,tokitou_muichirou,4,0
18701,yukimura_aoi,4,0
18702,tomori_nao,4,0
18703,ho-oh,4,0
18704,tsujino_akari,4,0
18705,binah_(project_moon),4,0
18706,hunter_(ragnarok_online),4,0
18707,nikaidou_saki,4,0
18708,mumei_(kabaneri),4,0
18709,tieria_erde,4,0
18710,zima_(arknights),4,0
18711,creator_(ragnarok_online),4,0
18712,scolipede,4,0
18713,sophie_(tales),4,0
18714,skitty,4,0
18715,shinguji_korekiyo,4,0
18716,kikuzuki_(kancolle),4,0
18717,orphie_magnusson,4,0
18718,yae_sakura_(gyakushinn_miko),4,0
18719,mikumo_guynemer,4,0
18720,lenalee_lee,4,0
18721,ein_(blue_archive),4,0
18722,michishio_kai_ni_(kancolle),4,0
18723,han_sooyoung,4,0
18724,nice_nature_(poinsettia_ribbon)_(umamusume),4,0
18725,sf-a2_miki,4,0
18726,twilight_sparkle,4,0
18727,sophie_neuenmuller,4,0
18728,galbrena_(wuthering_waves),4,0
18729,protagonist_(metaphor:_refantazio),4,0
18730,schneider_(reverse:1999),4,0
18731,jasmine_(pokemon),4,0
18732,papyrus_(undertale),4,0
18733,higashikata_josuke_(jojolion),4,0
18734,kousaka_umi,4,0
18735,natori_(kancolle),4,0
18736,yoshida_hirofumi,4,0
18737,staryu,4,0
18738,sand_cat_(kemono_friends),4,0
18739,ankha_(animal_crossing),4,0
18740,hinatsuru_ai,4,0
18741,female_protagonist_(pokemon_go),4,0
18742,augusta_(wuthering_waves),4,0
18743,nagao_kagetora_(fate),4,0
18744,p90_(girls'_frontline),4,0
18745,mizuhara_chizuru,4,0
18746,minami_yume,4,0
18747,sheik,4,0
18748,nanakusa_nazuna_(yofukashi_no_uta),4,0
18749,small-clawed_otter_(kemono_friends),4,0
18750,hanae_(blue_archive),4,0
18751,hirose_koichi,4,0
18752,nitocris_(caster)_(fate),4,0
18753,minegumo_(kancolle),4,0
18754,ike_eveland,4,0
18755,murasame_(senren),4,0
18756,flower_(vocaloid4),4,0
18757,nagomi_yui,4,0
18758,judgement_(helltaker),4,0
18759,poison_(final_fight),4,0
18760,gravel_(arknights),4,0
18761,mage_(ragnarok_online),4,0
18762,kaya_rinha,4,0
18763,renamon,4,0
18764,iwatani_naofumi,4,0
18765,red_hood_(dc),4,0
18766,erwin_smith,4,0
18767,emet-selch,4,0
18768,houlen_yabusame,4,0
18769,blue_poison_(shoal_beat)_(arknights),4,0
18770,sniper_(ragnarok_online),4,0
18771,regina_(precure),4,0
18772,kikirara_vivi,4,0
18773,renne_(eiyuu_densetsu),4,0
18774,kirschtaria_wodime,4,0
18775,kitten_(gravity_daze),4,0
18776,natsuumi_manatsu,4,0
18777,mewo,4,0
18778,tsukishima_hajime,4,0
18779,exusiai_the_new_covenant_(arknights),4,0
18780,kasuga_maru_(kancolle),4,0
18781,sam_(honkai:_star_rail),4,0
18782,jin_kisaragi,4,0
18783,delphox,4,0
18784,diyusi_(cookie),4,0
18785,south_dakota_(kancolle),4,0
18786,ibuki_douji_(fate),4,0
18787,son_goten,4,0
18788,tamamo_cat_(first_ascension)_(fate),4,0
18789,platelet_(hataraku_saibou),4,0
18790,valkyrie_(fate),4,0
18791,kyogre,4,0
18792,mira_(kpop_demon_hunters),4,0
18793,nobeta,4,0
18794,lohen_(genshin_impact),4,0
18795,gokotai,4,0
18796,fujimaru_ritsuka_(male)_(decisive_battle_chaldea_uniform),4,0
18797,minun,4,0
18798,rena_erindel,4,0
18799,shining_(arknights),4,0
18800,zooey_(granblue_fantasy),4,0
18801,minazuki_karen,4,0
18802,lisbeth_(sao),4,0
18803,donquixote_rocinante,4,0
18804,okita_j._souji_(fate),4,0
18805,iori_rinko,4,0
18806,agrias_oaks,4,0
18807,plusle,4,0
18808,hijikata_toshizou_(fate),4,0
18809,mdr_(girls'_frontline),4,0
18810,aqua_(kingdom_hearts),4,0
18811,sora_ginko,4,0
18812,cure_rhythm,4,0
18813,shokudaikiri_mitsutada,4,0
18814,banette,4,0
18815,samson_(skullgirls),4,0
18816,irako_(kancolle),4,0
18817,uchi_emiri,4,0
18818,mordred_(swimsuit_rider)_(fate),4,0
18819,lady_maria_of_the_astral_clocktower,4,0
18820,beelstarmon,4,0
18821,archetype_earth,4,0
18822,ars_almal,4,0
18823,silver_the_hedgehog,4,0
18824,chloe_(princess_connect!),4,0
18825,tenryuu_kai_ni_(kancolle),4,0
18826,nakoruru,4,0
18827,himekawa_yuki,4,0
18828,reinforce_zwei,4,0
18829,wuxian_(the_legend_of_luo_xiaohei),4,0
18830,irys_(irys_2.0)_(hololive),4,0
18831,hijikata_toushirou,4,0
18832,itsuki_shu,4,0
18833,kamanosuke_(zenless_zone_zero),4,0
18834,big_bad_wolf,4,0
18835,jill_warrick,4,0
18836,panther_(persona_5),4,0
18837,konpaku_youki,4,0
18838,utsugi_yuuki,4,0
18839,belldandy,4,0
18840,benikurage_(cookie),4,0
18841,brock_(pokemon),4,0
18842,dialyn_(zenless_zone_zero),4,0
18843,lu_guang,4,0
18844,lisia_(pokemon),4,0
18845,utsumi_sakura,4,0
18846,arcane_caitlyn,4,0
18847,hoshino_(girls_und_panzer),4,0
18848,yamada_elf,4,0
18849,flonne,4,0
18850,cheshire_cat_(alice_in_wonderland),4,0
18851,sidoh_(dqb2),4,0
18852,nowi_(fire_emblem),4,0
18853,incineroar,4,0
18854,noa_(pajamas)_(blue_archive),4,0
18855,genji_(overwatch),4,0
18856,golden_snub-nosed_monkey_(kemono_friends),4,0
18857,navi,4,0
18858,bubba_(watson_amelia),4,0
18859,seto_kousuke,4,0
18860,shimiko_(blue_archive),4,0
18861,hiyajou_maho,4,0
18862,nekomata_okayu_(school_uniform),4,0
18863,chespin,4,0
18864,onitsuka_natsumi,4,0
18865,pardofelis,4,0
18866,hiyori_(swimsuit)_(blue_archive),4,0
18867,nanami_touko,4,0
18868,todo_aoi_(jujutsu_kaisen),4,0
18869,perseus_(azur_lane),4,0
18870,platinum_the_trinity,4,0
18871,marceline_abadeer,4,0
18872,elysia_(miss_pink)_(honkai_impact),4,0
18873,freyja_wion,4,0
18874,black_mage_(final_fantasy),4,0
18875,fujinami_(kancolle),4,0
18876,queen_elizabeth_(azur_lane),4,0
18877,ayase_seiko,4,0
18878,malina_(helltaker),4,0
18879,suzuki_hana,4,0
18880,luvdisc,4,0
18881,erwin_(girls_und_panzer),4,0
18882,martina_(dq11),4,0
18883,hashibira_inosuke,4,0
18884,saotome_alto,4,0
18885,aono_miki,4,0
18886,sunny_(shadow_slave),4,0
18887,lida_(pokemon),4,0
18888,onigirya_(nekomata_okayu),4,0
18889,jia_xichun_(project_moon),4,0
18890,poppy_(pokemon),4,0
18891,mysterious_heroine_x_alter_(first_ascension)_(fate),4,0
18892,jinbe_(one_piece),4,0
18893,medusa_(lancer)_(fate),4,0
18894,pebble_(koseki_bijou),4,0
18895,mahito_(jujutsu_kaisen),4,0
18896,ozora_akari,4,0
18897,mash_kyrielight_(swimsuit_of_perpetual_summer),4,0
18898,hoppip,4,0
18899,smoker_(one_piece),4,0
18900,uchiha_itachi,4,0
18901,noi_(dorohedoro),4,0
18902,courtney_(pokemon),4,0
18903,alcremie_(strawberry_sweet),4,0
18904,black_heart_(neptunia),4,0
18905,machamp,4,0
18906,dreepy,4,0
18907,negev_(girls'_frontline),4,0
18908,touhoku_itako,4,0
18909,mashiro_(blue_archive),4,0
18910,challia_bull,4,0
18911,bertolt_hoover,4,0
18912,takimoto_hifumi,4,0
18913,james_moriarty_(archer)_(fate),4,0
18914,kuramochi_meruto,4,0
18915,donkey_kong,4,0
18916,tanamachi_kaoru,4,0
18917,nagato_kai_ni_(kancolle),4,0
18918,lavinia_whateley_(fate),4,0
18919,vodka_(wild_top_gear)_(umamusume),4,0
18920,kiana_kaslana_(white_comet),4,0
18921,aizawa_shota,4,0
18922,lancelot_(fate/grand_order),4,0
18923,luo_xiaohei_(human),4,0
18924,becky_blackbell,4,0
18925,bedivere_(fate),4,0
18926,inumuta_houka,4,0
18927,voyager_(reverse:1999),4,0
18928,asamiya_athena,4,0
18929,kanzuki_karin,4,0
18930,yuunagi_tsubasa,4,0
18931,octane_(apex_legends),4,0
18932,vita_(honkai_impact),4,0
18933,lysithea_von_ordelia_(timeskip),4,0
18934,black_hanekawa,4,0
18935,rukuriri_(girls_und_panzer),4,0
18936,pa-15_(girls'_frontline),4,0
18937,ashigara_kai_ni_(kancolle),4,0
18938,march_7th_(hunt)_(honkai:_star_rail),4,0
18939,elizabeth_rose_bloodflame_(1st_costume),4,0
18940,kama_(assassin)_(first_ascension)_(fate),4,0
18941,whitney_(pokemon),4,0
18942,assassin_(ragnarok_online),4,0
18943,angelica_(project_moon),4,0
18944,xp-tan,4,0
18945,female_byleth_(summer)_(fire_emblem),4,0
18946,sailor_uranus,4,0
18947,dantsu_flame_(center_spotlight)_(umamusume),4,0
18948,mythra_(massive_melee)_(xenoblade),4,0
18949,nakatani_iku,4,0
18950,shimazu_yoshino,4,0
18951,natsu_(band)_(blue_archive),4,0
18952,butterfree,4,0
18953,perfect_start_(infinity_nikki),4,0
18954,charlotte_(genshin_impact),4,0
18955,hoshina_hikaru,4,0
18956,yuzuhara_konomi,4,0
18957,tsukumo_sana_(1st_costume),4,0
18958,hayakawa_tazuna,4,0
18959,yuel_(granblue_fantasy),4,0
18960,grizzly_mkv_(girls'_frontline),4,0
18961,azki_(4th_costume)_(hololive),4,0
18962,magik_(x-men),4,0
18963,vanilla_(nekopara),4,0
18964,matou_sakura_(fate/zero),4,0
18965,jack_frost_(megami_tensei),4,0
18966,all_might,4,0
18967,alice_cartelet,4,0
18968,kira_yamato,4,0
18969,baba_konomi,4,0
18970,rice_shower_(vampire_makeover!)_(umamusume),4,0
18971,noshiro_(azur_lane),4,0
18972,beni-enma,4,0
18973,lilith_(machikado_mazoku),4,0
18974,tyrant_(stella_sora),4,0
18975,ao-chan_(ninomae_ina'nis),4,0
18976,female_shez_(fire_emblem),4,0
18977,takakura_himari,4,0
18978,wii_fit_trainer_(female),4,0
18979,kogitsunemaru,4,0
18980,bandana_waddle_dee,4,0
18981,female_assassin_(fate/zero),4,0
18982,shamare_(arknights),4,0
18983,hasegawa_kobato,4,0
18984,shiranui_flare_(1st_costume),4,0
18985,shigure_ui_(young)_(vtuber),4,0
18986,xion_(kingdom_hearts),4,0
18987,haruna_(track)_(blue_archive),4,0
18988,soldier:_76_(overwatch),4,0
18989,luo_xiaohei_(cat),4,0
18990,senko_(sewayaki_kitsune_no_senko-san),4,0
18991,hoshikawa_sara_(1st_costume),4,0
18992,saigusa_haruka,4,0
18993,ishigami_nozomi,4,0
18994,sukoya_kana_(1st_costume),4,0
18995,sakura_uta_(precure),4,0
18996,fuwa_minato,4,0
18997,anna_(fire_emblem),4,0
18998,minamoto_no_raikou_(first_ascension)_(fate),4,0
18999,mouri_ran,4,0
19000,ki-sikil_(yu-gi-oh!),4,0
19001,kokoro_(hakui_koyori),4,0
19002,hinata_hideki,4,0
19003,shigure_(hot_spring)_(blue_archive),4,0
19004,san_(mononoke_hime),4,0
19005,koraidon,4,0
19006,ri-class_heavy_cruiser,4,0
19007,azazel_(helltaker),4,0
19008,vedal987,4,0
19009,satanichia_kurumizawa_mcdowell,4,0
19010,skadi_(waverider)_(arknights),4,0
19011,urotsuki,4,0
19012,jude_mathis,4,0
19013,murasaki_shion_(gothic_lolita),4,0
19014,sorakado_ao,4,0
19015,chocola_(nekopara),4,0
19016,hans_christian_andersen_(fate),4,0
19017,miyako_(hidamari_sketch),4,0
19018,kirisame_marisa_(pc-98),4,0
19019,hoshirube_sho,4,0
19020,shulk_(xenoblade),4,0
19021,degenbrecher_(arknights),4,0
19022,heixiu,4,0
19023,hamanami_(kancolle),4,0
19024,enma_ai,4,0
19025,hilda_valentine_goneril_(timeskip),4,0
19026,cure_sword,4,0
19027,arihara_nanami,4,0
19028,faputa,4,0
19029,shinazugawa_sanemi,4,0
19030,hoshimi_junna,4,0
19031,evil_neuro-sama_(1st_costume),4,0
19032,shinx,4,0
19033,kuzuryu_fuyuhiko,4,0
19034,udagawa_tomoe,4,0
19035,futaba_sana,4,0
19036,haman_karn,4,0
19037,himemiya_anthy,4,0
19038,cheria_barnes,4,0
19039,misdreavus,4,0
19040,massachusetts_(azur_lane),4,0
19041,xander_(fire_emblem),4,0
19042,whitesmith_(ragnarok_online),4,0
19043,acheron_(slashed_dream)_(honkai:_star_rail),4,0
19044,bottle_miku,4,0
19045,choso_(jujutsu_kaisen),4,0
19046,pien_cat_(needy_girl_overdose),4,0
19047,noir_(nikke),4,0
19048,chloe_von_einzbern_(archer_install),4,0
19049,tamamo_cat_(third_ascension)_(fate),4,0
19050,minase_nayuki,4,0
19051,koito_otonoshin,4,0
19052,tokugawa_matsuri,4,0
19053,bellibolt,4,0
19054,quetzalcoatl_(fate),4,0
19055,tsukuyo_(blue_archive),4,0
19056,kuo_shenlin,4,0
19057,trunks_(future)_(dragon_ball),4,0
19058,amazon_(dragon's_crown),4,0
19059,takei_hisa,4,0
19060,surintendante_chevalmarin,4,0
19061,shirayuki_hina,4,0
19062,ushiromiya_jessica,4,0
19063,fallenshadow,4,0
19064,meowy_(chainsaw_man),4,0
19065,shishiro_botan_(midnight_convenience_store),4,0
19066,mogador_(kancolle),4,0
19067,fujino_shizuru,4,0
19068,sheffield_(azur_lane),4,0
19069,sombra_(overwatch),4,0
19070,lingsha_(honkai:_star_rail),4,0
19071,bache_(azur_lane),4,0
19072,kisaragi_kai_ni_(kancolle),4,0
19073,lilligant,4,0
19074,shimakaze_(azur_lane),4,0
19075,pine_(bombergirl),4,0
19076,shimabara_elena,4,0
19077,white_pikmin,4,0
19078,decidueye,4,0
19079,satsuki_kai_ni_(kancolle),4,0
19080,asuna_(sao-alo),4,0
19081,aiba_yumi,4,0
19082,sakagami_tomoyo,4,0
19083,tord_(eddsworld),4,0
19084,female_builder_(dqb2),4,0
19085,kroos_(arknights),4,0
19086,darkrai,4,0
19087,sirius_(scorching-hot_seirios)_(azur_lane),4,0
19088,uni_(neptunia),4,0
19089,sister_claire_(1st_costume),4,0
19090,asbel_lhant,4,0
19091,kitashirakawa_chiyuri,4,0
19092,mr._scarletella,4,0
19093,carbuncle_(puyopuyo),4,0
19094,meloetta,4,0
19095,25-ji_miku,4,0
19096,koga_mitsuki,4,0
19097,miss_fortune_(league_of_legends),4,0
19098,akai_haato_(1st_costume),4,0
19099,grass_wonder_(stone-piercing_blue)_(umamusume),4,0
19100,richard_i_(fate),4,0
19101,diamond_(houseki_no_kuni),4,0
19102,siberian_chipmunk_(kemono_friends),4,0
19103,surtr_(colorful_wonderland)_(arknights),4,0
19104,vampy,4,0
19105,griffith_(berserk),4,0
19106,froakie,4,0
19107,himemori_luna_(1st_costume),4,0
19108,martha_(swimsuit_ruler)_(fate),4,0
19109,azul_ashengrotto,4,0
19110,laevatain_(arknights),4,0
19111,coral_(pokemon),4,0
19112,marx_(kirby),4,0
19113,pompompurin,4,0
19114,tsuyuzaki_mahiru,4,0
19115,seeu,4,0
19116,helena_(azur_lane),4,0
19117,ryne_waters,4,0
19118,temari_(naruto),4,0
19119,african_wild_dog_(kemono_friends),4,0
19120,kan'u_unchou,4,0
19121,i-14_(kancolle),4,0
19122,nippaku_zanmu,4,0
19123,curren_bouquetd'or_(umamusume),4,0
19124,luca_kaneshiro,4,0
19125,shirakami_fubuki_(loungewear),4,0
19126,ulti_(one_piece),4,0
19127,z3_max_schultz_(swimsuit)_(kancolle),4,0
19128,okazaki_tomoya,4,0
19129,sommie_(fire_emblem),4,0
19130,yamagou_ayumi,4,0
19131,gilgamesh_(immoral_biker_jacket)_(fate),4,0
19132,scizor,4,0
19133,katarina_(league_of_legends),4,0
19134,sun_wukong,4,0
19135,ozymandias_(fate),4,0
19136,ranger_(ragnarok_online),4,0
19137,reisa_(magical)_(blue_archive),4,0
19138,azusa_(swimsuit)_(blue_archive),4,0
19139,capitano_(genshin_impact),4,0
19140,chimchar,4,0
19141,reinforce,4,0
19142,toph_beifong,4,0
19143,elma_(maidragon),4,0
19144,professor_(ragnarok_online),4,0
19145,taihou_(forbidden_fruit)_(azur_lane),4,0
19146,katsuragi_marina,4,0
19147,kson,4,0
19148,g41_(girls'_frontline),4,0
19149,silvervale,4,0
19150,medusa_(casual_wear)_(fate),4,0
19151,shinomiya_runa,4,0
19152,vyrn_(granblue_fantasy),4,0
19153,rei_(cookie),4,0
19154,lokulo-chan_(lokulo_no_mawashimono),4,0
19155,lily_black,4,0
19156,sakaguchi_karina,4,0
19157,nono_hana,4,0
19158,varka_(genshin_impact),4,0
19159,venti_(archon)_(genshin_impact),4,0
19160,riven_(league_of_legends),4,0
19161,9a-91_(girls'_frontline),4,0
19162,ororon_(genshin_impact),4,0
19163,teana_lanster,4,0
19164,sailor_neptune,4,0
19165,gasai_yuno,4,0
19166,nero_(devil_may_cry),4,0
19167,shiba_tomoshibi,4,0
19168,circe_(fate),4,0
19169,kurosaki_chitose,4,0
19170,imadake_dabuchi_tabemi,4,0
19171,isagi_yoichi,4,0
19172,paxton_(pokemon),4,0
19173,shiratori_aira_(dandadan),4,0
19174,arceus,4,0
19175,squigly_(skullgirls),4,0
19176,listener_(inugami_korone),4,0
19177,maria_robotnik,4,0
19178,kirisawa_juuzou_(character),4,0
19179,chalky_(zenless_zone_zero),4,0
19180,meisho_doto_(turbulent_blue)_(umamusume),4,0
19181,hacka_doll_3,4,0
19182,makaino_ririmu_(4th_costume),4,0
19183,tailmon,4,0
19184,rainbow_dash,4,0
19185,hitotsuyanagi_riri,4,0
19186,red_xiii,4,0
19187,hood_(azur_lane),4,0
19188,yumizuka_satsuki,4,0
19189,touwa_erio,4,0
19190,cure_miracle,4,0
19191,renge_(blue_archive),4,0
19192,matikanetannhauser_(clippety-tippety-clop)_(umamusume),4,0
19193,brant_(wuthering_waves),4,0
19194,agnes_claudel,4,0
19195,fluttershy,4,0
19196,mint_fantome_(minto_2.0),4,0
19197,yatogami_tohka,4,0
19198,sneasel,4,0
19199,sentret,4,0
19200,almond_eye_(the_changer)_(umamusume),4,0
19201,cure_lovely,4,0
19202,lebanne_(pokemon),4,0
19203,rim_(kamitsubaki_studio),4,0
19204,marina_(fear_&_hunger),4,0
19205,calstone_light_o_(umamusume),4,0
19206,megu_(blue_archive),4,0
19207,mr._plantegg_(omori),4,0
19208,baron_bunny_(genshin_impact),4,0
19209,vladilena_millize,4,0
19210,pokobee,4,0
19211,kayoko_(new_year)_(blue_archive),4,0
19212,saren_(summer)_(princess_connect!),4,0
19213,ajaw_(genshin_impact),4,0
19214,mizuki_yukikaze,4,0
19215,alolan_raichu,4,0
19216,kagura_hikari,4,0
19217,tidus,4,0
19218,arashio_kai_ni_(kancolle),4,0
19219,feraligatr,4,0
19220,riliane_lucifen_d'autriche,4,0
19221,koharu_rikka,4,0
19222,selvaria_bles,4,0
19223,broly_(dragon_ball_super),4,0
19224,nanashi_mumei_(casual),4,0
19225,raidian_(arknights),4,0
19226,female_doctor_(arknights),4,0
19227,sakura_miko_(school_uniform),4,0
19228,oda_nobunaga_(maou_avenger)_(fate),4,0
19229,aoi_(blue_archive),4,0
19230,skadi_(elite_ii)_(arknights),4,0
19231,meguru_(cookie),4,0
19232,hiei_kai_ni_(kancolle),4,0
19233,ichinose_kotomi,4,0
19234,aa-12_(girls'_frontline),4,0
19235,charlotta_(granblue_fantasy),4,0
19236,kunimi_tama,4,0
19237,chen_(cat),4,0
19238,august_von_parseval_(azur_lane),4,0
19239,cure_dream,4,0
19240,galko,4,0
19241,kasukabe_tsumugi,4,0
19242,mipha,4,0
19243,puru-see_(hoshizuki_(seigetsu)),4,0
19244,soda_(nikke),4,0
19245,mo_chengwei,4,0
19246,lilith_(second_ascension)_(fate),4,0
19247,itoshiki_nozomu,4,0
19248,cellien_(kemono_friends),4,0
19249,testament_(guilty_gear),4,0
19250,agumon,4,0
19251,vinegar_doppio,4,0
19252,moona_hoshinova_(1st_costume),4,0
19253,choukai_kai_ni_(kancolle),4,0
19254,clara_(girls_und_panzer),4,0
19255,moe_(swimsuit)_(blue_archive),4,0
19256,oosawa_aya,4,0
19257,kanaria,4,0
19258,sebastian_michaelis,4,0
19259,black_cat_(marvel),4,0
19260,nagisa_(swimsuit)_(blue_archive),4,0
19261,amoris_(bang_dream!),4,0
19262,kiryu_kazuma,4,0
19263,kariya_masaki,4,0
19264,dragonair,4,0
19265,luxray,4,0
19266,kasugano_sora,4,0
19267,mp40_(girls'_frontline),4,0
19268,david_martinez,4,0
19269,zangief,4,0
19270,kazemaru_ichirouta,4,0
19271,akatsuki_kai_ni_(kancolle),4,0
19272,joltik,4,0
19273,abukuma_kai_ni_(kancolle),4,0
19274,yuuki_yuuna,4,0
19275,sableye,4,0
19276,kushima_kamome,4,0
19277,sky_striker_ace_-_raye,4,0
19278,ogerpon_(teal_mask),4,0
19279,jibril_(no_game_no_life),4,0
19280,urushibara_luka,4,0
19281,frieza,4,0
19282,kar98k_(girls'_frontline),4,0
19283,houndoom,4,0
19284,togami_byakuya,4,0
19285,shimakaze-kun,4,0
19286,hisoka_morow,4,0
19287,reimu_endou,4,0
19288,morinaka_kazaki,4,0
19289,dennou_shoujo_siro,4,0
19290,minazuki_(kancolle),4,0
19291,bokukawauso,4,0
19292,gojou_wakana,4,0
19293,midna_(true),4,0
19294,diabellstar_the_black_witch,4,0
19295,elly_(touhou),4,0
19296,elizabeth_(persona),4,0
19297,luke_pearce_(tears_of_themis),4,0
19298,munchlax,4,0
19299,isolated_island_oni,4,0
19300,colette_brunel,4,0
19301,kasugano_urara_(precure),4,0
19302,jeanne_d'arc_(swimsuit_archer)_(second_ascension)_(fate),4,0
19303,marcus_(reverse:1999),4,0
19304,eldridge_(azur_lane),4,0
19305,veyle_(fire_emblem),4,0
19306,female_mage_(dungeon_and_fighter),4,0
19307,thor_(marvel),4,0
19308,aria_(robot)_(zenless_zone_zero),4,0
19309,dabi_(boku_no_hero_academia),4,0
19310,alucard_(hellsing),4,0
19311,sasha_blouse,4,0
19312,soul_(utdr),4,0
19313,amakusa_shirou_(fate),4,0
19314,meteion,4,0
19315,tomoe_gozen_(swimsuit_saber)_(first_ascension)_(fate),4,0
19316,suo_sango,4,0
19317,nekomiya_hinata,4,0
19318,tristan_(fate),4,0
19319,akehoshi_subaru,4,0
19320,candace_(genshin_impact),4,0
19321,xiao_wu_(douluo_dalu),4,0
19322,error_musume,4,0
19323,akiha_rumiho,4,0
19324,sakamoto_ryouma_(fate),4,0
19325,mars_(cookie),4,0
19326,utaha_(blue_archive),4,0
19327,sesshoumaru,4,0
19328,mazaki_anzu,4,0
19329,jeanne_d'arc_(girl_from_orleans)_(fate),4,0
19330,mii_(nintendo),4,0
19331,snow_white_(nikke),4,0
19332,miyamoto_musashi_(third_ascension)_(fate),4,0
19333,iggy_(jojo),4,0
19334,jungle_pocket_(champion's_battle_cry)_(umamusume),4,0
19335,princess_serenity,4,0
19336,kafu_(cevio),4,0
19337,francesca_prelati_(fate),4,0
19338,belarus_(hetalia),4,0
19339,shameimaru_aya_(newsboy),4,0
19340,hiyuki_(wuthering_waves),4,0
19341,eas_(precure),4,0
19342,kishinami_hakuno_(male),4,0
19343,zoroark,4,0
19344,female_morgan_(fire_emblem),4,0
19345,germany_(hetalia),4,0
19346,shitodo_kuroji,4,0
19347,okita_souji_(first_ascension)_(fate),4,0
19348,eiden_(nu_carnival),4,0
19349,indomitable_(azur_lane),4,0
19350,sonohara_anri,4,0
19351,tokino_sora_(1st_costume),4,0
19352,tashkent_(azur_lane),4,0
19353,neferpitou,4,0
19354,karyl_(summer)_(princess_connect!),4,0
19355,gotoh_hitori_(tsuchinoko),4,0
19356,manaka_non,4,0
19357,goldmary_(fire_emblem),4,0
19358,emily_stewart,4,0
19359,commander_(last_origin),4,0
19360,princess_bonnibel_bubblegum,4,0
19361,haruka_(senran_kagura),4,0
19362,female_tyrant_(stella_sora),4,0
19363,aioi_yuuko,4,0
19364,megatron,4,0
19365,narciso_anasui,4,0
19366,allen_walker,4,0
19367,aether_foundation_employee,4,0
19368,onitsuka_tomari,4,0
19369,katsuragi_(senran_kagura),4,0
19370,yamashiro_takane,4,0
19371,minccino,4,0
19372,pamiat_merkuria_(azur_lane),4,0
19373,judith_(tales),4,0
19374,eva_beatrice,4,0
19375,piranha_plant,4,0
19376,hiiragi_yuzu,4,0
19377,seele_vollerei_(herrscher_of_rebirth),4,0
19378,ogami_sachi,4,0
19379,abigail_williams_(second_ascension)_(fate),4,0
19380,afuro_terumi,4,0
19381,sanzen'in_nagi,4,0
19382,supergirl,4,0
19383,handa_roco,4,0
19384,prince_of_lorasia,4,0
19385,executor_(arknights),4,0
19386,ieiri_shoko,4,0
19387,alpha_(pgr),4,0
19388,araga_kiwi,4,0
19389,bokuto_koutarou,4,0
19390,morisawa_chiaki,4,0
19391,mikazuki_yozora,4,0
19392,hoshino_hinata,4,0
19393,yamada_aoi,4,0
19394,shirosaki_hana,4,0
19395,priestess_(goblin_slayer!),4,0
19396,takafuji_kako,4,0
19397,airi_(band)_(blue_archive),4,0
19398,swordsman_(ragnarok_online),4,0
19399,hoshimiya_kate,4,0
19400,luna_(sailor_moon),4,0
19401,shermie_(kof),4,0
19402,kawakami_princess_(umamusume),4,0
19403,kai'sa,4,0
19404,frye_(deep_cut_outfit)_(splatoon),4,0
19405,duramente_(umamusume),4,0
19406,flayn_(fire_emblem),4,0
19407,yangyang_(wuthering_waves),4,0
19408,hod_(project_moon),4,0
19409,ines_fujin_(umamusume),4,0
19410,tiffy_(nottytiffy),4,0
19411,ninomae_ina'nis_(casual),4,0
19412,death_(entity),4,0
19413,fukuyama_mai,4,0
19414,morag_ladair_(xenoblade),4,0
19415,wakaba_(kancolle),4,0
19416,akimoto_komachi,4,0
19417,kashino_(hot_springs_relaxation)_(azur_lane),4,0
19418,bucky_barnes,4,0
19419,texas_(winter_messenger)_(arknights),4,0
19420,uzuki_(cookie),4,0
19421,shibuki_ran,4,0
19422,dr._eggman,4,0
19423,boudica_(first_ascension)_(fate),4,0
19424,oryou_(fate),4,0
19425,cutiefly,4,0
19426,howl_(howl_no_ugoku_shiro),4,0
19427,revenant_(elden_ring),4,0
19428,admire_vega_(starry_nocturne)_(umamusume),4,0
19429,ragatha_(the_amazing_digital_circus),4,0
19430,morgiana,4,0
19431,caesar_(girls_und_panzer),4,0
19432,kin'iro_ryotei_(umamusume),4,0
19433,zdrada_(helltaker),4,0
19434,suicune,4,0
19435,pyrrha_nikos,4,0
19436,viviana_(arknights),4,0
19437,altina_orion,4,0
19438,racing_miku_(2022),4,0
19439,ariane_yeong,4,0
19440,zinnia_(pokemon),4,0
19441,durandal_(umamusume),4,0
19442,tier_harribel,4,0
19443,cait_sith_(final_fantasy),4,0
19444,lucas_lee,4,0
19445,gengetsu_(touhou),4,0
19446,rahu_(path_to_nowhere),4,0
19447,smol_ame,4,0
19448,kusugawa_sasara,4,0
19449,recluse_(elden_ring),4,0
19450,caitlin_(pokemon),4,0
19451,totooria_helmold,4,0
19452,kachina_(genshin_impact),4,0
19453,machina_x_flayon,4,0
19454,ninian_(fire_emblem),4,0
19455,douki-chan_(douki-chan),4,0
19456,mishima_kazuya,4,0
19457,super_pochaco,4,0
19458,yuzu_(maid)_(blue_archive),4,0
19459,lauren_iroas,4,0
19460,rukawa_kaede,4,0
19461,keroro,4,0
19462,peter_parker,4,0
19463,koiwai_yotsuba,4,0
19464,mudrock_(silent_night)_(arknights),4,0
19465,ruggie_bucchi,4,0
19466,nekko_(momosuzu_nene),4,0
19467,tanaka_asuka,4,0
19468,maki_(camp)_(blue_archive),4,0
19469,nagant_revolver_(girls'_frontline),4,0
19470,adult_neptune,4,0
19471,me-tan,4,0
19472,camus_(dq11),4,0
19473,hitsugaya_toushirou,4,0
19474,little_mermaid_(nikke),4,0
19475,koyanskaya_(assassin)_(first_ascension)_(fate),4,0
19476,elegg_(boom_and_shock)_(nikke),4,0
19477,kirakishou,4,0
19478,xenovia_quarta,4,0
19479,sion_eltnam_atlasia,4,0
19480,takemi_tae,4,0
19481,kanamori_sayaka,4,0
19482,sakuma_ritsu,4,0
19483,white_blood_cell_(hataraku_saibou),4,0
19484,kuraue_hinata,4,0
19485,eureka_(eureka_seven),4,0
19486,grimsley_(pokemon),4,0
19487,gummy_(arknights),4,0
19488,hugh_(pokemon),4,0
19489,kuroo_tetsurou,4,0
19490,jiji_(majo_no_takkyuubin),4,0
19491,petra_macneary,4,0
19492,nina_kosaka,4,0
19493,apple_(reverse:1999),4,0
19494,michael_roa_valdamjong,4,0
19495,siegfried_(fate),4,0
19496,otonose_kanade_(1st_costume),4,0
19497,kisaragi_momo,4,0
19498,king_(aotu_world),4,0
19499,welt_yang,4,0
19500,deutschland_(azur_lane),4,0
19501,tsuji_renta,4,0
19502,hiburi_(kancolle),4,0
19503,ms._fortune_(skullgirls),4,0
19504,lilina_(fire_emblem),4,0
19505,risotto_nero,4,0
19506,squirrel_girl_(marvel),4,0
19507,matsukaze_tenma,4,0
19508,faye_valentine,4,0
19509,sakurakoji_kinako,4,0
19510,kuromiya_raika_(kuromiya),4,0
19511,vivi_ornitier,4,0
19512,charmeleon,4,0
19513,belle_(summer_skies)_(zenless_zone_zero),4,0
19514,liliya_olenyeva,4,0
19515,hoshino_miyako_(wataten),4,0
19516,lucca_ashtear,4,0
19517,dekomori_sanae,4,0
19518,daitou_(kancolle),4,0
19519,alice_thymefield_(sea_of_thyme),4,0
19520,pawmi,4,0
19521,hatakaze_(kancolle),4,0
19522,dsr-50_(girls'_frontline),4,0
19523,morgana_(cat)_(persona_5),4,0
19524,draco_centauros,4,0
19525,admire_groove_(umamusume),4,0
19526,kawashima_ami,4,0
19527,omokage_yugamu,4,0
19528,clark_kent,4,0
19529,inami_mahiru,4,0
19530,tsumugi_wenders,4,0
19531,akuma_(street_fighter),4,0
19532,deidara_(naruto),4,0
19533,arsene_lupin_iii,4,0
19534,haguro_kai_ni_(kancolle),4,0
19535,kitakami_reika,4,0
19536,layla_(idolmaster),4,0
19537,robin_hood_(fate),4,0
19538,min_min_(arms),4,0
19539,riko_(made_in_abyss),4,0
19540,itsuka_kotori,4,0
19541,tatsugiri,4,0
19542,shu_yamino,4,0
19543,marinette_dupain-cheng,4,0
19544,amiya_(medic)_(arknights),4,0
19545,sharena_(fire_emblem),4,0
19546,kudou_shin'ichi,4,0
19547,uruha_rushia_(3rd_costume),4,0
19548,tokisaki_mio_(niliu_chahui),4,0
19549,kawakami_mai,4,0
19550,male_kiran_(fire_emblem),4,0
19551,midway_princess,4,0
19552,sayo_samonji,4,0
19553,ichika_(swimsuit)_(blue_archive),4,0
19554,hinoka_(fire_emblem),4,0
19555,scamp_(kancolle),4,0
19556,amagi-chan_(azur_lane),4,0
19557,saber_alter_(fate/stay_night),4,0
19558,morgan_le_fay_(second_ascension)_(fate),4,0
19559,akemi_homura_(black_dress),4,0
19560,ringo-chan_(otokuyou),4,0
19561,orfevre_(old_design)_(umamusume),4,0
19562,welrod_mkii_(girls'_frontline),4,0
19563,cure_diamond,4,0
19564,big_man_(splatoon),4,0
19565,kaidou_minami,4,0
19566,matsukai_mao,4,0
19567,seragaki_aoba,4,0
19568,suzuki_jun,4,0
19569,protagonist_(smtv),4,0
19570,sasaki_chiho,4,0
19571,claire_redfield,4,0
19572,illumi_zoldyck,4,0
19573,xia_fei,4,0
19574,astarion,4,0
19575,jiaoqiu_(honkai:_star_rail),4,0
19576,silva_(granblue_fantasy),4,0
19577,rhein_kraft_(umamusume),4,0
19578,antonio_salieri_(fate),4,0
19579,sena_(xenoblade),4,0
19580,serena_(yu-gi-oh!),4,0
19581,kanna_(cookie),4,0
19582,miraidon,4,0
19583,jeanne_d'arc_(granblue_fantasy),4,0
19584,murasaki_(senran_kagura),4,0
19585,tamamo_no_mae_(swimsuit_lancer)_(second_ascension)_(fate),4,0
19586,jibanyan,4,0
19587,boota_(ttgl),4,0
19588,honoka_(doa),4,0
19589,hanna-justina_marseille,4,0
19590,mai_natsume,4,0
19591,nelliel_tu_odelschwanck,4,0
19592,aikawa_megumi,4,0
19593,suzu_(cookie),4,0
19594,pumpkaboo,4,0
19595,jailbird_(nerissa_ravencroft),4,0
19596,korok,4,0
19597,wien_margarete,4,0
19598,ikeda_chitose,4,0
19599,paula_(mother_2),4,0
19600,jade_(honkai:_star_rail),4,0
19601,lady_avalon_(fate),4,0
19602,hazawa_tsugumi,4,0
19603,kei_(robot)_(blue_archive),4,0
19604,takayama_sayoko,4,0
19605,goodra,4,0
19606,valentine_(skullgirls),4,0
19607,lissa_(fire_emblem),4,0
19608,zeta_gundam_(mobile_suit),4,0
19609,scathach-skadi_(first_ascension)_(fate),4,0
19610,konoha_(kagerou_project),4,0
19611,buttercup_(ppg),4,0
19612,soul_(deltarune),4,0
19613,vector_(girls'_frontline),4,0
19614,kaitou_kid,4,0
19615,meloetta_(aria),4,0
19616,setsuna_f._seiei,4,0
19617,chii,4,0
19618,kazama_jin,4,0
19619,type_97_(girls'_frontline),4,0
19620,tono_hanna,4,0
19621,melusine_(second_ascension)_(fate),4,0
19622,destroyer_princess,4,0
19623,isoi_haruki,4,0
19624,ryuuhou_(kancolle),4,0
19625,ishigami_senkuu,4,0
19626,yan_qing_(fate),4,0
19627,sairenji_haruna,4,0
19628,cure_pine,4,0
19629,mizutani_eri,4,0
19630,flannery_(pokemon),4,0
19631,cheval_grand_(grand_itineraire)_(umamusume),4,0
19632,white_heart_(neptunia),4,0
19633,ai-chan_(tawawa),4,0
19634,azumarill,4,0
19635,euphemia_li_britannia,4,0
19636,shinano_eiji,4,0
19637,chougei_(kancolle),4,0
19638,melody_(projektmelody),4,0
19639,ogino_chihiro,4,0
19640,komori_met,4,0
19641,royal_penguin_(kemono_friends),4,0
19642,2k-tan,4,0
19643,hori_yuko,4,0
19644,shishiro_botan_(button-down),4,0
19645,adeleine,4,0
19646,admiral_hipper_(azur_lane),4,0
19647,mordred_(swimsuit_rider)_(first_ascension)_(fate),4,0
19648,isara_mao,4,0
19649,jumpluff,4,0
19650,chel_(el_dorado),4,0
19651,elira_pendora_(1st_costume),4,0
19652,poppi_(xenoblade),4,0
19653,cure_princess,4,0
19654,eustass_kid,4,0
19655,ecclesia_(yu-gi-oh!),4,0
19656,hubert_von_vestra,4,0
19657,alice_carroll,4,0
19658,tachibana_makoto,4,0
19659,alcina_dimitrescu,4,0
19660,natsuki_karin,4,0
19661,mizuho_(kancolle),4,0
19662,common_dolphin_(kemono_friends),4,0
19663,elpeo_puru,4,0
19664,shiraishi_yoshitake,4,0
19665,dorothy_(arknights),4,0
19666,ishimaru_kiyotaka,4,0
19667,ange_(princess_principal),4,0
19668,melusine_(swimsuit_ruler)_(fate),4,0
19669,kazusa_(halloween)_(blue_archive),4,0
19670,miguel_o'hara,4,0
19671,wobbuffet,4,0
19672,kagero_(fire_emblem),4,0
19673,logos_(arknights),4,0
19674,ellee-chan,4,0
19675,atago_(summer_march)_(azur_lane),4,0
19676,ayachi_nene,4,0
19677,morty_(pokemon),4,0
19678,raiden_mei_(apho),4,0
19679,astolfo_(memories_at_trifas)_(fate),4,0
19680,zen'in_maki_(post_shibuya),4,0
19681,marvelous_sunday_(umamusume),4,0
19682,reu_(cookie),4,0
19683,matikanefukukitaru_(rising_fortune)_(umamusume),4,0
19684,zagreus_(hades),4,0
19685,foo_fighters_(jojo),4,0
19686,zero_(drag-on_dragoon),4,0
19687,paladin_(final_fantasy),4,0
19688,shauntal_(pokemon),4,0
19689,griseo_(starry_impression),4,0
19690,wizard_(ragnarok_online),4,0
19691,kojo_anna,4,0
19692,fox_mccloud,4,0
19693,fate_testarossa_(lightning_form),4,0
19694,caeda_(fire_emblem),4,0
19695,natsume_an-an,4,0
19696,kirishima_kai_ni_(kancolle),4,0
19697,reaper_(overwatch),4,0
19698,kanzaki_souma,4,0
19699,sakamoto_ryuji,4,0
19700,jean_kirstein,4,0
19701,otonashi_yuzuru,4,0
19702,ukinami_yuzuha_(tanuki_in_broad_daylight),4,0
19703,muppo,4,0
19704,oz_(genshin_impact),4,0
19705,jasmine_(toshi_densetsu_kaitai_center),4,0
19706,luz_noceda,4,0
19707,athena_cykes,4,0
19708,cyan_(show_by_rock!!),4,0
19709,togekiss,4,0
19710,tenkawa_nayuta,4,0
19711,kabu_(pokemon),4,0
19712,hoshiguma_yuugi_(kimono),4,0
19713,wang_yujia,4,0
19714,sena_(blue_archive),4,0
19715,tennouboshi_uzume,4,0
19716,mashiro_meme,4,0
19717,alice_(genshin_impact),4,0
19718,nihilego,4,0
19719,aokaze_nana,4,0
19720,bay_(nikke),4,0
19721,player_character_(degrees_of_lewdity),4,0
19722,lexington_(warship_girls_r),4,0
19723,tinkaton,4,0
19724,yagyu_(senran_kagura),4,0
19725,poppy_(league_of_legends),4,0
19726,sasaki_akebi,4,0
19727,chiaki_(blue_archive),4,0
19728,hero_(dq3),4,0
19729,majima_goro,4,0
19730,dazai_osamu_(bungou_stray_dogs),4,0
19731,lisa_lisa,4,0
19732,edna_(tales),4,0
19733,hero_(dq5),4,0
19734,tachikawa_mimi,4,0
19735,miyao_miya,4,0
19736,spot_(arknights),4,0
19737,hikigaya_hachiman,4,0
19738,heshikiri_hasebe,4,0
19739,fie_claussell,4,0
19740,chi-class_torpedo_cruiser,4,0
19741,trucy_wright,4,0
19742,perrin_(pokemon),4,0
19743,rachnera_arachnera,4,0
19744,fuwa_kokone,4,0
19745,kitagawa_yusuke,4,0
19746,usami_(danganronpa),4,0
19747,mizumiya_su,4,0
19748,mp7_(girls'_frontline),4,0
19749,conch_(gundam),4,0
19750,leviathan_(skullgirls),4,0
19751,waai_fu_(arknights),4,0
19752,kuonji_ukyou,4,0
19753,qingque_(honkai:_star_rail),4,0
19754,nao_(mabinogi),4,0
19755,takasu_ryuuji,4,0
19756,adachi_sakura,4,0
19757,hortensia_(fire_emblem),4,0
19758,ichigo_(cookie),4,0
19759,fukuji_mihoko,4,0
19760,kawanishi_shinobu,4,0
19761,hu_tao_(cherries_snow-laden)_(genshin_impact),4,0
19762,ogami_tamaki,4,0
19763,washington_(kancolle),4,0
19764,heiwajima_shizuo,4,0
19765,matsukaze_(kancolle),4,0
19766,nunnally_vi_britannia,4,0
19767,kasai_amane,4,0
19768,luciela_r._sourcream,4,0
19769,kageyama_shien,4,0
19770,label_girl_(dipp),4,0
19771,hakui_koyori_(summer),4,0
19772,fungi_(genshin_impact),4,0
19773,rossweisse,4,0
19774,starscream,4,0
19775,trotter_(honkai:_star_rail),4,0
19776,shirakami_fubuki_(street),4,0
19777,tobiichi_origami,4,0
19778,mononobe_alice,4,0
19779,kotori_(cheer_squad)_(blue_archive),4,0
19780,oda_nobunaga_(swimsuit_berserker)_(fate),4,0
19781,yozakura_(senran_kagura),4,0
19782,ping_hai_(azur_lane),4,0
19783,sin_sack,4,0
19784,oono_aya,4,0
19785,aesc_(rain_witch)_(fate),4,0
19786,seiun_sky_(reeling_in_the_big_one)_(umamusume),4,0
19787,artoria_caster_(swimsuit_berserker)_(first_ascension)_(fate),4,0
19788,hoshikawa_lily,4,0
19789,leva_(girls'_frontline_2),4,0
19790,high_elf_archer_(goblin_slayer!),4,0
19791,enrico_pucci,4,0
19792,guel_jeturk,4,0
19793,shiki_natsume,4,0
19794,saotome_shino_(shino_to_ren),4,0
19795,hatsune_miku_(nt),4,0
19796,strength_(black_rock_shooter),4,0
19797,momose_rio,4,0
19798,michigami_nareko,4,0
19799,hinase_(cookie),4,0
19800,tomoe_gozen_(first_ascension)_(fate),4,0
19801,yukimin_(yukihana_lamy),4,0
19802,vill-v,4,0
19803,toujou_koneko,4,0
19804,shirayuki_ren,4,0
19805,minase_akiko,4,0
19806,akari_(blue_archive),4,0
19807,ichii_yui,4,0
19808,prosciutto_(jojo),4,0
19809,ines_(arknights),4,0
19810,shinonono_houki,4,0
19811,hyuuga_saki,4,0
19812,mimori_(blue_archive),4,0
19813,gareth_(fate),4,0
19814,debitto_(makaino_ririmu),4,0
19815,doudanuki_masakuni,4,0
19816,pombon,4,0
19817,essex_(azur_lane),4,0
19818,yakushiji_saaya,4,0
19819,kokonoe_rin,4,0
19820,zhongli_(archon)_(genshin_impact),4,0
19821,nagayoshi_subaru,4,0
19822,saber_(swimsuit_archer)_(first_ascension)_(fate),4,0
19823,aoi_erika,4,0
19824,hibiki_yuuta,4,0
19825,dragapult,4,0
19826,neon_(nikke),4,0
19827,mizumoto_yukari,4,0
19828,usami_ichika,4,0
19829,kaede_johan_nouvel,4,0
19830,zentreya_(dragon),4,0
19831,eriko_(princess_connect!),4,0
19832,shannon_(umineko),4,0
19833,sweety_(zenless_zone_zero),4,0
19834,vajra_(granblue_fantasy),4,0
19835,baobhan_sith_(swimsuit_pretender)_(first_ascension)_(fate),4,0
19836,kurugaya_yuiko,4,0
19837,snom,4,0
19838,nian_(unfettered_freedom)_(arknights),4,0
19839,kromer_(project_moon),4,0
19840,izumi_(blue_archive),4,0
19841,shiranui_flare_(street),4,0
19842,yoshimi_(band)_(blue_archive),4,0
19843,shigaraki_tomura,4,0
19844,luna_snow,4,0
19845,fujimura_taiga,4,0
19846,takozonesu,4,0
19847,hinata_kaho,4,0
19848,minami_mirei,4,0
19849,morgan_le_fay_(third_ascension)_(fate),4,0
19850,killer_queen,4,0
19851,sigrika_(wuthering_waves),4,0
19852,oozora_subaru_(hololive_summer_2019),4,0
19853,owada_mondo,4,0
19854,yanqing_(honkai:_star_rail),4,0
19855,nagi_seishirou,4,0
19856,yura_kai_ni_(kancolle),4,0
19857,nana_asta_deviluke,4,0
19858,shadow_chaser_(ragnarok_online),4,0
19859,kitarou,4,0
19860,ashveil_(honkai:_star_rail),4,0
19861,kaori_(splatoon),4,0
19862,sakihata_rimi,4,0
19863,ayanami_kai_ni_(kancolle),4,0
19864,nira-chan,4,0
19865,otter_spirit_(touhou),4,0
19866,raven_(tales),4,0
19867,metal_sonic,4,0
19868,fjorm_(fire_emblem),4,0
19869,memcho,4,0
19870,kotozume_yukari,4,0
19871,ninomae_ina'nis_(loungewear),4,0
19872,flowey_(undertale),4,0
19873,kamio_reiji_(yua),4,0
19874,uranami_(kancolle),4,0
19875,rogue_(x-men),4,0
19876,narusawa_ryouka,4,0
19877,madoka_aguri,4,0
19878,saori_(swimsuit)_(blue_archive),4,0
19879,uchiha_obito,4,0
19880,pecorine_(summer)_(princess_connect!),4,0
19881,shimura_shinpachi,4,0
19882,utsumi_erice_(lancer),4,0
19883,robin_(arknights),4,0
19884,cassidy_(overwatch),4,0
19885,axel_(kingdom_hearts),4,0
19886,meguriya_ayumu,4,0
19887,budew,4,0
19888,lucky_lilac_(umamusume),4,0
19889,adepta_sororitas,4,0
19890,sura_(ragnarok_online),4,0
19891,shizuko_(blue_archive),4,0
19892,vigna_(arknights),4,0
19893,hatono_chihiro,4,0
19894,bell_cranel,4,0
19895,chaos_marie_(grimms_notes),4,0
19896,helena_blavatsky_(caster)_(fate),4,0
19897,kiriko_(overwatch),4,0
19898,hanasaki_miyabi,4,0
19899,kuroko_tetsuya,4,0
19900,transformed_ditto,4,0
19901,queen_marika_the_eternal,4,0
19902,aria_pokoteng,4,0
19903,ikezawa_hanako,4,0
19904,arahashi_tabi,4,0
19905,puniru_(puniru_wa_kawaii_slime),4,0
19906,diglett,4,0
19907,gardenia_(pokemon),4,0
19908,aegislash,4,0
19909,yamada_tae,4,0
19910,shauna_(pokemon),4,0
19911,no._21_(pgr),4,0
19912,puck_(re:zero),4,0
19913,leonie_pinelli,4,0
19914,ushiwakamaru_(second_ascension)_(fate),4,0
19915,magus_(zenless_zone_zero),4,0
19916,mysta_rias,4,0
19917,kobayakawa_rinko,4,0
19918,ellen_baker,4,0
19919,kuroka_(high_school_dxd),4,0
19920,serie_(sousou_no_frieren),4,0
19921,z46_(azur_lane),4,0
19922,unohana_retsu,4,0
19923,yuri_briar,4,0
19924,evanescia_(honkai:_star_rail),4,0
19925,ribbon_(kirby),4,0
19926,pauline_(nintendo),4,0
19927,player_palico,4,0
19928,endou_mamoru,4,0
19929,papi_(monster_musume),4,0
19930,meganium,4,0
19931,hitachi_mako,4,0
19932,futatsuiwa_mamizou_(human),4,0
19933,schwertkreuz,4,0
19934,enomoto_noa,4,0
19935,tsukahara_hibiki,4,0
19936,ebisu_eika,4,0
19937,koshirae_tsurugi_(m.m),4,0
19938,gotoh_hitori_(octopus),4,0
19939,idia_shroud,4,0
19940,tenryuu_(swimsuit)_(kancolle),4,0
19941,weedy_(arknights),4,0
19942,mishou_mai,4,0
19943,hikami_sumire,4,0
19944,kingprotea_(fate),4,0
19945,matilda_bouanich,4,0
19946,pearl_(off_the_hook_outfit)_(splatoon),4,0
19947,hinata_yukari,4,0
19948,momone_momo,4,0
19949,carmen_(project_moon),4,0
19950,pinkie_pie,4,0
19951,prince_of_lan_ling_(fate),4,0
19952,julia_(idolmaster),4,0
19953,natsuki_rin,4,0
19954,mlynar_(arknights),4,0
19955,scathach_(third_ascension)_(fate),4,0
19956,son_biten,4,0
19957,himemiya_tori,4,0
19958,cherino_(blue_archive),4,0
19959,togawa_sakiko_(master_of_melodia),4,0
19960,anko_(gochiusa),4,0
19961,yamanin_zephyr_(umamusume),4,0
19962,pidgey,4,0
19963,murasaki_shikibu_(first_ascension)_(fate),4,0
19964,rune_knight_(ragnarok_online),4,0
19965,growlithe,4,0
19966,yamanbagiri_kunihiro,4,0
19967,naruko_(naruto),4,0
19968,minakami_mai,4,0
19969,amity_blight,4,0
19970,cure_twinkle,4,0
19971,bao_the_whale,4,0
19972,daifuku_(yukihana_lamy),4,0
19973,rotom_(normal),4,0
19974,kurosu_aroma,4,0
19975,okita_souji_alter_(second_ascension)_(fate),4,0
19976,karlach,4,0
19977,amano_pikamee,4,0
19978,habetrot_(fate),4,0
19979,marina_(blue_archive),4,0
19980,xavier_(love_and_deepspace),4,0
19981,nefer_(genshin_impact),4,0
19982,bb_dubai_(fate),4,0
19983,female_robin_(grima)_(fire_emblem),4,0
19984,illyasviel_von_einzbern_(beast_style),4,0
19985,shimamura_hougetsu,4,0
19986,katsuragi_ace_(dragon_rising_to_the_top)_(umamusume),4,0
19987,taiki_shuttle_(wild_frontier)_(umamusume),4,0
19988,jack_howl,4,0
19989,mythra_(radiant_beach)_(xenoblade),4,0
19990,matsuoka_rin,4,0
19991,argalia_(project_moon),4,0
19992,zekrom,4,0
19993,cure_flora,4,0
19994,sidon,4,0
19995,kuroyukihime,4,0
19996,blossom_(ppg),4,0
19997,luna_(honkai_impact),4,0
19998,malkuth_(project_moon),4,0
19999,tokarev_(girls'_frontline),4,0
20000,frankenstein's_monster_(swimsuit_saber)_(fate),4,0
20001,hanzo_(overwatch),4,0
20002,kaminari_denki,4,0
20003,amada_ken,4,0
20004,genos,4,0
20005,kaname_buccaneer,4,0
20006,ozen,4,0
20007,kumbhira_(granblue_fantasy),4,0
20008,marcille_donato_(lord),4,0
20009,minea_(dq4),4,0
20010,komasan,4,0
20011,lain_paterson_(1st_costume),4,0
20012,yuki_miku_(2011),4,0
20013,spike_spiegel,4,0
20014,heles,4,0
20015,broly_(dragon_ball_z),4,0
20016,zhuang_fangyi_(arknights),4,0
20017,namine,4,0
20018,hector_(fate),4,0
20019,belno_light_(umamusume),4,0
20020,vampire_(azur_lane),4,0
20021,professor_shinonome,4,0
20022,metagross,4,0
20023,spamton_g._spamton,4,0
20024,kuriyama_mirai,4,0
20025,sakura_bakushin_o_(blossom_in_learning)_(umamusume),4,0
20026,pipkin_pippa,4,0
20027,sugimoto_reimi,4,0
20028,mettaton,4,0
20029,tyranitar,4,0
20030,shiragiku_hotaru,4,0
20031,yuegui_(genshin_impact),4,0
20032,lily_(vocaloid),4,0
20033,male_endministrator_(arknights),4,0
20034,irys_(irys_1.0)_(hololive),4,0
20035,sena_ajisai,4,0
20036,limealicious,4,0
20037,karna_(fate/apocrypha),4,0
20038,boros_(ouro_kronii),4,0
20039,sakaki_yuya,4,0
20040,clemont_(pokemon),4,0
20041,kozume_kenma,4,0
20042,aika_granzchesta,4,0
20043,hachune_miku,4,0
20044,barbara_(summertime_sparkle)_(genshin_impact),4,0
20045,suou_yuki,4,0
20046,crownslayer_(arknights),4,0
20047,ishtar_(fire_emblem),4,0
20048,m._bison,4,0
20049,shiranui_flare_(old_design),4,0
20050,inui_sajuna,4,0
20051,touyouryuu-san,4,0
20052,rorolina_frixell,4,0
20053,juufuutei_raden_(1st_costume),4,0
20054,oogaki_chiaki,4,0
20055,soldier_11_(zenless_zone_zero),4,0
20056,hydreigon,4,0
20057,astel_leda,4,0
20058,queen_of_sheba_(fate),4,0
20059,misogi_(princess_connect!),4,0
20060,amaterasu_(ookami),4,0
20061,klan_klein,4,0
20062,ichijou_ririka_(1st_costume),4,0
20063,nero_claudius_(olympian_bloomers)_(fate),4,0
20064,morgan_le_fay_(queen_of_winter)_(fate),4,0
20065,shirai_yuyu,4,0
20066,kanade_izuru,4,0
20067,shimizu_hinako,4,0
20068,ninetales,4,0
20069,shamir_nevrand,4,0
20070,clair_(pokemon),4,0
20071,shizuna_rem_misurugi,4,0
20072,rupee_(nikke),4,0
20073,amagi_rinne,4,0
20074,ookurikara,4,0
20075,fuura_kafuka,4,0
20076,elan_ceres,4,0
20077,dark_sun_gwyndolin,4,0
20078,jigen_daisuke,4,0
20079,urbosa,4,0
20080,shiroko_(cycling)_(blue_archive),4,0
20081,asari_nanami,4,0
20082,catura_(granblue_fantasy),4,0
20083,rockhopper_penguin_(kemono_friends),4,0
20084,shuten_douji_(first_ascension)_(fate),4,0
20085,ende_(chihuri),4,0
20086,fushi_(cho_kaguya-hime!),4,0
20087,gwendolyn_(odin_sphere),4,0
20088,myne_(honzuki_no_gekokujou),4,0
20089,hisuian_typhlosion,4,0
20090,selena_(pgr),4,0
20091,ookami_mio_(street),4,0
20092,misaka_worst,4,0
20093,ariel_(disney),4,0
20094,yae_sakura_(goushinnso_memento),4,0
20095,gaia_(ff14),4,0
20096,kanno_naoe,4,0
20097,amagi_hiiro,4,0
20098,parlor_dragonmaid,4,0
20099,van_arkride,4,0
20100,carrot_(one_piece),4,0
20101,iguro_obanai,4,0
20102,numby_(honkai:_star_rail),4,0
20103,orie_ballardiae_harada,4,0
20104,luke_sullivan,4,0
20105,death-sensei_(mori_calliope),4,0
20106,nurse_joy,4,0
20107,hinoa,4,0
20108,carol_malus_dienheim,4,0
20109,fugue_(honkai:_star_rail),4,0
20110,strict_nun_(diva),4,0
20111,nanakusa_hazuki,4,0
20112,ahiru_(princess_tutu),4,0
20113,tamamo_cat_(second_ascension)_(fate),4,0
20114,ch'en_the_holungday_(arknights),4,0
20115,yukino_(blue_archive),4,0
20116,graf_eisen,4,0
20117,shamal,4,0
20118,the_world_(stand),4,0
20119,gundam_aerial,4,0
20120,pidgeot,4,0
20121,nero_claudius_(bride)_(second_ascension)_(fate),4,0
20122,cinnabar_(houseki_no_kuni),4,0
20123,dooby,4,0
20124,valkyrie_(apex_legends),4,0
20125,tezcatlipoca_(first_ascension)_(fate),4,0
20126,kimura_natsuki,4,0
20127,hiradaira_chisaki,4,0
20128,ryouna_(senran_kagura),4,0
20129,cure_berry,4,0
20130,igawa_asagi,4,0
20131,louie_(pikmin),4,0
20132,gabriel_tenma_white,4,0
20133,kagerou_kai_ni_(kancolle),4,0
20134,hidaka_ai,4,0
20135,kearsarge_(azur_lane),4,0
20136,mareep,4,0
20137,sameko_saba_(1st_costume),4,0
20138,maestrale_(kancolle),4,0
20139,felicia_(fire_emblem),4,0
20140,roy_(pokemon),4,0
20141,victorica_de_blois,4,0
20142,venera-sama,4,0
20143,mast_(nikke),4,0
20144,cilan_(pokemon),4,0
20145,tamamura_gunzo,4,0
20146,rory_mercury,4,0
20147,igarashi_rika,4,0
20148,gible,4,0
20149,beelzebub_(helltaker),4,0
20150,tendou_nabiki,4,0
20151,gentoo_penguin_(kemono_friends),4,0
20152,palkia,4,0
20153,hanako_nana,4,0
20154,busujima_saeko,4,0
20155,victini,4,0
20156,clara_(honkai:_star_rail),4,0
20157,vf-1,4,0
20158,wanderer_(ragnarok_online),4,0
20159,yuuno_scrya,4,0
20160,asia_argento,4,0
20161,hat_kid,4,0
20162,yuzuki_yukari_(shizuku),4,0
20163,yui_tsuruno,4,0
20164,hatsune_miku_(vocaloid4),4,0
20165,space_ishtar_(fate),4,0
20166,francis_drake_(fate),4,0
20167,super_sailor_moon,4,0
20168,kanbe_kotori,4,0
20169,nanase_haruka_(free!),4,0
20170,mai_(touhou),4,0
20171,aomine_daiki,4,0
20172,protagonist_(pso2),4,0
20173,inaba_meguru,4,0
20174,seele_vollerei_(stygian_nymph),4,0
20175,wicke_(pokemon),4,0
20176,veronica_(dq11),4,0
20177,mutsuki_(dress)_(blue_archive),4,0
20178,sirfetch'd,4,0
20179,ekubo_(mob_psycho_100),4,0
20180,genetic_(ragnarok_online),4,0
20181,tooth_fairy_(reverse:1999),4,0
20182,ripple_star_queen,4,0
20183,owari_akane,4,0
20184,rafayel_(love_and_deepspace),4,0
20185,lee_(arknights),4,0
20186,yamabuki_saya,4,0
20187,yuugiri_(zombie_land_saga),4,0
20188,houshou_marine_(marching_band),4,0
20189,applejack,4,0
20190,oryou_(girls_und_panzer),4,0
20191,tweyen_(granblue_fantasy),4,0
20192,dialga,4,0
20193,veronica_(fire_emblem),4,0
20194,mugetsu_(touhou),4,0
20195,yagami_iori,4,0
20196,sotheby,4,0
20197,evil_twin_lil-la,4,0
20198,nonohara_yuzuko,4,0
20199,yukino_bijin_(umamusume),4,0
20200,dola_(nijisanji),4,0
20201,cordelia_(fire_emblem),4,0
20202,nara_shikamaru,4,0
20203,cure_passion,4,0
20204,akagi_towa,4,0
20205,centorea_shianus,4,0
20206,klavier_gavin,4,0
20207,noah_(xenoblade),4,0
20208,hatsushimo_kai_ni_(kancolle),4,0
20209,stalker_(ragnarok_online),4,0
20210,horn_(arknights),4,0
20211,kageyama_ritsu,4,0
20212,koromaru_(persona),4,0
20213,sananana_(cookie),4,0
20214,feldt_grace,4,0
20215,neneko_mashiro,4,0
20216,fu_hua_(azure_empyrea),4,0
20217,caenis_(second_ascension)_(fate),4,0
20218,noelle_silva,4,0
20219,xayah,4,0
20220,minami_rena,4,0
20221,ikusaba_daisuke,4,0
20222,nyon_(randal's_friends),4,0
20223,eugeo,4,0
20224,simon_henriksson,4,0
20225,shimushu_(kancolle),4,0
20226,cure_muse_(yellow),4,0
20227,kawakaze_kai_ni_(kancolle),4,0
20228,ghost_miku_(project_voltage),4,0
20229,xinyan_(genshin_impact),4,0
20230,saileach_(arknights),4,0
20231,maribel_(dq7),4,0
20232,hummy_(precure),4,0
20233,konngara_(touhou),4,0
20234,edd_(eddsworld),4,0
20235,tonimura_yui,4,0
20236,psylocke_(vengeance),4,0
20237,tachibana_taki,4,0
20238,sakamoto_(nichijou),4,0
20239,shiori_(princess_connect!),4,0
20240,sirin,4,0
20241,whisperain_(arknights),4,0
20242,cure_rosetta,4,0
20243,miramikaru_riran,4,0
20244,yamanaka_sawako,4,0
20245,ima-no-tsurugi,4,0
20246,ade_(nikke),4,0
20247,alisaie_leveilleur,4,0
20248,hakuryuu_(inazuma_eleven),4,0
20249,luka_(mon-musu_quest!),4,0
20250,sayla_mass,4,0
20251,mini_durin_(genshin_impact),4,0
20252,the_dahlia_(honkai:_star_rail),4,0
20253,gebura_(project_moon),4,0
20254,hanazono_tae,4,0
20255,denia_(wuthering_waves),4,0
20256,big_boss,4,0
20257,felicia_hardy,4,0
20258,cure_beat,4,0
20259,grea_(shingeki_no_bahamut),4,0
20260,marius_von_hagen_(tears_of_themis),4,0
20261,utage_(summer_flowers)_(arknights),4,0
20262,tamamo_no_mae_(swimsuit_lancer)_(third_ascension)_(fate),4,0
20263,ryoubi_(senran_kagura),4,0
20264,yui_shousetsu_(fate),4,0
20265,aokumo_rin,4,0
20266,jellyfish_(splatoon),4,0
20267,reuniclus,4,0
20268,istina_(arknights),4,0
20269,momomiya_ichigo,4,0
20270,kana_anaberal,4,0
20271,soul_evans,4,0
20272,buront,4,0
20273,knight_(ragnarok_online),4,0
20274,tenkubashi_tomoka,4,0
20275,chikuma_kai_ni_(kancolle),4,0
20276,pandemonica_(helltaker),4,0
20277,lapis_(fire_emblem),4,0
20278,rarity_(my_little_pony),4,0
20279,es_(xblaze),4,0
20280,reona_west,4,0
20281,bubbles_(ppg),4,0
20282,meiou_setsuna,4,0
20283,nier_(granblue_fantasy),4,0
20284,gwen_tennyson,4,0
20285,pyukumuku,4,0
20286,sukeban_(smg)_(blue_archive),4,0
20287,futaki_kanata,4,0
20288,sharkboo_(zenless_zone_zero),4,0
20289,takamachi_nanoha_(sacred_mode),4,0
20290,yukikaze_kai_ni_(kancolle),4,0
20291,ryunosuke_naruhodo,4,0
20292,crobat,4,0
20293,ooji_mochizou,4,0
20294,prince_of_samantoria,4,0
20295,ushiromiya_rosa,4,0
20296,eiko_carol,4,0
20297,yesod_(project_moon),4,0
20298,bernadetta_von_varley_(timeskip),4,0
20299,plasma-chan_(kancolle),4,0
20300,wishiwashi,4,0
20301,sophia_(fire_emblem),4,0
20302,monika_weisswind,4,0
20303,caro_ru_lushe,4,0
20304,croissant_(arknights),4,0
20305,la_pluma_(summer_flowers)_(arknights),4,0
20306,barasuishou,4,0
20307,harmonie_(arknights),4,0
20308,angel_dust,4,0
20309,k/da_all_out_evelynn,4,0
20310,inu_sakuya_(nejikirio),4,0
20311,akagi_ritsuko,4,0
20312,illuga_(genshin_impact),4,0
20313,ephraim_(fire_emblem),4,0
20314,olivia_(fire_emblem),4,0
20315,dan_heng_(permansor_terrae)_(honkai:_star_rail),4,0
20316,ebenholz_(arknights),4,0
20317,taunie_(pokemon),4,0
20318,rappa_(honkai:_star_rail),4,0
20319,hoozuki_(hoozuki_no_reitetsu),4,0
20320,iris_heart_(neptunia),4,0
20321,iris_(mega_man),4,0
20322,violet_(persona_5),4,0
20323,spheal,4,0
20324,shin'you_(kancolle),4,0
20325,shino_hajime,4,0
20326,kobayakawa_yutaka,4,0
20327,kuraishi_ringo_(glassy0302),4,0
20328,spider-man_(2099),4,0
20329,ibara_mayaka,4,0
20330,prompto_argentum,4,0
20331,cernunnos_(fate),4,0
20332,grani_(arknights),4,0
20333,noelle_holiday_(dark_world),4,0
20334,shirakiin_ririchiyo,4,0
20335,chieru_(princess_connect!),4,0
20336,velma_dinkley,4,0
20337,mimi_(princess_connect!),4,0
20338,mukaido_manaka,4,0
20339,gold_ship_(run_revolt_launcher)_(umamusume),4,0
20340,kaizuka_inaho,4,0
20341,hatsune_mikuo,4,0
20342,protagonist_2_(housamo),4,0
20343,isabella_valentine,4,0
20344,atsuko_(swimsuit)_(blue_archive),4,0
20345,carnelian_(arknights),4,0
20346,chise_(swimsuit)_(blue_archive),4,0
20347,goomba,4,0
20348,ranger_(kancolle),4,0
20349,super_creek_(murmuring_stream)_(umamusume),4,0
20350,neutral_chao,4,0
20351,player_character_(female)_(degrees_of_lewdity),4,0
20352,houshou_marine_(businesswoman),4,0
20353,tsubaki_yayoi,4,0
20354,vivian_banshee_(iris_of_the_shore),4,0
20355,sora_(nikke),4,0
20356,yotsuyu_goe_brutus,4,0
20357,kotomine_kirei_(fate/zero),4,0
20358,doomguy,4,0
20359,kashima_(lawson)_(kancolle),4,0
20360,windsong_(reverse:1999),4,0
20361,sin_mal,4,0
20362,kirito_(sao-ggo),4,0
20363,nu_gundam,4,0
20364,kusakabe_misao,4,0
20365,mikura_(kancolle),4,0
20366,miyamori_aoi,4,0
20367,giratina_(origin),4,0
20368,pola_(azur_lane),4,0
20369,maria_marionette,4,0
20370,ogasawara_sachiko,4,0
20371,hinatsuki_mikan,4,0
20372,dorothy_west,4,0
20373,tenten_(naruto),4,0
20374,mogador_(azur_lane),4,0
20375,shirakawa_yuina,4,0
20376,hina_(girls_band_cry),4,0
20377,karenina_(pgr),4,0
20378,magical_sapphire,4,0
20379,lysandre_(pokemon),4,0
20380,alicia_florence,4,0
20381,huang_lingyin,4,0
20382,aak_(arknights),4,0
20383,nonohara_akane,4,0
20384,lucia_(scott_malin),4,0
20385,morgan_le_fay_(first_ascension)_(fate),4,0
20386,alsace_(azur_lane),4,0
20387,sakaki_(azumanga_daioh),4,0
20388,pheromosa,4,0
20389,warspite_(azur_lane),4,0
20390,makoto_(genshin_impact),4,0
20391,lumen_(arknights),4,0
20392,escoffier_(genshin_impact),4,0
20393,sirius_symboli_(feroce)_(umamusume),4,0
20394,silvers_rayleigh,4,0
20395,tamaki_ui,4,0
20396,yana_(chihuri),4,0
20397,kogure_ruka,4,0
20398,agnes_tachyon_(lunatic_lab)_(umamusume),4,0
20399,esdeath,4,0
20400,towa_herschel,4,0
20401,fluorite_(arknights),4,0
20402,oberon_(first_ascension)_(fate),4,0
20403,yamagishi_yukako,4,0
20404,springfield_(cafe)_(girls'_frontline),4,0
20405,sakurai_touko,4,0
20406,gypsy_(ragnarok_online),4,0
20407,koganei_niko,4,0
20408,smart_falcon_(love_4ever)_(umamusume),4,0
20409,rockruff,4,0
20410,akaashi_keiji,4,0
20411,yao_guang_(honkai:_star_rail),4,0
20412,miriam_(pokemon),4,0
20413,hei_(darker_than_black),4,0
20414,shinguuji_sakura,4,0
20415,neeko_(league_of_legends),4,0
20416,scary_monsters_(stand),4,0
20417,daitaku_helios_(fun_fun_party_night)_(umamusume),4,0
20418,aircraft_carrier_oni,4,0
20419,xiao_weiying,4,0
20420,kenny_mccormick,4,0
20421,mikisugi_aikurou,4,0
20422,kama_(assassin)_(second_ascension)_(fate),4,0
20423,banzoin_hakka,4,0
20424,minnie_mouse,4,0
20425,pyro_(tf2),4,0
20426,klaudia_valentz,4,0
20427,fu_hua_(phoenix),4,0
20428,laharl,4,0
20429,ace_trappola,4,0
20430,otomachi_una_(talkex),4,0
20431,beeswax_(arknights),4,0
20432,felix_argyle,4,0
20433,kuma_(human)_(persona_4),4,0
20434,ouzuka_mai,4,0
20435,shizuki_hitomi,4,0
20436,sof_(blue_archive),4,0
20437,suzumura_sango,4,0
20438,weavile,4,0
20439,alcremie_(vanilla_cream),4,0
20440,koizumi_itsuki_(female),4,0
20441,pac-man,4,0
20442,wis'adel_(arknights),4,0
20443,astaroth_(shinrabanshou),4,0
20444,kirisaki_chitoge,4,0
20445,huai_yunqing,4,0
20446,elize_lutus,4,0
20447,rikku_(ff10),4,0
20448,ezreal,4,0
20449,anchorage_(azur_lane),4,0
20450,ahsoka_tano,4,0
20451,judy_hopps,4,0
20452,tachibana_miya,4,0
20453,cure_butterfly,4,0
20454,shirogane_miyuki,4,0
20455,caulifla,4,0
20456,silver_wolf_(lv.999)_(honkai:_star_rail),4,0
20457,hermione_granger,4,0
20458,hayashio_(kancolle),4,0
20459,dratini,4,0
20460,yuitsuka_inori,4,0
20461,whisper_(youkai_watch),4,0
20462,elizabeth_liones,4,0
20463,cure_wonderful,4,0
20464,archie_(pokemon),4,0
20465,remielle_dan,4,0
20466,sono_midoriko,4,0
20467,usugumo_(kancolle),4,0
20468,nea_(chihuri),4,0
20469,southern_italy_(hetalia),4,0
20470,anise_tatlin,4,0
20471,himeragi_yukina,4,0
20472,eelektross,4,0
20473,fletchling,4,0
20474,heidimarie_w._schnaufer,4,0
20475,floette,4,0
20476,rukkhadevata_(genshin_impact),4,0
20477,grace_ashcroft,4,0
20478,van_gogh_(first_ascension)_(fate),4,0
20479,ushiromiya_lion,4,0
20480,witch_(puyopuyo),4,0
20481,nyen_(randal's_friends),4,0
20482,natu,4,0
20483,kanzaki_kaori,4,0
20484,isshiki_akane,4,0
20485,arcana_(nikke),4,0
20486,sazaki_kaoruko,4,0
20487,loves_only_you_(umamusume),4,0
20488,himekawa_yoshino,4,0
20489,mousse_(ranma_1/2),4,0
20490,guile,4,0
20491,yaeno_muteki_(umamusume),4,0
20492,lilith_(hazbin_hotel),4,0
20493,filo_(tate_no_yuusha_no_nariagari),4,0
20494,ushio_kai_ni_(kancolle),4,0
20495,meowstic,4,0
20496,yan_vismok,4,0
20497,phantom_(arknights),4,0
20498,minoto,4,0
20499,ereshkigal_(swimsuit_beast)_(fate),4,0
20500,child_gilgamesh_(fate),4,0
20501,dire_wolf_(kemono_friends),4,0
20502,abby_(wuthering_waves),4,0
20503,amamiya_hibiya,4,0
20504,murkrow,4,0
20505,cure_nyammy,4,0
20506,lloyd_irving,4,0
20507,zoya_petrovna_vecheslova,4,0
20508,akechi_anna,4,0
20509,sky_striker_ace_-_roze,4,0
20510,blue_rose_(tiger_&_bunny),4,0
20511,vei_(vtuber),4,0
20512,sakurada_shiro_(hy_plus),4,0
20513,takasugi_shinsuke,4,0
20514,luther_von_ivory,4,0
20515,ermes_costello,4,0
20516,nakatsu_shizuru,4,0
20517,yukihana_lamy_(roomwear),4,0
20518,flame_reaver_of_the_deepest_dark,4,0
20519,elfilin,4,0
20520,senri_tsurubami,4,0
20521,princess_of_the_crystal,4,0
20522,jahoda_(genshin_impact),4,0
20523,ichijou_hotaru,4,0
20524,mitsugashira_enoko,4,0
20525,jogasaki_noah,4,0
20526,nerissa_ravencroft_(casual),4,0
20527,kazuma_asogi,4,0
20528,3.1-tan,4,0
20529,togame_momoko,4,0
20530,fran_(ff12),4,0
20531,seelie_(genshin_impact),4,0
20532,velvet_(nikke),4,0
20533,archetto_(arknights),4,0
20534,giovanni_(pokemon),4,0
20535,onoe_serika,4,0
20536,sitonai_(fate),4,0
20537,vaggie,4,0
20538,yabuki_kana,4,0
20539,milfeulle_sakuraba,4,0
20540,mirai_(senran_kagura),4,0
20541,la_manchaland's_don_quixote_(project_moon),4,0
20542,chesed_(project_moon),4,0
20543,yuubari_kai_ni_(kancolle),4,0
20544,dobrynya_nikitich_(fate),4,0
20545,kongou_(aoki_hagane_no_arpeggio),4,0
20546,shidou_hikaru,4,0
20547,yui_(sao),4,0
20548,makoto_(princess_connect!),4,0
20549,one_(cevio),4,0
20550,moroboshi_ataru,4,0
20551,mihama_chiyo,4,0
20552,stan_marsh,4,0
20553,rena_lanford,4,0
20554,hungry_nun_(diva),4,0
20555,gold_city_(authentic/1928)_(umamusume),4,0
20556,abyssal_admiral_(kancolle),4,0
20557,lotte_jansson,4,0
20558,unown,4,0
20559,tatsunami_shion,4,0
20560,regis_altare,4,0
20561,kageyama_tobio,4,0
20562,ruru_amour,4,0
20563,idw_(girls'_frontline),4,0
20564,zygarde,4,0
20565,kawashima_mizuki,4,0
20566,groudon,4,0
20567,doma_umaru,4,0
20568,annie_(league_of_legends),4,0
20569,arjuna_alter_(fate),4,0
20570,saegusa_akina,4,0
20571,neo_universe_(universe-naut)_(umamusume),4,0
20572,american_beaver_(kemono_friends),4,0
20573,quattro_bajeena,4,0
20574,blue_mary,4,0
20575,fairy_maid_(touhou),4,0
20576,kiyohime_(second_ascension)_(fate),4,0
20577,sheep_nun_(diva),4,0
20578,lurantis,4,0
20579,tsareena,4,0
20580,lifeline_(apex_legends),4,0
20581,kotama_(blue_archive),4,0
20582,mine_fujiko,4,0
20583,krile_mayer_baldesion_(ff5),4,0
20584,void_shiki,4,0
20585,hirato_(kancolle),4,0
20586,okumura_rin,4,0
20587,tenshouin_eichi,4,0
20588,storm_(x-men),4,0
20589,servbot_(mega_man),4,0
20590,shigure_kokoro,4,0
20591,itou_chika,4,0
20592,corsola,4,0
20593,fiora_(xenoblade),4,0
20594,alolan_exeggutor,4,0
20595,ebisuzawa_kurumi,4,0
20596,marianne_von_edmund_(timeskip),4,0
20597,genocider_sho,4,0
20598,agent_(girls'_frontline),4,0
20599,trianne_(honkai:_star_rail),4,0
20600,oldest_dream,4,0
20601,sakurako_(idol)_(blue_archive),4,0
20602,cure_honey,4,0
20603,craft_lawrence,4,0
20604,fairy_miku_(project_voltage),4,0
20605,eliwood_(fire_emblem),4,0
20606,tsurugi_kyousuke,4,0
20607,sweetheart_(omori),4,0
20608,tio_plato,4,0
20609,shirley_fenette,4,0
20610,gooey_(kirby),4,0
20611,kirifuji_nozomi,4,0
20612,claude_von_riegan_(timeskip),4,0
20613,aegir_(housamo),4,0
20614,waltrud_krupinski,4,0
20615,haruhara_haruko,4,0
20616,richelieu_(azur_lane),4,0
20617,purple_heart_(lost_purple)_(neptunia),4,0
20618,asseylum_vers_allusia,4,0
20619,suou_pavlichenko,4,0
20620,poison_ivy,4,0
20621,mitsuki_felicia,4,0
20622,rapunzel_(disney),4,0
20623,lara_croft,4,0
20624,yukikaze_panettone,4,0
20625,kise_ryouta,4,0
20626,gol_d._roger,4,0
20627,hoshino_(armed)_(blue_archive),4,0
20628,astra_militarum,4,0
20629,lapis_lazuli_(houseki_no_kuni),4,0
20630,palla_(fire_emblem),4,0
20631,nero_claudius_(swimsuit_caster)_(third_ascension)_(fate),4,0
20632,nino_(fire_emblem),4,0
20633,shuten_douji_(halloween_caster)_(fate),4,0
20634,melone,4,0
20635,bonnie_(pokemon),4,0
20636,sakura_chiyono_o_(strength_in_full_bloom)_(umamusume),4,0
20637,katsushika_hokusai_(swimsuit_saber)_(fate),4,0
20638,wednesday_addams,4,0
20639,perroccino_(fuwamoco),4,0
20640,ginga_nakajima,4,0
20641,alisa_reinford,4,0
20642,komakusa_sannyo,4,0
20643,dusk_(everything_is_a_miracle)_(arknights),4,0
20644,jessica_(reverse:1999),4,0
20645,zubat,4,0
20646,power_girl,4,0
20647,hinata_(swimsuit)_(blue_archive),4,0
20648,zenobia_(fate),4,0
20649,selen_tatsuki_(1st_costume),4,0
20650,elaine_auclair,4,0
20651,shirogane_noel_(summer_2020),4,0
20652,kid_(chrono_cross),4,0
20653,allen_avadonia,4,0
20654,i-47_(kancolle),4,0
20655,daybit_sem_void,4,0
20656,hero's_daughter_(dq5),4,0
20657,black-haired_demon_girl_(shimmer),4,0
20658,yak_(kemono_friends),4,0
20659,okazaki_ushio,4,0
20660,takemaru_(housamo),4,0
20661,atri,4,0
20662,kiryu_coco_(loungewear),4,0
20663,nausicaa,4,0
20664,ray_(arknights),4,0
20665,hiodoshi_ao_(1st_costume),4,0
20666,d_(nikke),4,0
20667,sinon_(sao-alo),4,0
20668,fujiwara_hajime,4,0
20669,alvin_(tales),4,0
20670,marie_antoinette_(rider)_(fate),4,0
20671,qin_liangyu_(fate),4,0
20672,mutsuki_(azur_lane),4,0
20673,sigurd_(fate),4,0
20674,prince_of_wales_(azur_lane),4,0
20675,thelema_nutriscu,4,0
20676,s.a.t.8_(girls'_frontline),4,0
20677,starly,4,0
20678,brief_(psg),4,0
20679,miles_morales,4,0
20680,daiwa_scarlet_(casual)_(umamusume),4,0
20681,arcee,4,0
20682,kuja,4,0
20683,hishi_akebono_(umamusume),4,0
20684,lyn_(blade_&_soul),4,0
20685,anya_alstreim,4,0
20686,axel_syrios,4,0
20687,lethe_(fire_emblem),4,0
20688,takane_(blue_archive),4,0
20689,halsin,4,0
20690,dokibird_(retro_doki),4,0
20691,sett_(league_of_legends),4,0
20692,kenjou_akira,4,0
20693,iida_tenya,4,0
20694,chuatury_panlunch,4,0
20695,cid_highwind,4,0
20696,ribombee,4,0
20697,cham_cham,4,0
20698,donald_duck,4,0
20699,endou_saya,4,0
20700,hanamichi_ran,4,0
20701,takano_miyo,4,0
20702,ryuuzaki_umi,4,0
20703,salamence,4,0
20704,gorgon_(fate),4,0
20705,fushimi_gaku,4,0
20706,tristana_(league_of_legends),4,0
20707,moonlight_flower,4,0
20708,necro_(guilty_gear),4,0
20709,kurumi_(lycoris_recoil),4,0
20710,koga_koharu,4,0
20711,chloe_(pokemon),4,0
20712,muffet,4,0
20713,yakishio_lemon,4,0
20714,evil_twin_ki-sikil,4,0
20715,takanashi_kiara_(fever_night),4,0
20716,todoroki_hajime_(1st_costume),4,0
20717,kohaku_(dr._stone),4,0
20718,shioriha_ruri,4,0
20719,gquuuuuux,4,0
20720,sasaki_ran,4,0
20721,nathan_seymour,4,0
20722,taiwan_(hetalia),4,0
20723,airi_(queen's_blade),4,0
20724,sarashina_ruka,4,0
20725,udagawa_ako,4,0
20726,sariel_(touhou),4,0
20727,einhard_stratos,4,0
20728,schezo_wegey,4,0
20729,tifa_lockhart_(refined_dress),4,0
20730,erina_pendleton,4,0
20731,lize_helesta_(4th_costume),4,0
20732,seta_kaoru,4,0
20733,ray_(aotu_world),4,0
20734,nishizono_mio,4,0
20735,k/da_akali,4,0
20736,sherlock_holmes_(fate),4,0
20737,ryu_lion,4,0
20738,suzi_q,4,0
20739,mutsuki_(new_year)_(blue_archive),4,0
20740,cure_magical,4,0
20741,fire_keeper,4,0
20742,heroine_(lovebrush_chronicles),4,0
20743,cure_idol,4,0
20744,tategami_aoi,4,0
20745,roxanne_(pokemon),4,0
20746,captain_spaceboy,4,0
20747,bardock,4,0
20748,kobayashi_mikuru,4,0
20749,apricot_the_lich,4,0
20750,meika_hime,4,0
20751,glasses_nun_(diva),4,0
20752,eri_(boku_no_hero_academia),4,0
20753,chevalier_d'eon_(fate),4,0
20754,fujimaru_ritsuka_(female)_(brilliant_summer),4,0
20755,shiki_(senran_kagura),4,0
20756,messmer_the_impaler,4,0
20757,duskull,4,0
20758,white_lion_(kemono_friends),4,0
20759,syndra,4,0
20760,shyrei_faolan,4,0
20761,bewear,4,0
20762,ratna_petit,4,0
20763,rotom_dex,4,0
20764,dancer_(final_fantasy),4,0
20765,sakura_haruka_(wind_breaker),4,0
20766,tonbokiri_(touken_ranbu),4,0
20767,dokibird_(bounty_hunter),4,0
20768,himiko_(fate),4,0
20769,mutsu-no-kami_yoshiyuki,4,0
20770,enjoji_jin,4,0
20771,chimecho,4,0
20772,modernia_(nikke),4,0
20773,galarian_ponyta,4,0
20774,trinnon_(honkai:_star_rail),4,0
20775,soundwave_(transformers),4,0
20776,watson_amelia_(street_casual),4,0
20777,timerra_(fire_emblem),4,0
20778,black-tailed_prairie_dog_(kemono_friends),4,0
20779,roserade,4,0
20780,blacksmith_(ragnarok_online),4,0
20781,five-seven_(girls'_frontline),4,0
20782,jamie_siu,4,0
20783,fujibayashi_ryou,4,0
20784,sampo_koski,4,0
20785,yorktown_(azur_lane),4,0
20786,nilou_(breeze_of_sabaa)_(genshin_impact),4,0
20787,m16a1_(boss)_(girls'_frontline),4,0
20788,cael_anselm,4,0
20789,trapinch,4,0
20790,qingming_bird_(zenless_zone_zero),4,0
20791,tokiha_mai,4,0
20792,sakimiya_iruka,4,0
20793,mist_(fire_emblem),4,0
20794,sasori_(naruto),4,0
20795,gentilhomme_usher,4,0
20796,gokotai's_tigers,4,0
20797,alkaid_mcgrath,4,0
20798,ronald_mcdonald,4,0
20799,nisshin_(kancolle),4,0
20800,sonny_brisko,4,0
20801,dunkerque_(azur_lane),4,0
20802,ushiromiya_natsuhi,4,0
20803,sakuma_rei_(ensemble_stars!),4,0
20804,matou_shinji,4,0
20805,drayton_(pokemon),4,0
20806,mabel_pines,4,0
20807,land_(sousou_no_frieren),4,0
20808,yamanouchi_kano,4,0
20809,wigglytuff,4,0
20810,europa_(granblue_fantasy),4,0
20811,snowball_(overwatch),4,0
20812,niya_(blue_archive),4,0
20813,seele_vollerei_(starchasm_nyx),4,0
20814,teddiursa,4,0
20815,hosomi_shizuko,4,0
20816,hierophant_green,4,0
20817,natsu_dragneel,4,0
20818,nosh_(fate),4,0
20819,akai_haato_(gothic_lolita),4,0
20820,caterpie,4,0
20821,tiphereth_a_(project_moon),4,0
20822,african_penguin_(kemono_friends),4,0
20823,nishikata,4,0
20824,reno_(ff7),4,0
20825,alfonse_(fire_emblem),4,0
20826,kronie_(ouro_kronii),4,0
20827,nakiri_ayame_(streetwear),4,0
20828,aizawa_kazuha,4,0
20829,antonio_lopez,4,0
20830,citrinne_(fire_emblem),4,0
20831,huyan_zhuo_(fate),4,0
20832,ryoma_(fire_emblem),4,0
20833,bambietta_basterbine,4,0
20834,k2_(girls'_frontline),4,0
20835,yowai_totoko,4,0
20836,irelia,4,0
20837,meowfficer_(azur_lane),4,0
20838,sadamori_himeka,4,0
20839,baizhu_(genshin_impact),4,0
20840,bailu_(honkai:_star_rail),4,0
20841,katsushika_hokusai_(first_ascension)_(fate),4,0
20842,asagiri_gen,4,0
20843,ning_hai_(azur_lane),4,0
20844,fukae_(kancolle),4,0
20845,goshiki_agiri,4,0
20846,kushieda_minori,4,0
20847,kujou_miyako,4,0
20848,rfb_(girls'_frontline),4,0
20849,tosaki_mimi,4,0
20850,nakagawa_nana,4,0
20851,tiffania_westwood,4,0
20852,mori_calliope_(sleepwear),4,0
20853,ump40_(girls'_frontline),4,0
20854,chloe_(fire_emblem),4,0
20855,virgilia_(umineko),4,0
20856,aircraft_carrier_princess,4,0
20857,klee_(blossoming_starlight)_(genshin_impact),4,0
20858,tatsugiri_(curly),4,0
20859,yuiman_asama,4,0
20860,kusanagi_kyou,4,0
20861,classic_sonic,4,0
20862,matsumae_ohana,4,0
20863,tougou_mimori,4,0
20864,hatenna,4,0
20865,li_sushang,4,0
20866,kumatora,4,0
20867,mikage_reo,4,0
20868,svd_(girls'_frontline),4,0
20869,ceruledge,4,0
20870,ichihime,4,0
20871,narita_brian_(maverick)_(umamusume),4,0
20872,mad_hatter_(alice_in_wonderland),4,0
20873,enomoto_takane,4,0
20874,rocket_raccoon,4,0
20875,marie_antoinette_alter_(fate),4,0
20876,nightwing,4,0
20877,elie_macdowell,4,0
20878,sakurai_rihoko,4,0
20879,rieszverne_suzette_paladill,4,0
20880,undine_(guilty_gear),4,0
20881,sekiro,4,0
20882,nier_(brother),4,0
20883,kishido_temma,4,0
20884,yu_(arknights),4,0
20885,loba_(apex_legends),4,0
20886,urbain_(pokemon),4,0
20887,bb_(swimsuit_mooncancer)_(first_ascension)_(fate),4,0
20888,shu_(spring_feast)_(arknights),4,0
20889,kouzuki_momonosuke,4,0
20890,summoner_(ragnarok_online),4,0
20891,loona_(helluva_boss),4,0
20892,surtr_(liberte_echec)_(arknights),4,0
20893,shinn_asuka,4,0
20894,makina_nakajima,4,0
20895,vila_(reverse:1999),4,0
20896,takao_(aoki_hagane_no_arpeggio),4,0
20897,nika_nanaura,4,0
20898,kenmochi_touya_(1st_costume),4,0
20899,hasshaku-sama,4,0
20900,mineta_minoru,4,0
20901,fine_(futagohime),4,0
20902,mano_aloe,4,0
20903,takaishi_takeru,4,0
20904,poliwag,4,0
20905,belle_(delicate_sunlight)_(zenless_zone_zero),4,0
20906,amethio_(pokemon),4,0
20907,hiramitsu_hinata,4,0
20908,miyaura_sanshio,4,0
20909,kiawe_(pokemon),4,0
20910,cecil_harvey,4,0
20911,walpurgisnacht_(madoka_magica),4,0
20912,kagurazaka_asuna,4,0
20913,yuki_(touhou),4,0
20914,honolulu_(kancolle),4,0
20915,merchant_(ragnarok_online),4,0
20916,taisa_(cookie),4,0
20917,saemonza_(girls_und_panzer),4,0
20918,tamada_tamaki,4,0
20919,chinchou,4,0
20920,maruyama_saki,4,0
20921,mugino_shizuri,4,0
20922,akikawa_yayoi_(umamusume),4,0
20923,chansey,4,0
20924,mademoiselle_crabaletta,4,0
20925,kama_(assassin)_(third_ascension)_(fate),4,0
20926,kuze_shizuka,4,0
20927,kanon_(umineko),4,0
20928,aragami_oga,4,0
20929,asakusa_midori,4,0
20930,tangtang_(arknights),4,0
20931,jeff_the_land_shark,4,0
20932,etou_kanami,4,0
20933,luna_(pgr),4,0
20934,michinoku_komaro,4,0
20935,helena_(kancolle),4,0
20936,briar_(league_of_legends),4,0
20937,omegamon,4,0
20938,pan_yinhu,4,0
20939,chou-10cm-hou-chan_(akizuki's),4,0
20940,blaidd_the_half-wolf,4,0
20941,hamaguchi_ayame,4,0
20942,asgore_dreemurr,4,0
20943,floragato,4,0
20944,yuri_(dirty_pair),4,0
20945,voyager_(fate),4,0
20946,vlad_iii_(fate/apocrypha),4,0
20947,frankenstein's_monster_(fate/apocrypha),4,0
20948,candy_(precure),4,0
20949,yuuki_rito,4,0
20950,elsword_(character),4,0
20951,katalina_(granblue_fantasy),4,0
20952,ekko_(league_of_legends),4,0
20953,black_jack_(character),4,0
20954,suzuran_(yukibare)_(arknights),4,0
20955,sasaki_kojirou_(fate),4,0
20956,sei_shounagon_(first_ascension)_(fate),4,0
20957,princess_(princess_principal),4,0
20958,sakurai_masahiro,4,0
20959,cubone,4,0
20960,henya_the_genius,4,0
20961,ogin_(girls_und_panzer),4,0
20962,abigail_williams_(swimsuit_foreigner)_(first_ascension)_(fate),4,0
20963,tsubaki_(guide)_(blue_archive),4,0
20964,unicorn_gundam,4,0
20965,artoria_caster_(first_ascension)_(fate),4,0
20966,ansel_(arknights),4,0
20967,kukuri_(mawaru),4,0
20968,elf_(dragon's_crown),4,0
20969,brighid_(xenoblade),4,0
20970,ganyu_(twilight_blossom)_(genshin_impact),4,0
20971,meika_mikoto,4,0
20972,catria_(fire_emblem),4,0
20973,takigawa_miu,4,0
20974,selphie_tilmitt,4,0
20975,takasugi_shinsaku_(fate),4,0
20976,neo_asari,4,0
20977,de_ruyter_(kancolle),4,0
20978,vera_(pgr),4,0
20979,shiota_nagisa,4,0
20980,mimino_kurumi,4,0
20981,kagura_(azumanga_daioh),4,0
20982,nyto_(girls'_frontline),4,0
20983,cerebella_(skullgirls),4,0
20984,yamagami_karuta,4,0
20985,waddle_doo,4,0
20986,asta_(honkai:_star_rail),4,0
20987,igarashi_kyou_(eroe),4,0
20988,dipper_pines,4,0
20989,jasmine_(disney),4,0
20990,prinz_heinrich_(azur_lane),4,0
20991,kishibe_(chainsaw_man),4,0
20992,hikawa_iona,4,0
20993,seele_vollerei_(swallowtail_phantasm),4,0
20994,lava_(arknights),4,0
20995,asumi_sena,4,0
20996,ling_xiaoyu,4,0
20997,audino,4,0
20998,shuu_(inazuma_eleven),4,0
20999,shizuru_(princess_connect!),4,0
21000,kuchinashi_dabi,4,0
21001,ayn_alwyn,4,0
21002,spider-man_(miles_morales),4,0
21003,kaya_(blue_archive),4,0
21004,evangeline_a.k._mcdowell,4,0
21005,jabami_yumeko,4,0
21006,snow_white_(disney),4,0
21007,ceres_fauna_(goth),4,0
21008,scarlet_witch,4,0
21009,lucifero_(guilty_gear),4,0
21010,zeraora,4,0
21011,hazama,4,0
21012,seyren_windsor,4,0
21013,sceptile,4,0
21014,sweep_tosho_(platanus_witch)_(umamusume),4,0
21015,seina_(kyata_ti666),4,0
21016,orfevre_(control)_(umamusume),4,0
21017,kaburagi_kaede,4,0
21018,zayne_(love_and_deepspace),4,0
21019,ukuru_(kancolle),4,0
21020,meerkat_(kemono_friends),4,0
21021,katou_danzou_(fate),4,0
21022,constantine_xi_(fate),4,0
21023,frankie_foster,4,0
21024,gangut_dva_(kancolle),4,0
21025,narmaya_(summer)_(granblue_fantasy),4,0
21026,souya_(kancolle),4,0
21027,tsukada_satoru,4,0
21028,red_blood_cell_(hataraku_saibou),4,0
21029,wanda_maximoff,4,0
21030,giratina_(altered),4,0
21031,ryouko_(tenchi_muyou!),4,0
21032,wishiwashi_(solo),4,0
21033,charlotte_corday_(fate),4,0
21034,elysia_(summer_miss_elf)_(honkai_impact),4,0
21035,bondrewd,4,0
21036,iwasaki_minami,4,0
21037,cliffheart_(arknights),4,0
21038,nayuta_(nikke),4,0
21039,seras_victoria,4,0
21040,shiina_noriko,4,0
21041,queen_(persona_5),4,0
21042,komori_kiri,4,0
21043,cheelai,4,0
21044,sushang_(honkai:_star_rail),4,0
21045,ayatsuno_yuni,4,0
21046,morpeko_(hangry),4,0
21047,nakajima_(girls_und_panzer),4,0
21048,wild_tiger,4,0
21049,mydei_(fig_stew)_(honkai:_star_rail),4,0
21050,formidable_(the_lady_of_the_beach)_(azur_lane),4,0
21051,toxtricity,4,0
21052,ishida_yamato,4,0
21053,princess_leia,4,0
21054,mirage_(apex_legends),4,0
21055,impa,4,0
21056,kurumi_(touhou),4,0
21057,kaiboukan_no._4_(kancolle),4,0
21058,ana_(overwatch),4,0
21059,sideroca_(arknights),4,0
21060,mint_blancmanche,4,0
21061,anjo_nala,4,0
21062,koseki_bijou_(casual),4,0
21063,wallace_(pokemon),4,0
21064,sig_(puyopuyo),4,0
21065,raikou,4,0
21066,lucia_elowen,4,0
21067,sunna_(afternoon_tea_break)_(zenless_zone_zero),4,0
21068,sophia_(reverse:1999),4,0
21069,takane_manaka,4,0
21070,tao_blu_(splatoon),4,0
21071,kiyama_hiroto,4,0
21072,kouyama_rin,4,0
21073,alca_(wakatanka4),4,0
21074,matsuoka_miu,4,0
21075,yonomori_kobeni,4,0
21076,mahira_(granblue_fantasy),4,0
21077,rice_shower_(casual)_(umamusume),4,0
21078,naihe_(female)_(touqi_guaitan),4,0
21079,kei_(dirty_pair),4,0
21080,stylist_(nikki),4,0
21081,tadano_hitohito,4,0
21082,myoukou_kai_ni_(kancolle),4,0
21083,cygnet_(azur_lane),4,0
21084,ishtar_(first_ascension)_(fate),4,0
21085,shiratori_aira_(ensemble_stars!),4,0
21086,sorey_(tales),4,0
21087,momoe_nagisa_(magical_girl),4,0
21088,barghest_(second_ascension)_(fate),4,0
21089,cell_(dragon_ball),4,0
21090,argenti_(honkai:_star_rail),4,0
21091,hashida_itaru,4,0
21092,frenda_seivelun,4,0
21093,a.b.a,4,0
21094,nakano_yuka,4,0
21095,kinako_(40hara),4,0
21096,medusa_(shingeki_no_bahamut),4,0
21097,ichijou_seiya,4,0
21098,dog_(mixed_breed)_(kemono_friends),4,0
21099,artem_wing_(tears_of_themis),4,0
21100,nessie_(respawn),4,0
21101,takino_tomo,4,0
21102,miyadeguchi_mizuchi,4,0
21103,mina_(blue_archive),4,0
21104,girl_holding_a_cat_(kancolle),4,0
21105,dainsleif_(genshin_impact),4,0
21106,senomiya_akiho,4,0
21107,emperor_(arknights),4,0
21108,ch'en_(ageless_afterglow)_(arknights),4,0
21109,vyn_richter_(tears_of_themis),4,0
21110,grim_aloe,4,0
21111,anubis_(mythology),4,0
21112,haaton_(akai_haato),4,0
21113,jewelry_bonney,4,0
21114,korrina_(pokemon),4,0
21115,yukoku_roberu,4,0
21116,baobhan_sith_(swimsuit_pretender)_(third_ascension)_(fate),4,0
21117,emma_(yakusoku_no_neverland),4,0
21118,candice_(pokemon),4,0
21119,miyagi_ryouta,4,0
21120,lucia:_plume_(pgr),4,0
21121,shimiko_(magical)_(blue_archive),4,0
21122,hector_(fire_emblem),4,0
21123,takenouchi_sora,4,0
21124,ghiaccio,4,0
21125,roccia_(wuthering_waves),4,0
21126,mirai_akari,4,0
21127,flint_(girls_und_panzer),4,0
21128,amemiya_darumi,4,0
21129,gran_alegria_(umamusume),4,0
21130,captain_falcon,4,0
21131,himura_kenshin,4,0
21132,angela_(seiken_densetsu_3),4,0
21133,tenma_maemi,4,0
21134,goku_black,4,0
21135,diantha_(pokemon),4,0
21136,ohr_(blue_archive),4,0
21137,kitchen_dragonmaid,4,0
21138,miyuki_kazuya,4,0
21139,luce_(jubilee_2025),4,0
21140,alcryst_(fire_emblem),4,0
21141,peter_griffin,4,0
21142,sasha_(haguhagu),4,0
21143,sharpedo,4,0
21144,gigi_andalusia,4,0
21145,b.b._hood,4,0
21146,protagonist_4_(housamo),4,0
21147,yuudachi_kai_ni_(swimsuit)_(kancolle),4,0
21148,munna,4,0
21149,lars_rorschach,4,0
21150,patamon,4,0
21151,katt_(breath_of_fire),4,0
21152,quilava,4,0
21153,komari_chika,4,0
21154,lass_(pokemon),4,0
21155,yune_(fire_emblem),4,0
21156,pleinair,4,0
21157,miteiru_(shirakami_fubuki),4,0
21158,seiyouryuu-san,4,0
21159,mount_lady,4,0
21160,edward_teach_(fate),4,0
21161,bloom_poetry_(shining_nikki),4,0
21162,suzunari_shizuku,4,0
21163,locke_cole,4,0
21164,jason_voorhees,4,0
21165,brid_(nikke),4,0
21166,ventus_(kingdom_hearts),4,0
21167,neru_(school_uniform)_(blue_archive),4,0
21168,hisuian_zoroark,4,0
21169,rapi_(red_hood)_(red_flavor)_(nikke),4,0
21170,niwamaru_(niwarhythm),4,0
21171,kagura_mea,4,0
21172,tetra,4,0
21173,shiratama_mikan,4,0
21174,senkawa_minato,4,0
21175,new_jersey_(exhilarating_steps!)_(azur_lane),4,0
21176,tifa_lockhart_(shining_spirit),4,0
21177,chrome_dokuro,4,0
21178,druvis_iii,4,0
21179,lucifer_(shingeki_no_bahamut),4,0
21180,spain_(hetalia),4,0
21181,toki_(school_uniform)_(blue_archive),4,0
21182,ghetsis_(pokemon),4,0
21183,pomu_rainpuff_(1st_costume),4,0
21184,baobhan_sith_(second_ascension)_(fate),4,0
21185,shiiko_sugai,4,0
21186,aisaki_emiru,4,0
21187,natalia_luzu_kimlasca_lanvaldear,4,0
21188,shiro_(no_game_no_life),4,0
21189,amane_kanata_(nurse),4,0
21190,geo_stelar_(mega_man),4,0
21191,tokoyami_towa_(cyberpunk),4,0
21192,artoria_pendragon_(royal_icing)_(fate),4,0
21193,inaba_mob_(touhou),4,0
21194,crystal_exarch,4,0
21195,narita_top_road_(the_proud_road)_(umamusume),4,0
21196,giovanna_(guilty_gear),4,0
21197,tirpitz_(azur_lane),4,0
21198,fubuki_shirou,4,0
21199,amitie_(puyopuyo),4,0
21200,toon_zelda,4,0
21201,luo_binghe,4,0
21202,clefable,4,0
21203,atsushi_toushirou,4,0
21204,joshua_bright,4,0
21205,oberon_(second_ascension)_(fate),4,0
21206,ardbert_hylfyst,4,0
21207,sawatari_makoto,4,0
21208,jururu,4,0
21209,wild_geese,4,0
21210,rachel_gardner,4,0
21211,delia_ketchum,4,0
21212,sung_jin-woo,4,0
21213,kyle_broflovski,4,0
21214,arima_senne,4,0
21215,ace_trainer_(pokemon),4,0
21216,korwa,4,0
21217,komichi_aya,4,0
21218,white_len_(tsukihime),4,0
21219,articuno,4,0
21220,emilico_(shadows_house),4,0
21221,medicine_pocket,4,0
21222,manjoume_jun,4,0
21223,uzui_tengen,4,0
21224,kouzuki_mahiru,4,0
21225,gladiolus_amicitia,4,0
21226,kiryuu_moeka,4,0
21227,diana_(pragmata),4,0
21228,tamamo_no_mae_(spring_casual)_(fate),4,0
21229,vileplume,4,0
21230,falulu,4,0
21231,koffing,4,0
21232,geoffroy's_cat_(kemono_friends),4,0
21233,nena_trinity,4,0
21234,koshimizu_toru,4,0
21235,munakata_atsumi,4,0
21236,asami_sato,4,0
21237,red_mage_(final_fantasy),4,0
21238,sophitia_alexandra,4,0
21239,saria_(zelda),4,0
21240,hero_(dq4),4,0
21241,paldean_wooper,4,0
21242,akagi-chan_(azur_lane),4,0
21243,nightingale_(arknights),4,0
21244,provence_(arknights),4,0
21245,wolfgang_amadeus_mozart_(fate),4,0
21246,hikari_(arcaea),4,0
21247,oozora_subaru_(casual),4,0
21248,raboot,4,0
21249,shinigami_(rain_code),4,0
21250,rozalin,4,0
21251,zhuge_yuan,4,0
21252,akuma_nihmune,4,0
21253,rattata,4,0
21254,supply_depot_princess,4,0
21255,amiya_(guard)_(arknights),4,0
21256,maruzensky_(formula_r)_(umamusume),4,0
21257,player_character_(mabinogi),4,0
21258,flynn_scifo,4,0
21259,heinrike_prinzessin_zu_sayn-wittgenstein,4,0
21260,yokoyama_chika,4,0
21261,douma_(kimetsu_no_yaiba),4,0
21262,kfp_employee_(takanashi_kiara),4,0
21263,iris_(konosuba),4,0
21264,clarence_clayden,4,0
21265,yu_mei-ren_(second_ascension)_(fate),4,0
21266,pina_(sao),4,0
21267,mylene_jenius,4,0
21268,reticulated_giraffe_(kemono_friends),4,0
21269,akashi_(live_a_hero),4,0
21270,sylvie_(dorei_to_no_seikatsu),4,0
21271,amasawa_yuuko,4,0
21272,kazakami_saaya,4,0
21273,spongebob_squarepants,4,0
21274,angelia_(girls'_frontline),4,0
21275,musashi_kai_(kancolle),4,0
21276,aty_(summon_night),4,0
21277,secretive_plotter,4,0
21278,yashajin_ai,4,0
21279,dick_gumshoe,4,0
21280,minato_aqua_(school_uniform),4,0
21281,bort,4,0
21282,ellen_(touhou),4,0
21283,swampert,4,0
21284,hassel_(pokemon),4,0
21285,joker_(dc),4,0
21286,scarle_yonaguni,4,0
21287,sapphira_nyx,4,0
21288,watarai_hibari,4,0
21289,kumano_kai_ni_(kancolle),4,0
21290,hungary_(hetalia),4,0
21291,hawawa-chan_(sirokuma_shake),4,0
21292,yoshinon,4,0
21293,grim_(azur_lane),4,0
21294,mizuhara_koyomi,4,0
21295,naga_(nikke),4,0
21296,jashin-chan,4,0
21297,gene_(pso2),4,0
21298,leina_(queen's_blade),4,0
21299,himemori_luna_(sundress),4,0
21300,kinomoto_sakura_(astral_sakura),4,0
21301,doseisan,4,0
21302,tsukinaga_leo,4,0
21303,rex_lapis_(genshin_impact),4,0
21304,bounsweet,4,0
21305,dark_knight_(final_fantasy),4,0
21306,totoro,4,0
21307,ooiwa_wataru,4,0
21308,wang_liu_mei,4,0
21309,closure_(arknights),4,0
21310,bronya_zaychik_(herrscher_of_reason),4,0
21311,green_heart_(neptunia),4,0
21312,nijino_yume,4,0
21313,darth_vader,4,0
21314,chapayev_(azur_lane),4,0
21315,tsukuyomi_ai,4,0
21316,parasoul_(skullgirls),4,0
21317,takao_(beach_rhapsody)_(azur_lane),4,0
21318,lunch_(dragon_ball),4,0
21319,seiya_kou,4,0
21320,mari_(spirit)_(omori),4,0
21321,warrior_of_light_(ff1),4,0
21322,feena_(grandia),4,0
21323,pepe_(arknights),4,0
21324,hachiouji_naoto,4,0
21325,valentino_(hazbin_hotel),4,0
21326,fu_hua_(fenghuang_of_vicissitude),4,0
21327,cleopatra_(fate),4,0
21328,ooshio_kai_ni_(kancolle),4,0
21329,inumaki_toge,4,0
21330,crona_(soul_eater),4,0
21331,lilia_vanrouge,4,0
21332,maeda_toushirou,4,0
21333,feh_(fire_emblem_heroes),4,0
21334,mithrun_(young),4,0
21335,oikawa_tooru_(haikyuu!!),4,0
21336,paya_(zelda),4,0
21337,alexander_(fate),4,0
21338,uzumaki_himawari,4,0
21339,ryuushen,4,0
21340,leonardo_da_vinci_(rider)_(first_ascension)_(fate),4,0
21341,chevreuse_(genshin_impact),4,0
21342,mina_(pokemon),4,0
21343,michelle_(bang_dream!),4,0
21344,roll.exe_(mega_man),4,0
21345,yaotome_urushi,4,0
21346,mightyena,4,0
21347,tsurumaru_tsuyoshi_(umamusume),4,0
21348,eisen_(sousou_no_frieren),4,0
21349,bumblebee_(transformers),4,0
21350,groza_(girls'_frontline_2),4,0
21351,katara,4,0
21352,morgan_le_fay_(water_princess)_(fate),4,0
21353,polteageist,4,0
21354,sansei_muramasa,4,0
21355,tatebayashi_sakurako,4,0
21356,pinecone_(arknights),4,0
21357,manticore_(arknights),4,0
21358,belfast_(shopping_with_the_head_maid)_(azur_lane),4,0
21359,wally_(pokemon),4,0
21360,crimson_viper,4,0
21361,protagonist_(aogami_nahobino)_(smtv),4,0
21362,skyfire_(arknights),4,0
21363,aipom,4,0
21364,myrrh_(fire_emblem),4,0
21365,saratoga_(azur_lane),4,0
21366,hidaka_hokuto,4,0
21367,manaphy,4,0
21368,nina_(breath_of_fire_v),4,0
21369,momijiyama_teru,4,0
21370,bisharp,4,0
21371,black_lady_(sailor_moon),4,0
21372,servant_(danganronpa),4,0
21373,mechanic_(ragnarok_online),4,0
21374,m14_(girls'_frontline),4,0
21375,togata_mirio,4,0
21376,corviknight,4,0
21377,syuen_(nikke),4,0
21378,shinkai_kanata,4,0
21379,flametail_(arknights),4,0
21380,agnes_tachyon_(casual)_(umamusume),4,0
21381,volkner_(pokemon),4,0
21382,liu_qingcheng,4,0
21383,ema_skye,4,0
21384,hoshizora_ikuyo,4,0
21385,diamant_(fire_emblem),4,0
21386,pyramid_head,4,0
21387,drifblim,4,0
21388,katarina_claes,4,0
21389,lalah_sune,4,0
21390,sunday_silence_(racehorse),4,0
21391,pallas_(arknights),4,0
21392,rixia_mao,4,0
21393,hinami_(pageratta),4,0
21394,aiz_wallenstein,4,0
21395,phainon_(vigethos)_(honkai:_star_rail),4,0
21396,finn_the_human,4,0
21397,caleb_(love_and_deepspace),4,0
21398,alfred_(fire_emblem),4,0
21399,alice_liddell_(american_mcgee's_alice),4,0
21400,victorious_(azur_lane),4,0
21401,iws_2000_(girls'_frontline),4,0
21402,ilsa_(granblue_fantasy),4,0
21403,melusine_(swimsuit_ruler)_(first_ascension)_(fate),4,0
21404,miltank,4,0
21405,charlotte_aulin,4,0
21406,alisa_southerncross,4,0
21407,catherine_(project_moon),4,0
21408,yamato_kai_ni_(kancolle),4,0
21409,victreebel,4,0
21410,crazy_mita_(miside),4,0
21411,raphtalia_(young),4,0
21412,quincy_(nu_carnival),4,0
21413,mettaton_ex,4,0
21414,tamatsukuri_misumaru,4,0
21415,raiden_(metal_gear),4,0
21416,demi-fiend,4,0
21417,mineva_lao_zabi,4,0
21418,azarin_(exs-tia),4,0
21419,fae_(fire_emblem),4,0
21420,ikuta_haruki,4,0
21421,malon,4,0
21422,houshou_marine_(gothic_lolita),4,0
21423,dream_journey_(reminder_of_dreamland)_(umamusume),4,0
21424,wartortle,4,0
21425,konan_(naruto),4,0
21426,kaguya_madoka,4,0
21427,heiter,4,0
21428,wylder_(elden_ring),4,0
21429,ferdinand_von_aegir,4,0
21430,hippopotamus_(kemono_friends),4,0
21431,maruyama_akane_(22/7),4,0
21432,harmony_(splatoon),4,0
21433,constance_von_nuvelle,4,0
21434,ortlinde_(fate),4,0
21435,zero_two_(kirby),4,0
21436,murakami_(girls_und_panzer),4,0
21437,oikawa_shizuku_(moo_moo_fresh),4,0
21438,ikari_gendou,4,0
21439,crono_(chrono_trigger),4,0
21440,mikleo_(tales),4,0
21441,rena_(blue_archive),4,0
21442,guillotine_cross_(ragnarok_online),4,0
21443,haku_(sen_to_chihiro_no_kamikakushi),4,0
21444,eyjafjalla_(summer_flower)_(arknights),4,0
21445,architect_(girls'_frontline),4,0
21446,majikina_mina,4,0
21447,kawasumi_mai,4,0
21448,scott_pilgrim,4,0
21449,kouenji_sayuka,4,0
21450,salome_(one_piece),4,0
21451,scar_(wuthering_waves),4,0
21452,fujimoto_rina,4,0
21453,lan_hikari_(mega_man),4,0
21454,laura_matsuda,4,0
21455,bloodhound_(apex_legends),4,0
21456,ntw-20_(girls'_frontline),4,0
21457,lorelei_(pokemon),4,0
21458,zuifeng_tenkai,4,0
21459,okita_souji_alter_(first_ascension)_(fate),4,0
21460,dendra_(pokemon),4,0
21461,annytf,4,0
21462,margay_(kemono_friends),4,0
21463,tsutsukakushi_tsukiko,4,0
21464,shennong_(housamo),4,0
21465,if_(neptunia),4,0
21466,charlemagne_(fate),4,0
21467,kitkallos_(yu-gi-oh!),4,0
21468,iwanaga_ariya,4,0
21469,comfey,4,0
21470,krul_tepes,4,0
21471,uruha_rushia_(school_uniform),4,0
21472,nearl_the_radiant_knight_(arknights),4,0
21473,meruccubus_(merunyaa),4,0
21474,panette_(fire_emblem),4,0
21475,sano_manjirou,4,0
21476,jingburger,4,0
21477,yakumo_mitama,4,0
21478,vanillite,4,0
21479,hoopa,4,0
21480,reina_prowler,4,0
21481,6_(reverse:1999),4,0
21482,thistle_(dungeon_meshi),4,0
21483,archer_(ragnarok_online),4,0
21484,yuni_(precure),4,0
21485,natsuiro_matsuri_(matsuri's_day_off),4,0
21486,crow_tengu_extra_(touhou),4,0
21487,yagi_toshinori,4,0
21488,snow_white_(fairy_tale_character),4,0
21489,technoblade,4,0
21490,zoe_(league_of_legends),4,0
21491,petra_gurin_(1st_costume),4,0
21492,niimi_sora,4,0
21493,tingyun_(harmony)_(honkai:_star_rail),4,0
21494,akebono_kai_ni_(kancolle),4,0
21495,marui_mitsuba,4,0
21496,m4a1_(mod3)_(girls'_frontline),4,0
21497,moco_(fushigi_na_neko_no_machi_meltier),4,0
21498,oricorio,4,0
21499,lady_nagant,4,0
21500,noihara_himari,4,0
21501,reno_(azur_lane),4,0
21502,nekomata_okayu_(membership),4,0
21503,rom_(neptunia),4,0
21504,riddle_rosehearts,4,0
21505,cu_chulainn_(fate/prototype),4,0
21506,maryland_(kancolle),4,0
21507,okita_j._souji_(first_ascension)_(fate),4,0
21508,kiryuuin_ragyou,4,0
21509,hamuzou,4,0
21510,millhiore_f._biscotti,4,0
21511,tuesday_(reverse:1999),4,0
21512,stay_gold_(sunlit_outsider)_(umamusume),4,0
21513,kathryne_keyron,4,0
21514,wamuu,4,0
21515,yashiro_kizuku,4,0
21516,house_dragonmaid,4,0
21517,kagami_taiga,4,0
21518,sena_izumi_(ensemble_stars!),4,0
21519,ryomou_shimei,4,0
21520,winter_soldier,4,0
21521,tokido_saya,4,0
21522,kirarazaka_marina,4,0
21523,furutaka_kai_ni_(kancolle),4,0
21524,ogasahara_hisame,4,0
21525,shy_(character),4,0
21526,nick_wilde,4,0
21527,matsuda_arisa,4,0
21528,grimmjow_jaegerjaquez,4,0
21529,motoori_shiro,4,0
21530,shiina_mahiru_(otonari_no_tenshi-sama),4,0
21531,thrud_(fate),4,0
21532,deoxys,4,0
21533,dp-12_(girls'_frontline),4,0
21534,isuzu_kai_ni_(kancolle),4,0
21535,florina_(fire_emblem),4,0
21536,kirino_(swimsuit)_(blue_archive),4,0
21537,hassan_of_the_cursed_arm_(fate),4,0
21538,lee_(pgr),4,0
21539,cattleya_(queen's_blade),4,0
21540,ichinose_minori,4,0
21541,seki_hiromi,4,0
21542,estinien_varlineau,4,0
21543,cleffa,4,0
21544,kobo_kanaeru_(1st_costume),4,0
21545,millions_knives,4,0
21546,rock_lee,4,0
21547,fate_testarossa_(movie_1st_form),4,0
21548,fengxi_(the_legend_of_luo_xiaohei),4,0
21549,kaga_(battleship)_(azur_lane),4,0
21550,bachira_meguru,4,0
21551,zessica_wong,4,0
21552,wise_(soaring_crane)_(zenless_zone_zero),4,0
21553,hulkenberg_(metaphor:_refantazio),4,0
21554,volcarona,4,0
21555,akita_toushirou,4,0
21556,hatsune_(princess_connect!),4,0
21557,suou_(blue_archive),4,0
21558,muten_roushi,4,0
21559,kuzuha_(1st_costume)_(nijisanji),4,0
21560,elu_(nijisanji),4,0
21561,wendy_marvell,4,0
21562,kinoshita_hideyoshi,4,0
21563,saitou_ena,4,0
21564,jungle_cat_(kemono_friends),4,0
21565,hitomi_(doa),4,0
21566,robert_e._o._speedwagon,4,0
21567,ookami_mio_(hololive_summer_2019),4,0
21568,sakutarou_(umineko),4,0
21569,watarase_jun,4,0
21570,nikaidou_(dorohedoro),4,0
21571,kunashiri_(kancolle),4,0
21572,arin_(pangya),4,0
21573,alakazam,4,0
21574,nymph_(arknights),4,0
21575,pavolia_reine_(1st_costume),4,0
21576,ogami_sakura,4,0
21577,nitocris_(swimsuit_assassin)_(second_ascension)_(fate),4,0
21578,vergilius_(project_moon),4,0
21579,iwasawa_masami,4,0
21580,akershus_fortress_(oshiro_project),4,0
21581,miyabi_(senran_kagura),4,0
21582,takizawa_asuka,4,0
21583,karen_(pokemon),4,0
21584,matsudaira_touko,4,0
21585,leos_vincent,4,0
21586,sawaizumi_chiyu,4,0
21587,hayanami_(kancolle),4,0
21588,kinuhata_saiai,4,0
21589,debidebi_debiru,4,0
21590,iwatooshi,4,0
21591,shin_(dorohedoro),4,0
21592,kidou_yuuto,4,0
21593,batgirl,4,0
21594,albert_wesker,4,0
21595,lady_avalon_(second_ascension)_(fate),4,0
21596,yokune_ruko,4,0
21597,gallagher_(honkai:_star_rail),4,0
21598,thanatos_(persona),4,0
21599,roux_louka,4,0
21600,ando_tazusa,4,0
21601,tanigawa_kanna,4,0
21602,shenhe_(frostflower_dew)_(genshin_impact),4,0
21603,luocha_(honkai:_star_rail),4,0
21604,arurandeisu,4,0
21605,encore_(wuthering_waves),4,0
21606,kitsu_chiri,4,0
21607,sailor_pluto,4,0
21608,sonia_strumm_(mega_man),4,0
21609,saigyou_ayakashi,4,0
21610,light_dragon_(zelda),4,0
21611,red_(among_us),4,0
21612,hanami_kotoha,4,0
21613,katou_umi,4,0
21614,hokko_tarumae_(star_light_ship)_(umamusume),4,0
21615,azuma_(azur_lane),4,0
21616,minamoto_shizuka,4,0
21617,diabellze_the_original_sinkeeper,4,0
21618,director_chimera_(spy_x_family),4,0
21619,atalanta_alter_(fate),4,0
21620,rosa_farrell,4,0
21621,hisaishi_kanade,4,0
21622,fate_testarossa_(true_sonic_form),4,0
21623,shirahoshi,4,0
21624,solomon_(fate),4,0
21625,rillaboom,4,0
21626,belial_(granblue_fantasy),4,0
21627,mew_ichigo,4,0
21628,robo_frostor,4,0
21629,itzpapa_(genshin_impact),4,0
21630,saionji_mary,4,0
21631,toki_kureha,4,0
21632,nephis_(shadow_slave),4,0
21633,ashe_(league_of_legends),4,0
21634,linhardt_von_hevring,4,0
21635,hirose_yasuho,4,0
21636,ramza_beoulve,4,0
21637,maiden_(nikke),4,0
21638,sherlock_shellingford,4,0
21639,ana_coppola,4,0
21640,date_masamune_(sengoku_basara),4,0
21641,inuyama_tamaki,4,0
21642,bili_girl_33,4,0
21643,yahagi_kai_ni_(kancolle),4,0
21644,akiyama_rinko,4,0
21645,sekai_(cevio),4,0
21646,hiryuu_kai_ni_(kancolle),4,0
21647,houzouin_oniwaka,4,0
21648,marche_lorraine_(umamusume),4,0
21649,ash_(titanfall_2),4,0
21650,super_sonic,4,0
21651,flora_(dq5),4,0
21652,shalltear_bloodfallen,4,0
21653,beanstalk_(arknights),4,0
21654,dedue_molinaro,4,0
21655,azumaya_haruka,4,0
21656,lampent,4,0
21657,yumeoi_kakeru,4,0
21658,katsushika_hokusai_(second_ascension)_(fate),4,0
21659,teepo_(tales),4,0
21660,pascal_(tales),4,0
21661,kaidou_(one_piece),4,0
21662,vox_(hazbin_hotel),4,0
21663,kiana_kaslana_(ba-dum!_fiery_wishing_star),4,0
21664,villetta_nu,4,0
21665,viktor_(league_of_legends),4,0
21666,percival_(granblue_fantasy),4,0
21667,kazami_yuuji,4,0
21668,saotome_genma_(panda),4,0
21669,ayin_(project_moon),4,0
21670,antonio_salieri_(second_ascension)_(fate),4,0
21671,bronya_zaychik_(herrscher_of_truth),4,0
21672,leona_(league_of_legends),4,0
21673,morgana_(league_of_legends),4,0
21674,erika_(blue_archive),4,0
21675,casca_(berserk),4,0
21676,eyjafjalla_the_hvit_aska_(arknights),4,0
21677,kaminari_qpi,4,0
21678,kurobe_natsumi,4,0
21679,aozaki_touko,4,0
21680,hanabatake_chaika,4,0
21681,zombie_fairy_(touhou),4,0
21682,fukuda_noriko,4,0
21683,manon_legrand,4,0
21684,suou_tatsuya,4,0
21685,x_(reverse:1999),4,0
21686,luigi_torelli_(kancolle),4,0
21687,irisviel_von_einzbern_(angel's_song),4,0
21688,yuuhi_riri,4,0
21689,etie_(fire_emblem),4,0
21690,framme_(fire_emblem),4,0
21691,flonne_(fallen_angel),4,0
21692,sasha_waybright,4,0
21693,kefla_(dragon_ball),4,0
21694,sen_(granblue_fantasy),4,0
21695,pandoria_(xenoblade),4,0
21696,heroine_(dq3),4,0
21697,doronjo,4,0
21698,kaga_nazuna,4,0
21699,yarai_miu,4,0
21700,steelix,4,0
21701,milo_(pokemon),4,0
21702,haxorus,4,0
21703,battleship_water_oni,4,0
21704,kisaragi_ren_(vspo!),4,0
21705,setsu_(gnosia),4,0
21706,kagami_hayato,4,0
21707,shaw_(arknights),4,0
21708,rebecca_miyamoto,4,0
21709,kama_(swimsuit_avenger)_(third_ascension)_(fate),4,0
21710,beni-enma_(first_ascension),4,0
21711,deux_murasame,4,0
21712,raiden_mei_(herrscher_of_origin),4,0
21713,aerith_gainsborough_(red_dress),4,0
21714,ignis_scientia,4,0
21715,yuuki_chihiro,4,0
21716,jacques_de_molay_(foreigner)_(fate),4,0
21717,falkner_(pokemon),4,0
21718,bremerton_(kung_fu_cruiser)_(azur_lane),4,0
21719,chitose_sana,4,0
21720,jahy,4,0
21721,kukulkan_(fate),4,0
21722,wolf_(league_of_legends),4,0
21723,maruruk,4,0
21724,shadow_milk_cookie,4,0
21725,akinashi_haru,4,0
21726,k/da_ahri,4,0
21727,sakurako_(justina_uniform)_(blue_archive),4,0
21728,takamine_midori,4,0
21729,jinu_(kpop_demon_hunters),4,0
21730,hermit_purple,4,0
21731,rapidash,4,0
21732,todoroki_yachiyo,4,0
21733,harada_mutei,4,0
21734,hiro_(hidamari_sketch),4,0
21735,michael_kaiser,4,0
21736,kiyohime_(first_ascension)_(fate),4,0
21737,yuri_(project_moon),4,0
21738,batsubyou,4,0
21739,cure_milky,4,0
21740,youko_(girls_und_panzer),4,0
21741,horkeu_kamui,4,0
21742,shigure_kai_san_(swimsuit)_(kancolle),4,0
21743,rina_atherina,4,0
21744,ex-rumia,4,0
21745,azula,4,0
21746,saint-louis_(azur_lane),4,0
21747,houshou_marine_(nun),4,0
21748,yagami_makino,4,0
21749,enderman,4,0
21750,ultraman,4,0
21751,kaguya_(blue_archive),4,0
21752,angeal_hewley,4,0
21753,yellow_(among_us),4,0
21754,sagiri_(swimsuit)_(kancolle),4,0
21755,meira_(touhou),4,0
21756,alphys,4,0
21757,biyoo_(omniscient_reader's_viewpoint),4,0
21758,anne_boonchuy,4,0
21759,alban_knox,4,0
21760,shinomiya_karen,4,0
21761,shizuhara_hiruko,4,0
21762,guinaifen_(honkai:_star_rail),4,0
21763,ushiromiya_eva,4,0
21764,lockon_stratos,4,0
21765,airi_(the_infernal_temptress),4,0
21766,dion_lesage,4,0
21767,yuki_miku_(2019),4,0
21768,tsukino_(pageratta),4,0
21769,tenochtitlan_(second_ascension)_(fate),4,0
21770,miyanaga_teru,4,0
21771,ohishi_izumi,4,0
21772,south_dakota_(azur_lane),4,0
21773,rikka_(holostars),4,0
21774,iona_(aoki_hagane_no_arpeggio),4,0
21775,copano_rickey_(yin-yang_bagua_lucky_costume)_(umamusume),4,0
21776,abigail_williams_(emerald_float)_(fate),4,0
21777,katy_(pokemon),4,0
21778,lambda-11,4,0
21779,kamijou_kyousuke,4,0
21780,ulquiorra_cifer,4,0
21781,tearlaments_kitkallos,4,0
21782,yoshida_masaki,4,0
21783,asclepius_(fate),4,0
21784,sayaka_(saru_getchu),4,0
21785,saikawa_riko,4,0
21786,swirlix,4,0
21787,richter_belmont,4,0
21788,sessyoin_kiara_(swimsuit_mooncancer)_(second_ascension),4,0
21789,commandant_(pgr),4,0
21790,thanatos_(hades),4,0
21791,kriemhild_(fate),4,0
21792,senya_(dq11),4,0
21793,sumire_(blue_archive),4,0
21794,vignette_tsukinose_april,4,0
21795,maruzensky_(hot_summer_night)_(umamusume),4,0
21796,niko_(oneshot),4,0
21797,severa_(fire_emblem),4,0
21798,team_skull_grunt,4,0
21799,sekishiro_mico,4,0
21800,el_condor_pasa_(el_numero_1)_(umamusume),4,0
21801,doujima_ryoutarou,4,0
21802,nina_(breath_of_fire_ii),4,0
21803,llenn_(sao),4,0
21804,celty_sturluson,4,0
21805,ikaros,4,0
21806,vermeil_(arknights),4,0
21807,sakuranomiya_maika,4,0
21808,igawa_sakura,4,0
21809,inugami_korone_(roomwear),4,0
21810,cure_macaron,4,0
21811,catwoman,4,0
21812,tanikaze_amane,4,0
21813,mia_fey,4,0
21814,mujina,4,0
21815,kenjaku,4,0
21816,chamber_dragonmaid,4,0
21817,kamisaki_hikaru,4,0
21818,grim_reaper,4,0
21819,ha-class_destroyer,4,0
21820,jiyan_(wuthering_waves),4,0
21821,u-olga_marie,4,0
21822,meloco_kyoran,4,0
21823,ae-3803,4,0
21824,lila_decyrus,4,0
21825,poniko,4,0
21826,black_widow,4,0
21827,rosetta_(granblue_fantasy),4,0
21828,kaito_(vocaloid3),4,0
21829,kazama_souta,4,0
21830,flamebringer_(arknights),4,0
21831,kujou_hikari,4,0
21832,snuffy_(vtuber),4,0
21833,cassandra_alexandra,4,0
21834,miyauchi_renge,4,0
21835,ram_(neptunia),4,0
21836,suu_(monster_musume),4,0
21837,ophelia_phamrsolone,4,0
21838,recoleta_(reverse:1999),4,0
21839,hanabusa_lisa,4,0
21840,young_zelda,4,0
21841,elysium_(arknights),4,0
21842,makaino_ririmu_(5th_costume),4,0
21843,higekiri_(touken_ranbu),4,0
21844,araki_hina,4,0
21845,litchi_faye_ling,4,0
21846,aircraft_carrier_water_oni,4,0
21847,marle_(chrono_trigger),4,0
21848,poyoyo_(nakiri_ayame),4,0
21849,ye_shunguang_(enlightened_state),4,0
21850,leoparde_(mahou_shoujo_ni_akogarete),4,0
21851,menace_(queen's_blade),4,0
21852,kuzu_suzumi,4,0
21853,matsuda_chiyohiko,4,0
21854,misaki_(swimsuit)_(blue_archive),4,0
21855,anemone_(eureka_seven),4,0
21856,ayla_(chrono_trigger),4,0
21857,mei_mei_(jujutsu_kaisen),4,0
21858,malleus_draconia,4,0
21859,bravern,4,0
21860,oda_nobunaga_(swimsuit_berserker)_(first_ascension)_(fate),4,0
21861,hakaze_kaoru,4,0
21862,taiyou_(kancolle),4,0
21863,hibiscus_(arknights),4,0
21864,gepard_landau,4,0
21865,pikl_(elira_pendora),4,0
21866,yumekawa_yui,4,0
21867,ainz_ooal_gown,4,0
21868,linnea_(genshin_impact),4,0
21869,viral_(ttgl),4,0
21870,duchess_(elden_ring),4,0
21871,cure_yell,4,0
21872,eternal_sugar_cookie,4,0
21873,taki_(soulcalibur),4,0
21874,flora_(fire_emblem),4,0
21875,nui_sociere_(1st_costume),4,0
21876,leviathan_(nikke),4,0
21877,hibiki_wataru,4,0
21878,tohsaka_rin_(fate/zero),4,0
21879,pollux_(fate),4,0
21880,pathfinder_(apex_legends),4,0
21881,balalaika_(black_lagoon),4,0
21882,jane_doe_(nocturne_of_light)_(zenless_zone_zero),4,0
21883,momosuzu_nene_(casual),4,0
21884,kotori_(takanashi_kiara),4,0
21885,winged_pikmin,4,0
21886,vivlos_(voyage_etincelant)_(umamusume),4,0
21887,fuyukawa_kagari,4,0
21888,southern_tamandua_(kemono_friends),4,0
21889,methode_(sousou_no_frieren),4,0
21890,sword_maiden,4,0
21891,musharna,4,0
21892,marie_rose_(devilish_servant_against_the_splashing_waves),4,0
21893,bili_girl_22,4,0
21894,sakurazaki_setsuna,4,0
21895,kim_kitsuragi,4,0
21896,sajou_ayaka_(fate/strange_fake),4,0
21897,revenant_(apex_legends),4,0
21898,crown_(nikke),4,0
21899,yu_mei-ren_(first_ascension)_(fate),4,0
21900,asagami_fujino,4,0
21901,olga_marie_animusphere_(unbeast),4,0
21902,bidoof,4,0
21903,yuzuki_roa,4,0
21904,marco_(one_piece),4,0
21905,mash_kyrielight_(ortenaus),4,0
21906,katsura_kotonoha,4,0
21907,gaming_(genshin_impact),4,0
21908,sophie_hatter_(howl_no_ugoku_shiro),4,0
21909,flutterpage,4,0
21910,glimmer_(xenoblade),4,0
21911,alphinaud_leveilleur,4,0
21912,weather_report,4,0
21913,himari_(armed)_(blue_archive),4,0
21914,kinoshita_hinata,4,0
21915,prushka,4,0
21916,firion,4,0
21917,cool_mita_(miside),4,0
21918,ouro_kronii_(4th_costume),4,0
21919,edytha_rossmann,4,0
21920,sabotender,4,0
21921,amagiri_(kancolle),4,0
21922,nakahara_chuuya_(bungou_stray_dogs),4,0
21923,bamboo_memory_(umamusume),4,0
21924,colphne_(girls'_frontline_2),4,0
21925,kohibari_kurumi,4,0
21926,matsuoka_gou,4,0
21927,artorias_the_abysswalker,4,0
21928,adol_christin,4,0
21929,kurobe_nanoka,4,0
21930,aladdin_(magi),4,0
21931,hououji_fuu,4,0
21932,namikaze_minato,4,0
21933,angel_girl_(shimmer),4,0
21934,ashe_ubert,4,0
21935,bianca_(pgr),4,0
21936,moze_(honkai:_star_rail),4,0
21937,emiya_alter,4,0
21938,milim_nava,4,0
21939,hirako_shinji,4,0
21940,yamanami_keisuke_(fate),4,0
21941,purrloin,4,0
21942,akigumo_kai_ni_(kancolle),4,0
21943,curly_brace,4,0
21944,nikaido_chizuru,4,0
21945,tamba_akari,4,0
21946,elysia_(peachy_spring)_(honkai_impact),4,0
21947,amae_koromo,4,0
21948,stranger_(omori),4,0
21949,nobi_nobita,4,0
21950,gabumon,4,0
21951,ade_(agent_bunny)_(nikke),4,0
21952,tanigawa_ruri,4,0
21953,jessica_the_liberated_(arknights),4,0
21954,milly_ashford,4,0
21955,fischl_(ein_immernachtstraum)_(genshin_impact),4,0
21956,kikyou_(inuyasha),4,0
21957,fiona_frost,4,0
21958,kokonoe_(blazblue),4,0
21959,rapunzel_(nikke),4,0
21960,saito_nicole,4,0
21961,dorothea_arnault_(timeskip),4,0
21962,cheese-kun,4,0
21963,saegusa_ibara,4,0
21964,mulberry_(arknights),4,0
21965,mon3tr_(summon)_(arknights),4,0
21966,vita_(lone_planetfarer)_(honkai_impact),4,0
21967,takayama_haruka,4,0
21968,minior,4,0
21969,kasumi_(princess_connect!),4,0
21970,perfumer_(arknights),4,0
21971,mayu_(vocaloid),4,0
21972,shoto_(vtuber),4,0
21973,bready_(nikke),4,0
21974,uzumaki_kushina,4,0
21975,rin_(senran_kagura),4,0
21976,peke_(to_love-ru),4,0
21977,kasen_kanesada,4,0
21978,rimuru_tempest_(slime),4,0
21979,golisopod,4,0
21980,she-hulk,4,0
21981,funada_ui,4,0
21982,kotonomiya_yuki,4,0
21983,hellagur_(arknights),4,0
21984,crazy_diamond,4,0
21985,mejiro_mcqueen_(ripple_fairlady)_(umamusume),4,0
21986,lily_(ender_lilies),4,0
21987,tan_yang_(kancolle),4,0
21988,tome_of_the_night_sky,4,0
21989,captain_nemo_(first_ascension)_(fate),4,0
21990,shirakami_fubuki_(fubukitek),4,0
21991,hanazono_hakari,4,0
21992,hoshikawa_sara_(4th_costume),4,0
21993,harukaze_doremi,4,0
21994,pixiv-tan,4,0
21995,chacha_(fate),4,0
21996,tokisaki_asaba_(niliu_chahui),4,0
21997,felix_hugo_fraldarius_(timeskip),4,0
21998,sonsaku_hakufu,4,0
21999,dark_magician,4,0
22000,chris_(konosuba),4,0
22001,serizawa_chikaru,4,0
22002,kaburamaru,4,0
22003,menat,4,0
22004,cu_chulainn_alter_(third_ascension)_(fate),4,0
22005,ark_royal_(azur_lane),4,0
22006,gohan_beast,4,0
22007,ninja_(final_fantasy),4,0
22008,terriermon,4,0
22009,izumi_koshiro,4,0
22010,angelina_(summer_flower)_(arknights),4,0
22011,browt,4,0
22012,freya_crescent,4,0
22013,exiled_warrior_leina,4,0
22014,jayce_(league_of_legends),4,0
22015,harry_potter,4,0
22016,jenny_wakeman,4,0
22017,kappa_mob_(touhou),4,0
22018,nijou_noriko,4,0
22019,illya_(princess_connect!),4,0
22020,sae_(hidamari_sketch),4,0
22021,shellder,4,0
22022,miyazaki_nodoka,4,0
22023,saigyouji_yuyuko_(living),4,0
22024,malenia_goddess_of_rot,4,0
22025,sumeragi_lee_noriega,4,0
22026,yakumo_yukari_(young),4,0
22027,professor_kukui,4,0
22028,ibuki_douji_(swimsuit_berserker)_(fate),4,0
22029,yukihira_souma,4,0
22030,agent_3_(splatoon_3),4,0
22031,kawakaze_(azur_lane),4,0
22032,jean_(sea_breeze_dandelion)_(genshin_impact),4,0
22033,aina_(mao_lian),4,0
22034,zange,4,0
22035,yukikaze_(azur_lane),4,0
22036,mary_(nikke),4,0
22037,astolfo_(saber)_(first_ascension)_(fate),4,0
22038,hatsume_mei,4,0
22039,eremes_guile,4,0
22040,ashwatthama_(fate),4,0
22041,shiranami_ramune,4,0
22042,yu_mei-ren_(third_ascension)_(fate),4,0
22043,satomi_touka,4,0
22044,silica_(sao-alo),4,0
22045,hasumi_leia,4,0
22046,gawain_(third_ascension)_(fate),4,0
22047,allelujah_haptism,4,0
22048,rindou_mikoto_(1st_costume),4,0
22049,himemiya_chikane,4,0
22050,chuck_(psg),4,0
22051,deedlit,4,0
22052,airani_iofifteen_(1st_costume),4,0
22053,nito_nazuna,4,0
22054,lotad,4,0
22055,kisaki_(kindergarten_uniform)_(blue_archive),4,0
22056,rein_(futagohime),4,0
22057,agent_4_(splatoon),4,0
22058,pawmot,4,0
22059,akari_(raigou),4,0
22060,cornelia_li_britannia,4,0
22061,mitty_(made_in_abyss),4,0
22062,yuma_kokohead,4,0
22063,edward_wong_hau_pepelu_tivrusky_iv,4,0
22064,tosa_(azur_lane),4,0
22065,coco_(tongari_boushi_no_atelier),4,0
22066,gecqua,4,0
22067,misaki_mei,4,0
22068,ceylon_(arknights),4,0
22069,narita_taishin_(nevertheless)_(umamusume),4,0
22070,aliza_(granblue_fantasy),4,0
22071,hisuian_growlithe,4,0
22072,little_bel_(azur_lane),4,0
22073,rizu-kyun,4,0
22074,graves_(league_of_legends),4,0
22075,natori_sana_(school_uniform),4,0
22076,kataoka_yuuki,4,0
22077,konata_(kankin_jk),4,0
22078,shiokko_(murasaki_shion),4,0
22079,koshigaya_komari,4,0
22080,gallica_(metaphor:_refantazio),4,0
22081,leorio_paladiknight,4,0
22082,lee-enfield_(girls'_frontline),4,0
22083,shizuku_murasaki,4,0
22084,machita_chima,4,0
22085,judau_ashta,4,0
22086,mega_gallade,4,0
22087,onodera_kosaki,4,0
22088,magisa_(granblue_fantasy),4,0
22089,yu_mei-ren_(swimsuit_lancer)_(fate),4,0
22090,miyamoto_musashi_(first_ascension)_(fate),4,0
22091,sasasegawa_sasami,4,0
22092,umika_(blue_archive),4,0
22093,arisa_bunnings,4,0
22094,pandora_(mega_man),4,0
22095,sinder_(vtuber),4,0
22096,nyotengu,4,0
22097,privaty_(unkind_maid)_(nikke),4,0
22098,north_carolina_(azur_lane),4,0
22099,sakuyamon,4,0
22100,fubuzilla_(shirakami_fubuki),4,0
22101,zero_(code_geass),4,0
22102,sabitsuki,4,0
22103,zapdos,4,0
22104,ishigami_nozomi_(1st_costume),4,0
22105,brynhild_(lancer)_(fate),4,0
22106,sheffield_(kancolle),4,0
22107,josuiji_shinri,4,0
22108,kazuha's_friend_(genshin_impact),4,0
22109,miyazono_kawori,4,0
22110,nachi_kai_ni_(kancolle),4,0
22111,toyama_satoru,4,0
22112,anabel_(pokemon),4,0
22113,kylar_(degrees_of_lewdity),4,0
22114,dragoon_(final_fantasy),4,0
22115,empoleon,4,0
22116,riju,4,0
22117,kogami_akira,4,0
22118,cure_friendy,4,0
22119,vice-versa_(skullgirls),4,0
22120,emboar,4,0
22121,ayase_alisa,4,0
22122,natasha_romanoff,4,0
22123,skullman_(blue_archive),4,0
22124,zain_(omaru_polka),4,0
22125,mega_lopunny,4,0
22126,irys_(casualrys)_(hololive),4,0
22127,kiryuu_miya,4,0
22128,naoi_ayato,4,0
22129,yuki_miku_(2017),4,0
22130,delibird,4,0
22131,leo_(senran_kagura),4,0
22132,thunder_(girls'_frontline),4,0
22133,kitami_yuzu,4,0
22134,shirakami_fubuki_(parade_dress),4,0
22135,tomoe_(queen's_blade),4,0
22136,sakurada_yuuta,4,0
22137,takeya_yuki,4,0
22138,bae_minah_(chaesu),4,0
22139,tav_(baldur's_gate),4,0
22140,barok_van_zieks,4,0
22141,taihou_(temptation_on_the_sea_breeze)_(azur_lane),4,0
22142,emil_(nier),4,0
22143,taihou_(fun_on_the_baize)_(azur_lane),4,0
22144,merry_nightmare,4,0
22145,professor_sycamore,4,0
22146,ishikawa_goemon_xiii,4,0
22147,jeff_andonuts,4,0
22148,juri_(blue_archive),4,0
22149,yuzuriha_(under_night_in-birth),4,0
22150,tomari_mari,4,0
22151,kaniki_(sameko_saba),4,0
22152,mammon_(umineko),4,0
22153,kagayaki_homare,4,0
22154,horsea,4,0
22155,female_corrin_(novice_vacationer)_(fire_emblem),4,0
22156,ponpoko_(vtuber),4,0
22157,integra_hellsing,4,0
22158,phantump,4,0
22159,steve_(minecraft),4,0
22160,hindenburg_(delirious_duel)_(azur_lane),4,0
22161,iz_(asteroid_ill),4,0
22162,shikanoko_noko,4,0
22163,wolf_o'donnell,4,0
22164,atarashi_ako,4,0
22165,ladydevimon,4,0
22166,threo_(granblue_fantasy),4,0
22167,dusknoir,4,0
22168,saratoga_mk_ii_(kancolle),4,0
22169,shidou_irina,4,0
22170,inda_karane,4,0
22171,precis_neumann,4,0
22172,gm_(mobile_suit),4,0
22173,harry_du_bois,4,0
22174,xander_(aotu_world),4,0
22175,funny_valentine,4,0
22176,amane_konata,4,0
22177,maihama_ayumu,4,0
22178,wolfrun,4,0
22179,komekko,4,0
22180,minakami_sayo,4,0
22181,gramophone_miku,4,0
22182,amayadori_machi,4,0
22183,hoothoot,4,0
22184,hecatia_lapislazuli_(earth),4,0
22185,leia_rolando,4,0
22186,sally_sinclair,4,0
22187,gundam_mk_ii,4,0
22188,laevatein_(nanoha),4,0
22189,sussurro_(summer_flower)_(arknights),4,0
22190,cure_chocolat,4,0
22191,amamiya_elena,4,0
22192,wolf_spirit_(touhou),4,0
22193,griseo_(cosmic_expression),4,0
22194,wu_zetian_(first_ascension)_(fate),4,0
22195,beta_(inazuma_eleven),4,0
22196,kazuno_sarah,4,0
22197,hirano_toushirou,4,0
22198,anna_ayasaki,4,0
22199,santa_alter,4,0
22200,kochou_kanae,4,0
22201,bloody_marie_(skullgirls),4,0
22202,takabushi_kengo,4,0
22203,tsukumo_kako,4,0
22204,anya_melfissa_(1st_costume),4,0
22205,agnes_digital_(full-color_fangirling)_(umamusume),4,0
22206,yusa_emi,4,0
22207,daiwa_scarlet_(mini_vacation)_(umamusume),4,0
22208,large-spotted_genet_(kemono_friends),4,0
22209,kyon's_sister,4,0
22210,chiba_mamoru,4,0
22211,hizamaru_(touken_ranbu),4,0
22212,kiana_kaslana_(void_drifter),4,0
22213,hanazono_yurine,4,0
22214,crow_armbrust,4,0
22215,zaizen_tokiko,4,0
22216,wolf_link,4,0
22217,peacock_(skullgirls),4,0
22218,ben_tennyson,4,0
22219,nymph_(sora_no_otoshimono),4,0
22220,vittorio_veneto_(azur_lane),4,0
22221,mejiro_dober_(off_the_line)_(umamusume),4,0
22222,akazutsumi_momoko,4,0
22223,fukube_satoshi,4,0
22224,vivillon,4,0
22225,kawakami_gensai_(fate),4,0
22226,cure_whip,4,0
22227,hanakuma_chifuyu,4,0
22228,niijima_sae,4,0
22229,kasumi_kai_ni_(swimsuit)_(kancolle),4,0
22230,kashima_yuu,4,0
22231,leopard_(yatterman),4,0
22232,kazuradrop_(fate),4,0
22233,alucard_(castlevania),4,0
22234,azumi_(girls_und_panzer),4,0
22235,badeni,4,0
22236,matsunaga_ryo,4,0
22237,promeia_(zenless_zone_zero),4,0
22238,momoka_(blue_archive),4,0
22239,yamawaki_bon_ivar,4,0
22240,antarcticite,4,0
22241,sanhua_(wuthering_waves),4,0
22242,sessyoin_kiara_(lily),4,0
22243,banana_(girls'_frontline),4,0
22244,aang,4,0
22245,kimberly_jackson,4,0
22246,producer_(idolmaster_anime),4,0
22247,koto_satsuki,4,0
22248,akumi_(yoclesh),4,0
22249,tom_(eddsworld),4,0
22250,latifa_fleuranza,4,0
22251,a.k.i._(street_fighter),4,0
22252,matara_kan,4,0
22253,jamil_viper,4,0
22254,hachijou_(kancolle),4,0
22255,shinko_windy_(umamusume),4,0
22256,drusilla_(zenless_zone_zero),4,0
22257,gemma_(monster_hunter_wilds),4,0
22258,north_flight_(umamusume),4,0
22259,mikasa_(azur_lane),4,0
22260,final_form_frieza,4,0
22261,comoli_harcourt,4,0
22262,fujima_sakura,4,0
22263,lorenz_hellman_gloucester,4,0
22264,makiatto_(girls'_frontline_2),4,0
22265,zuo_le_(arknights),4,0
22266,nimi_nightmare_(1st_costume),4,0
22267,beowulf_(fate),4,0
22268,ebi-chan_(gawr_gura),4,0
22269,monoko,4,0
22270,magical_mirai_miku_(2016),4,0
22271,soma_peries,4,0
22272,sessyoin_kiara_(third_ascension),4,0
22273,goldeen,4,0
22274,niles_(fire_emblem),4,0
22275,houjou_satoshi,4,0
22276,xuangzang_sanzang_(third_ascension)_(fate),4,0
22277,belle_(disney),4,0
22278,tuscaloosa_(kancolle),4,0
22279,misaki_akeno,4,0
22280,zeke_von_genbu_(xenoblade),4,0
22281,farfetch'd,4,0
22282,wakasa_yuuri,4,0
22283,mela_(pokemon),4,0
22284,penthesilea_(fate),4,0
22285,tatsuta_kai_ni_(kancolle),4,0
22286,monarch_(azur_lane),4,0
22287,sela_(23),4,0
22288,malkuth_(blue_archive),4,0
22289,nekonyaa_(girls_und_panzer),4,0
22290,norimaki_arale,4,0
22291,axew,4,0
22292,amanda_o'neill,4,0
22293,emma_millstein,4,0
22294,jack_atlas,4,0
22295,rob_lucci,4,0
22296,reinhardt_(overwatch),4,0
22297,red_riding_hood_(sinoalice),4,0
22298,majora_(zelda),4,0
22299,fleki,4,0
22300,moritaka_(housamo),4,0
22301,rosanna_(nikke),4,0
22302,yubel,4,0
22303,sola-ui_nuada-re_sophia-ri,4,0
22304,jonouchi_katsuya,4,0
22305,mareanie,4,0
22306,cure_wing,4,0
22307,zentreya_(cyborg),4,0
22308,miyamoto_musashi_(second_ascension)_(fate),4,0
22309,midnight_(boku_no_hero_academia),4,0
22310,goblin_slayer,4,0
22311,cecilia_(shiro_seijo_to_kuro_bokushi),4,0
22312,raising_heart_(standby_mode),4,0
22313,societte_(granblue_fantasy),4,0
22314,beedrill,4,0
22315,akane_(school_uniform)_(blue_archive),4,0
22316,staraptor,4,0
22317,fin_e_ld_si_laffinty,4,0
22318,xiao_(project_moon),4,0
22319,ramona_flowers,4,0
22320,childhood_friend-chan_(ramchi),4,0
22321,black_general,4,0
22322,saber_alter_(final_ascension),4,0
22323,togedemaru,4,0
22324,sturm_(granblue_fantasy),4,0
22325,jakob_(fire_emblem),4,0
22326,amano_keita,4,0
22327,dlanor_a._knox,4,0
22328,koyanskaya_(chinese_lostbelt_outfit)_(fate),4,0
22329,mysterious_heroine_x_alter_(second_ascension)_(fate),4,0
22330,rumi_(girls_und_panzer),4,0
22331,anne_bonny_(fate),4,0
22332,nanami_lucia,4,0
22333,kamen_rider_1,4,0
22334,cure_precious,4,0
22335,kurata_mashiro,4,0
22336,arche_klein,4,0
22337,dobermann_(arknights),4,0
22338,laura_s._arseid,4,0
22339,shen_qingqiu,4,0
22340,udin_(kureiji_ollie),4,0
22341,shikinami_kai_ni_(kancolle),4,0
22342,hk416_(black_kitty's_gift)_(girls'_frontline),4,0
22343,i-203_(kancolle),4,0
22344,sakuna-hime,4,0
22345,tsuchiya_(girls_und_panzer),4,0
22346,juvia_lockser,4,0
22347,yashio_kaito,4,0
22348,aggron,4,0
22349,hoopa_(confined),4,0
22350,lei_fang,4,0
22351,nagakura_shinpachi_(fate),4,0
22352,akebi_komichi,4,0
22353,freyja_(fire_emblem),4,0
22354,asta_(black_clover),4,0
22355,fate_testarossa_(impulse_form),4,0
22356,lilith_(statue)_(machikado_mazoku),4,0
22357,shuppet,4,0
22358,penelo,4,0
22359,li_shuwen_(fate),4,0
22360,red_toad_(mario),4,0
22361,chain_chomp,4,0
22362,oruyanke_(shirakami_fubuki),4,0
22363,akishimo_(kancolle),4,0
22364,tamaki_kotatsu,4,0
22365,yuuki_sakuna_(1st_costume),4,0
22366,cure_wink,4,0
22367,canada_(hetalia),4,0
22368,live_twin_lil-la,4,0
22369,yumia_liessfeldt,4,0
22370,nyatasha_nyanners,4,0
22371,luca_balsa,4,0
22372,jiraiya_(naruto),4,0
22373,hana_(fire_emblem),4,0
22374,entei,4,0
22375,u-1146,4,0
22376,waluigi,4,0
22377,houston_(kancolle),4,0
22378,aurochs_(kemono_friends),4,0
22379,hyakkimaru_(dororo),4,0
22380,kroos_the_keen_glint_(arknights),4,0
22381,hythlodaeus,4,0
22382,t-elos,4,0
22383,cure_lillian,4,0
22384,meltryllis_(third_ascension)_(fate),4,0
22385,weapon_merchant_cattleya,4,0
22386,tap_dance_city_(umamusume),4,0
22387,homulilly,4,0
22388,taihou_kai_(kancolle),4,0
22389,bowser_jr.,4,0
22390,m950a_(girls'_frontline),4,0
22391,wadanohara,4,0
22392,zangoose,4,0
22393,super_sailor_chibi_moon,4,0
22394,maxie_(pokemon),4,0
22395,gouenji_shuuya,4,0
22396,marida_cruz,4,0
22397,grayfia_lucifuge,4,0
22398,koyanskaya_(foreigner)_(first_ascension)_(fate),4,0
22399,ancient_princess_menace,4,0
22400,rebecca_chambers,4,0
22401,sara_valestein,4,0
22402,chasca_(genshin_impact),4,0
22403,ciri,4,0
22404,nanami_(pgr),4,0
22405,yuki_miku_(2014),4,0
22406,ayunda_risu_(1st_costume),4,0
22407,mikoko_(kemomimi_oukoku_kokuei_housou),4,0
22408,sakamata_chloe_(gyarumata),4,0
22409,exs-tia,4,0
22410,female_robin_(seaside_tactician)_(fire_emblem),4,0
22411,chousokabe_motochika_(sengoku_basara),4,0
22412,ineffa_(genshin_impact),4,0
22413,herlock_sholmes,4,0
22414,cure_aqua,4,0
22415,houshou_kumarine,4,0
22416,sophia_valentine,4,0
22417,sawamura_eijun,4,0
22418,swanna,4,0
22419,zebstrika,4,0
22420,vestia_zeta_(1st_costume),4,0
22421,hero_(dq1),4,0
22422,yamada_ichiro,4,0
22423,kouya_aotsuki,4,0
22424,haku_(p&d),4,0
22425,kuze_masachika,4,0
22426,abarai_renji,4,0
22427,sky_high_(tiger_&_bunny),4,0
22428,walking_mushroom_(dungeon_meshi),4,0
22429,lilithmon,4,0
22430,aardwolf_(kemono_friends),4,0
22431,star_nun_(diva),4,0
22432,oleana_(pokemon),4,0
22433,kagamine_len_(append),4,0
22434,fujimasa_march_(umamusume),4,0
22435,jade_curtiss,4,0
22436,deuce_spade,4,0
22437,neptune_(azur_lane),4,0
22438,kobushi_abiru,4,0
22439,mouri_motonari_(sengoku_basara),4,0
22440,misora_(princess_connect!),4,0
22441,skarmory,4,0
22442,oboro_(fire_emblem),4,0
22443,law-chan,4,0
22444,aikawa_(dorohedoro),4,0
22445,selkie_(fire_emblem),4,0
22446,naga_the_serpent,4,0
22447,dark_precure,4,0
22448,happy_meek_(umamusume),4,0
22449,suzumiya_haruhiko,4,0
22450,ooba_minori,4,0
22451,zaizen_aoi,4,0
22452,luuk_herssen_(wuthering_waves),4,0
22453,mudrock_(obsidian)_(arknights),4,0
22454,axl_(mega_man),4,0
22455,pina_korata,4,0
22456,team_rocket_grunt,4,0
22457,b._jenet,4,0
22458,tsumugi_(princess_connect!),4,0
22459,minior_(core),4,0
22460,rogue_(ragnarok_online),4,0
22461,uki_violeta,4,0
22462,sanada_yukimura_(sengoku_basara),4,0
22463,mejiro_ardan_(crystalline)_(umamusume),4,0
22464,angol_mois,4,0
22465,gomamon,4,0
22466,hikami_meruru,4,0
22467,ishtar_(swimsuit_rider)_(fate),4,0
22468,angelina_(distinguished_visitor)_(arknights),4,0
22469,hoso-inu,4,0
22470,cthugha_(nyaruko-san),4,0
22471,tana_(fire_emblem),4,0
22472,jabuchi_you,4,0
22473,nijou_ryuu,4,0
22474,elis_(touhou),4,0
22475,nodoka_(blue_archive),4,0
22476,whitney_(degrees_of_lewdity),4,0
22477,yamin_(cookie),4,0
22478,airi_kanna,4,0
22479,wallace_wells,4,0
22480,hot_pants_(sbr),4,0
22481,nagasone_kotetsu,4,0
22482,ursula_hartmann,4,0
22483,iori_utahime,4,0
22484,verxina_(le_beau_sommet)_(umamusume),4,0
22485,marciana_(nikke),4,0
22486,thief_(ragnarok_online),4,0
22487,judd_(splatoon),4,0
22488,luigi_di_savoia_duca_degli_abruzzi_(kancolle),4,0
22489,alibaba_saluja,4,0
22490,fuuma_kotarou_(fate),4,0
22491,kiyohime_(swimsuit_lancer)_(first_ascension)_(fate),4,0
22492,cyrus_(pokemon),4,0
22493,aihara_yuzu,4,0
22494,uguisumaru,4,0
22495,igglybuff,4,0
22496,hulk,4,0
22497,ne-class_heavy_cruiser,4,0
22498,wiccan,4,0
22499,mizusaki_tsubame,4,0
22500,arisugawa_himari,4,0
22501,aris_(armed)_(blue_archive),4,0
22502,martial_artist_(dq3),4,0
22503,anastella_(zenless_zone_zero),4,0
22504,black_gold_saw,4,0
22505,voltorb,4,0
22506,artoria_caster_(swimsuit_berserker)_(second_ascension)_(fate),4,0
22507,xiangli_yao_(wuthering_waves),4,0
22508,masaki_sasami_jurai,4,0
22509,male_robin_(grima)_(fire_emblem),4,0
22510,kokonose_haruka,4,0
22511,taliyah,4,0
22512,yuuhi_(cookie),4,0
22513,ponyta,4,0
22514,noel_(tsukihime),4,0
22515,infernape,4,0
22516,anzu_(ensemble_stars!),4,0
22517,araiguma-san,4,0
22518,hinata_natsumi,4,0
22519,coralie_6626_planck,4,0
22520,nier_(brother)_(post_timeskip),4,0
22521,machoke,4,0
22522,anakin_skywalker,4,0
22523,petilil,4,0
22524,ayane_(swimsuit)_(blue_archive),4,0
22525,liang_yue_(reverse:1999),4,0
22526,aihara_mei,4,0
22527,kurotsuchi_nemu,4,0
22528,i:p_masquerena,4,0
22529,majin_buu,4,0
22530,genesis_rhapsodos,4,0
22531,abigail_williams_(festival_outfit)_(fate),4,0
22532,oomiya_shinobu,4,0
22533,suo_sango_(1st_costume),4,0
22534,zhuge_kongming_(honkai_impact),4,0
22535,goredolf_musik,4,0
22536,nekomusume_(gegege_no_kitarou_5),4,0
22537,nidalee,4,0
22538,kuroe_shizuku,4,0
22539,makkachin,4,0
22540,beautifly,4,0
22541,elbe_(azur_lane),4,0
22542,tairitsu_(arcaea),4,0
22543,glaucus_(arknights),4,0
22544,ppk_(girls'_frontline),4,0
22545,yuri_petrov,4,0
22546,takakamo_shizuno,4,0
22547,mitsui_hisashi,4,0
22548,skully_j._graves,4,0
22549,champion_(ragnarok_online),4,0
22550,taion_(xenoblade),4,0
22551,victoire_pisa_(umamusume),4,0
22552,grim_(twisted_wonderland),4,0
22553,moltres,4,0
22554,miyasaka_ryou,4,0
22555,banken_(inui_toko),4,0
22556,i-400_(kancolle),4,0
22557,sakamata_chloe_(jirai_kei),4,0
22558,satou_sei,4,0
22559,yua_serufu,4,0
22560,male_priest_(dungeon_and_fighter),4,0
22561,fighter_(7th_dragon),4,0
22562,aila_jyrkiainen,4,0
22563,wonderlands_x_showtime_miku,4,0
22564,grem_(gigi_murin),4,0
22565,cardigan_(arknights),4,0
22566,sazanami_kai_(kancolle),4,0
22567,relm_arrowny,4,0
22568,roselia_(pokemon),4,0
22569,takagi_(tansuke),4,0
22570,gotoh_futari,4,0
22571,little_blue_whale_(kancolle),4,0
22572,an-an_lee,4,0
22573,kamiyama_shiki,4,0
22574,ayase_yue,4,0
22575,nishijou_nanami,4,0
22576,purirun_(precure),4,0
22577,red_desire_(umamusume),4,0
22578,bronya_zaychik_(haxxor_bunny),4,0
22579,kuroba_kaito,4,0
22580,mandricardo_(fate),4,0
22581,sanya_(nijisanji),4,0
22582,queen_dizzy,4,0
22583,tabitha_(zero_no_tsukaima),4,0
22584,kudelia_aina_bernstein,4,0
22585,ninja_(ragnarok_online),4,0
22586,amiya_(medic)_(solo_around_the_world)_(arknights),4,0
22587,nozaki_umetarou,4,0
22588,souya_ichika,4,0
22589,louise_(touhou),4,0
22590,aoba_kokona,4,0
22591,paracelsus_(guilty_gear),4,0
22592,nori_(hidamari_sketch),4,0
22593,aleph_(reverse:1999),4,0
22594,fura_kanato,4,0
22595,kuriboh,4,0
22596,yaia_(granblue_fantasy),4,0
22597,lunala,4,0
22598,sakura_miko_(street),4,0
22599,unzen_(azur_lane),4,0
22600,veronika_(splatoon),4,0
22601,belmond_banderas,4,0
22602,satou_lilly,4,0
22603,orimoto_rika,4,0
22604,ran_nagisa,4,0
22605,cure_lemonade,4,0
22606,perfect_cell,4,0
22607,symmetra_(overwatch),4,0
22608,tomotake_yoshino,4,0
22609,drum_(kancolle),4,0
22610,rock_pikmin,4,0
22611,lucy_maria_misora,4,0
22612,zas_m21_(girls'_frontline),4,0
22613,curse_maker,4,0
22614,aimaina,4,0
22615,yamashiro_kai_ni_(kancolle),4,0
22616,kuroki_tomoki,4,0
22617,gimmighoul,4,0
22618,merlin_(second_ascension)_(fate/prototype),4,0
22619,piers_nivans,4,0
22620,emma_august,4,0
22621,aino_(genshin_impact),4,0
22622,marcy_wu,4,0
22623,edgar_valden,4,0
22624,kagamine_rin_(append),4,0
22625,souza_samonji,4,0
22626,inoue_marina,4,0
22627,yuisis_(granblue_fantasy),4,0
22628,inukai_komugi_(dog),4,0
22629,fa_yuiry,4,0
22630,xatu,4,0
22631,reina_(tekken),4,0
22632,rouge_(nikke),4,0
22633,simon_blackquill,4,0
22634,songque,4,0
22635,takamachi_nanoha_(exceed_mode),4,0
22636,lois_lane,4,0
22637,sato_reika,4,0
22638,shigure_(azur_lane),4,0
22639,lycanroc_(midnight),4,0
22640,chung_seiker,4,0
22641,qiuyuan_(wuthering_waves),4,0
22642,nidoking,4,0
22643,ro-class_destroyer,4,0
22644,kurikoma_komaru,4,0
22645,blanka,4,0
22646,shinomiya_himawari,4,0
22647,mitsurugi_meiya,4,0
22648,chidori_kaname,4,0
22649,ikebukuro_akiha,4,0
22650,heather_mason,4,0
22651,esidisi,4,0
22652,eva_00,4,0
22653,lion_king_(lancer)_(fate),4,0
22654,hatsune_miku_(ichi_no_sakura_oka),4,0
22655,yukihana_lamy_(casual),4,0
22656,shishio_chris_(1st_costume),4,0
22657,ol-chan_(oouso),4,0
22658,kakine_teitoku,4,0
22659,suzuki_(girls_und_panzer),4,0
22660,mofurun_(precure),4,0
22661,erina_makina,4,0
22662,caine_(the_amazing_digital_circus),4,0
22663,ridley,4,0
22664,suomi_(girls'_frontline_2),4,0
22665,alicia_(granblue_fantasy),4,0
22666,noss_(rariatto),4,0
22667,wakaba_mutsumi_(marionette's_id),4,0
22668,scathach_(loungewear_mode)_(fate),4,0
22669,uzuki_sayaka,4,0
22670,narumiya_yume,4,0
22671,shizuko_(swimsuit)_(blue_archive),4,0
22672,virginia_knights,4,0
22673,melona_(queen's_blade),4,0
22674,amagase_touma,4,0
22675,kamen_rider_double,4,0
22676,titania_(sao),4,0
22677,kedama_(touhou),4,0
22678,chen_hai_(azur_lane),4,0
22679,raven_cronwell,4,0
22680,miyu_edelfelt_(beast_style),4,0
22681,mieu_(tales),4,0
22682,erio_mondial,4,0
22683,talonflame,4,0
22684,crispin_(pokemon),4,0
22685,mabosstiff,4,0
22686,perseus_(unfamiliar_duties)_(azur_lane),4,0
22687,mega_dragonite,4,0
22688,gascogne_(azur_lane),4,0
22689,stern_the_destructor,4,0
22690,stella_unibell,4,0
22691,chosen_undead,4,0
22692,mayl_sakurai_(mega_man),4,0
22693,common_bottlenose_dolphin_(kemono_friends),4,0
22694,harada_sanosuke_(fate),4,0
22695,narby_(heaven_burns_red),4,0
22696,suzushina_yuriko,4,0
22697,fartooth_(arknights),4,0
22698,archer_(fate/samurai_remnant),4,0
22699,lamia_(pgr),4,0
22700,koujiro_frau,4,0
22701,epel_felmier,4,0
22702,tsurugi_(swimsuit)_(blue_archive),4,0
22703,hiiragi_shinoa,4,0
22704,susie_(kirby),4,0
22705,beam_(chainsaw_man),4,0
22706,mori_yuki,4,0
22707,shiba_miyuki,4,0
22708,minami_chiaki,4,0
22709,satsuki_rin,4,0
22710,tsukumo_ima,4,0
22711,fidough,4,0
22712,archer_(casual_wear)_(fate),4,0
22713,su_(honkai_impact),4,0
22714,changsheng_(genshin_impact),4,0
22715,lynn_minmay,4,0
22716,brigitte_(overwatch),4,0
22717,karin_(p&d),4,0
22718,mariya_mikhailovna_kujou,4,0
22719,tsunashi_hajime,4,0
22720,australian_devil_(kemono_friends),4,0
22721,obstagoon,4,0
22722,shiromiya_asuka_(kuromiya),4,0
22723,meowstic_(female),4,0
22724,smeargle,4,0
22725,king_(snk),4,0
22726,kaneko_lumi,4,0
22727,obi-wan_kenobi,4,0
22728,sophie_(popopoka),4,0
22729,cure_grace,4,0
22730,kamizaki_risa,4,0
22731,nidai_nekomaru,4,0
22732,destroyer_(girls'_frontline),4,0
22733,lace_(hollow_knight),4,0
22734,shaymin_(sky),4,0
22735,akatsuki_uni,4,0
22736,puchiko,4,0
22737,bloody_wolf_(elden_ring),4,0
22738,hyuuga_neji,4,0
22739,mizusawa_mao,4,0
22740,light_hello_(umamusume),4,0
22741,ayase_fuuka,4,0
22742,godsworn_alexiel,4,0
22743,emiya_kiritsugu_(assassin),4,0
22744,purple_sister,4,0
22745,asterios_(fate),4,0
22746,tangela,4,0
22747,mosin-nagant_(girls'_frontline),4,0
22748,nitocris_(swimsuit_assassin)_(first_ascension)_(fate),4,0
22749,palmon,4,0
22750,mochizuki_chiyome_(fate),4,0
22751,miori_celesta,4,0
22752,sky_above_me_(vtuber),4,0
22753,louhi_(fate),4,0
22754,azusa_mifuyu,4,0
22755,heero_yuy,4,0
22756,suirin_(tukikagerou),4,0
22757,kirahoshi_ciel,4,0
22758,indianapolis_(azur_lane),4,0
22759,hildr_(fate),4,0
22760,koishikawa_iko,4,0
22761,rescue_officer_(pikmin),4,0
22762,amamiya_shizuku_(hizuki_yayoi),4,0
22763,hojo_sophy,4,0
22764,ishikawa_luna,4,0
22765,kumada_masaru,4,0
22766,artemis_(sailor_moon),4,0
22767,yoshino_chidori,4,0
22768,helm_(aqua_marine)_(nikke),4,0
22769,toudou_shion,4,0
22770,fal_(girls'_frontline),4,0
22771,upao_(amane_kanata),4,0
22772,ushio_(swimsuit)_(kancolle),4,0
22773,rook_hunt,4,0
22774,kokomine_cocona,4,0
22775,tojou_michiru,4,0
22776,ibrahim_(nijisanji),4,0
22777,sengoku_shinobu,4,0
22778,mizushima_saki,4,0
22779,harmony's_clownfish_(splatoon),4,0
22780,rose_(street_fighter),4,0
22781,bullet_(blazblue),4,0
22782,smoliv,4,0
22783,kamen_rider_kuuga,4,0
22784,shinomiya_fuyumi,4,0
22785,hasumi_souji_(eroe),4,0
22786,lucy's_crew_(zenless_zone_zero),4,0
22787,hare_(camp)_(blue_archive),4,0
22788,kotohime_(touhou),4,0
22789,kinagase_tsumugu,4,0
22790,kintoki_(sakura_miko),4,0
22791,minneapolis_(azur_lane),4,0
22792,porygon-z,4,0
22793,alm_(fire_emblem),4,0
22794,risu_(dorohedoro),4,0
22795,aki_rosenthal_(1st_costume),4,0
22796,elaine_(pokemon),4,0
22797,nitocris_alter_(fate),4,0
22798,anton_ivanov,4,0
22799,mega_absol,4,0
22800,suou_tsukasa,4,0
22801,tachikawa_ayaka,4,0
22802,elincia_ridell_crimea,4,0
22803,parvati_(fate),4,0
22804,zacian,4,0
22805,rakka_(haibane_renmei),4,0
22806,light_cruiser_oni,4,0
22807,fu_hua_(night_squire),4,0
22808,leblanc_(league_of_legends),4,0
22809,koseki_reina,4,0
22810,gaara_(naruto),4,0
22811,adrien_agreste,4,0
22812,aleksandra_i._pokryshkin,4,0
22813,rulership_(umamusume),4,0
22814,poochyena,4,0
22815,chocolat_meilleure,4,0
22816,hawlucha,4,0
22817,nami_(league_of_legends),4,0
22818,ayasaki_hayate,4,0
22819,seviper,4,0
22820,model_w_(mega_man),4,0
22821,warabeda_meiji,4,0
22822,hulkling,4,0
22823,sage_(sonic),4,0
22824,maria_(hayate_no_gotoku!),4,0
22825,phoebe_(pokemon),4,0
22826,honma_himawari_(1st_costume),4,0
22827,fujii_ayame,4,0
22828,kamen_rider_decade,4,0
22829,harukara_(7th_dragon),4,0
22830,lycanroc_(midday),4,0
22831,kurosaki_mea,4,0
22832,renee_graves,4,0
22833,wailord,4,0
22834,magical_mirai_miku_(2024),4,0
22835,toki_ayano,4,0
22836,xi_gundam,4,0
22837,hornet_(azur_lane),4,0
22838,iris_wilson,4,0
22839,cure_mint,4,0
22840,arung_samudra_(cessa),4,0
22841,togetic,4,0
22842,baobhan_sith_(swimsuit_pretender)_(second_ascension)_(fate),4,0
22843,futagawa_fumi,4,0
22844,hanayagi_kaoruko,4,0
22845,yuuki_makoto_(ensemble_stars!),4,0
22846,nakigitsune,4,0
22847,winged_lion_(dungeon_meshi),4,0
22848,serina_(nurse)_(blue_archive),4,0
22849,mini_nobu_(fate),4,0
22850,teemo,4,0
22851,hagakure_yasuhiro,4,0
22852,lucifer_(umineko),4,0
22853,bill_cipher,4,0
22854,taranza,4,0
22855,bra_(dragon_ball),4,0
22856,raspberyl,4,0
22857,susato_mikotoba,4,0
22858,pidove,4,0
22859,siesta_(zero_no_tsukaima),4,0
22860,kurohebi,4,0
22861,hyness,4,0
22862,scirocco_(kancolle),4,0
22863,psychic_miku_(project_voltage),4,0
22864,blue-eyes_white_dragon,4,0
22865,taihou_(sweet_time_after_school)_(azur_lane),4,0
22866,arika_yumemiya,4,0
22867,nekoyashiki_yuki_(cat),4,0
22868,cthulhu,4,0
22869,android_17,4,0
22870,satou_jun,4,0
22871,minase_rio,4,0
22872,mejiro_palmer_(line_breakthrough)_(umamusume),4,0
22873,skiploom,4,0
22874,okumura_yukio,4,0
22875,q-bee,4,0
22876,nekki_basara,4,0
22877,torterra,4,0
22878,raising_heart_(accel_mode),4,0
22879,kiperina,4,0
22880,heywood_l._edwards_(kancolle),4,0
22881,tanemura_koyori,4,0
22882,atem,4,0
22883,repede_(tales),4,0
22884,bellossom,4,0
22885,cerestia_of_life,4,0
22886,felt_(re:zero),4,0
22887,scholar_(final_fantasy),4,0
22888,gazer_(monster_girl_encyclopedia),4,0
22889,taihou_(seaside_daydreams)_(azur_lane),4,0
22890,sumeragi_aika,4,0
22891,zarya_(overwatch),4,0
22892,gundou_mirei,4,0
22893,terui_soushichi,4,0
22894,queen_of_hatred,4,0
22895,coffret_(precure),4,0
22896,san_diego_(azur_lane),4,0
22897,alex_(minecraft),4,0
22898,andou_mahoro,4,0
22899,ayase_ayato_(imamiya_pinoko),4,0
22900,larva_tiamat_(fate),4,0
22901,fubuki_(spring)_(kancolle),4,0
22902,ch'en_(summer)_(arknights),4,0
22903,rose_(pokemon),4,0
22904,liechtenstein_(hetalia),4,0
22905,shoukaku_kai_ni_(kancolle),4,0
22906,shimohara_sadako,4,0
22907,olivia_(pokemon),4,0
22908,ayatsumugi_roka,4,0
22909,howard_alt-eisen,4,0
22910,viridi,4,0
22911,satsuki_mari,4,0
22912,croagunk,4,0
22913,calyrex,4,0
22914,baltimore_(finish_line_flagbearer)_(azur_lane),4,0
22915,buizel,4,0
22916,fairimon,4,0
22917,tia_(nikke),4,0
22918,skadi_the_corrupting_heart_(sublimation)_(arknights),4,0
22919,tsunashi_kaoru,4,0
22920,morte_(arknights),4,0
22921,helldiver_(helldivers),4,0
22922,tomoe_hiyori,4,0
22923,sacred_heart,4,0
22924,tomoe_umari,4,0
22925,edgar_roni_figaro,4,0
22926,viola_(pokemon),4,0
22927,k'_(kof),4,0
22928,poro_(league_of_legends),4,0
22929,baizhi_(wuthering_waves),4,0
22930,linne_(under_night_in-birth),4,0
22931,ranpha_franboise,4,0
22932,diane_(nanatsu_no_taizai),4,0
22933,yuki_miku_(2022),4,0
22934,kanzaki_adelheid,4,0
22935,nanjo_hikaru,4,0
22936,phainon_(luckin_coffee)_(honkai:_star_rail),4,0
22937,liru,4,0
22938,pansage,4,0
22939,kurusugawa_himeko,4,0
22940,yatogami_fuma,4,0
22941,miya_atsumu,4,0
22942,shizuka_rin_(1st_costume),4,0
22943,mutsu_kai_ni_(kancolle),4,0
22944,anby_demara_(silver_soldier),4,0
22945,sherry_birkin,4,0
22946,bradamante_(first_ascension)_(fate),4,0
22947,kome-kome,4,0
22948,seraphine_(league_of_legends),4,0
22949,nachoneko,4,0
22950,naoko_(lynus),4,0
22951,yajuu_senpai,4,0
22952,golbat,4,0
22953,dokuro-kun_(houshou_marine),4,0
22954,tanaka_mako,4,0
22955,hashimoto_nyaa,4,0
22956,kira_tsubasa,4,0
22957,tsurumi_tokushirou,4,0
22958,eruruu,4,0
22959,kako_kai_ni_(kancolle),4,0
22960,murakumo_kagetsu,4,0
22961,amaha_masane,4,0
22962,nozomi_(princess_connect!),4,0
22963,lenneth_valkyrie,4,0
22964,wynn_(yu-gi-oh!),4,0
22965,joshua_rosfield,4,0
22966,peach_maki,4,0
22967,nero_claudius_(bride)_(third_ascension)_(fate),4,0
22968,power_girl_(1976_costume),4,0
22969,oosuki_mamako,4,0
22970,hanamura_teruteru,4,0
22971,nelson_(azur_lane),4,0
22972,hinamori_momo,4,0
22973,orin_the_red,4,0
22974,milk_(precure),4,0
22975,caspar_von_bergliez,4,0
22976,soleil_(fire_emblem),4,0
22977,karen-chan_(ringoanu),4,0
22978,natsuiro_matsuri_(casual),4,0
22979,novice_(ragnarok_online),4,0
22980,lycion,4,0
22981,hector_(omori),4,0
22982,nakata_sae,4,0
22983,whip_(kof),4,0
22984,mikazuki_augus,4,0
22985,naoki_miki,4,0
22986,kos-mos_ver._4,4,0
22987,sakuragi_matsuri,4,0
22988,pelipper,4,0
22989,hydrapple,4,0
22990,otonashi_haruna,4,0
22991,segawa_onpu,4,0
22992,terra_(kingdom_hearts),4,0
22993,white_(among_us),4,0
22994,mega_charizard_x,4,0
22995,yamcha,4,0
22996,metera_(granblue_fantasy),4,0
22997,mafia_kajita,4,0
22998,nautika_(reverse:1999),4,0
22999,yoshimi_(halloween)_(blue_archive),4,0
23000,mary_read_(fate),4,0
23001,anya_(mouthwashing),4,0
23002,matsukai_mao_(1st_costume),4,0
23003,entelechia_(arknights),4,0
23004,aki_mabayu,4,0
23005,masurao_(sekaiju),4,0
23006,shizune_(naruto),4,0
23007,kristen_(arknights),4,0
23008,kaji_ryouji,4,0
23009,aoyama_sumika,4,0
23010,semmelweis_(reverse:1999),4,0
23011,bald_eagle_(kemono_friends),4,0
23012,kei_(m_k),4,0
23013,barbara_(dq6),4,0
23014,rio_rollins,4,0
23015,yuugumo_kai_ni_(kancolle),4,0
23016,ranulf_(fire_emblem),4,0
23017,revali,4,0
23018,nina_(girls_und_panzer),4,0
23019,may_(gundam_build_divers_re:rise),4,0
23020,prinz_eugen_(final_lap)_(azur_lane),4,0
23021,heroine_(dq4),4,0
23022,superb_bird-of-paradise_(kemono_friends),4,0
23023,okita_j._souji_(third_ascension)_(fate),4,0
23024,kirito_(sao-alo),4,0
23025,kirishima_romin,4,0
23026,fujibayashi_sheena,4,0
23027,mika_(genshin_impact),4,0
23028,agent_8_(side_order),4,0
23029,oukawa_kohaku,4,0
23030,maylene_(pokemon),4,0
23031,isaki_riona,4,0
23032,nonowa,4,0
23033,amano_soraha,4,0
23034,tang_sanzang,4,0
23035,vinsmoke_reiju,4,0
23036,lulu_(ff10),4,0
23037,cheese_(sonic),4,0
23038,stone_free,4,0
23039,kousetsu_samonji,4,0
23040,anna_(ikeuchi_tanuma),4,0
23041,valkyrie_police_academy_student_(sg)_(blue_archive),4,0
23042,red_pyro_(tf2),4,0
23043,otto_apocalypse,4,0
23044,velouria_(fire_emblem),4,0
23045,penny_polendina,4,0
23046,general_student_council_president_(blue_archive),4,0
23047,cure_fortune,4,0
23048,master_chief,4,0
23049,fenrir_(final_fantasy),4,0
23050,tokunaga_(tales),4,0
23051,souji_(senran_kagura),4,0
23052,akaza_(kimetsu_no_yaiba),4,0
23053,artoria_caster_(third_ascension)_(fate),4,0
23054,weedle,4,0
23055,asakura_rikako,4,0
23056,mega_lucario,4,0
23057,takakura_shouma,4,0
23058,tar-21_(girls'_frontline),4,0
23059,jiu_niangzi,4,0
23060,connie_springer,4,0
23061,rabu_(blue_archive),4,0
23062,musha_miko_tomoe,4,0
23063,grave_(nikke),4,0
23064,milcery,4,0
23065,x-23,4,0
23066,azurill,4,0
23067,lala_tramont,4,0
23068,white_rhinoceros_(kemono_friends),4,0
23069,dorpos,4,0
23070,wailmer,4,0
23071,kagami_sumika,4,0
23072,petra_leyte,4,0
23073,chaika_trabant,4,0
23074,sakura_miko_(old_design),4,0
23075,yoshimura_thi_mai,4,0
23076,egawa_kusumi,4,0
23077,chigiri_hyoma,4,0
23078,suzumi_(magical)_(blue_archive),4,0
23079,francoise_(eurasia),4,0
23080,ronova_(genshin_impact),4,0
23081,tsukimura_suzuka,4,0
23082,ye_shunguang_(touch_of_dawnlight),4,0
23083,aurora_sya_lis_kaymin,4,0
23084,otegine,4,0
23085,alolan_ninetales,4,0
23086,add_(elsword),4,0
23087,kaburaki_roco,4,0
23088,elhaym_van_houten,4,0
23089,momohime,4,0
23090,umikaze_kai_ni_(kancolle),4,0
23091,plume_(arknights),4,0
23092,strelizia,4,0
23093,andou_ringo,4,0
23094,kjera_(arknights),4,0
23095,adagumo_no_saragimaru,4,0
23096,murakumo_(senran_kagura),4,0
23097,krystal,4,0
23098,kuwata_leon,4,0
23099,kyoumachi_seika,4,0
23100,fujiwara_no_mokou_(young),4,0
23101,kido_jo,4,0
23102,geto_suguru_(kenjaku),4,0
23103,oomuro_hanako,4,0
23104,bass_(mega_man),4,0
23105,ekans,4,0
23106,takamachi_nanoha_(aggressor_mode),4,0
23107,tmp_(girls'_frontline),4,0
23108,honchkrow,4,0
23109,ryuujou_kai_ni_(kancolle),4,0
23110,suou_mikoto_(school_rumble),4,0
23111,henrietta_de_tristain,4,0
23112,azusa_(cookie),4,0
23113,serval_landau,4,0
23114,solosis,4,0
23115,gavial_the_invincible_(arknights),4,0
23116,rosado_(fire_emblem),4,0
23117,pancham,4,0
23118,tamura_manami,4,0
23119,mitsukasa_ayase,4,0
23120,bronya_zaychik_(outstanding_attitude),4,0
23121,gourgeist,4,0
23122,satou_sasara,4,0
23123,bepo_(one_piece),4,0
23124,ayanokouji_rem,4,0
23125,naveen_(pokemon),4,0
23126,minami_kana,4,0
23127,stella_vermillion,4,0
23128,yuki_miku_(2021),4,0
23129,kohaku_(yua),4,0
23130,yagami_kou,4,0
23131,banyue_(zenless_zone_zero),4,0
23132,marx_(true_form)_(kirby),4,0
23133,mother_(yoru_mac),4,0
23134,saya_(blue_archive),4,0
23135,dori_(genshin_impact),4,0
23136,murakami_tomoe,4,0
23137,kiryuin_aoi,4,0
23138,torkoal,4,0
23139,lancelot_(fate/zero),4,0
23140,minthara,4,0
23141,iwado_anna,4,0
23142,irene_(voyage_of_feathers)_(arknights),4,0
23143,xenomorph,4,0
23144,pururut,4,0
23145,jaune_arc,4,0
23146,sigurd_(fire_emblem),4,0
23147,eylin_eyla_(ebonyxh),4,0
23148,nakiri_alice,4,0
23149,meowstic_(male),4,0
23150,matsuno_chifuyu,4,0
23151,mata_hari_(fate),4,0
23152,forest_bunny_(omori),4,0
23153,magilou_(tales),4,0
23154,bashou_(senran_kagura),4,0
23155,alice_sherlock,4,0
23156,shiranui_kai_ni_(kancolle),4,0
23157,escha_malier,4,0
23158,elfriend_(shiranui_flare),4,0
23159,marufuji_ryo,4,0
23160,kale_(dragon_ball),4,0
23161,revolver_knuckle,4,0
23162,hathaway_noa,4,0
23163,pandreo_(fire_emblem),4,0
23164,scraggy,4,0
23165,yuki_aine,4,0
23166,indomitable_(ms._motivationless_maid)_(azur_lane),4,0
23167,yingxing_(honkai:_star_rail),4,0
23168,dorothy_haze,4,0
23169,pearl_fey,4,0
23170,ibarazaki_emi,4,0
23171,lunatone,4,0
23172,bearer_of_the_curse,4,0
23173,aerodactyl,4,0
23174,nikketa_(girls'_frontline_2),4,0
23175,air_groove_(empress_road)_(umamusume),4,0
23176,jakuri_(ar_tonelico),4,0
23177,dokugamine_riruka,4,0
23178,caiman_(dorohedoro),4,0
23179,beast_boy_(dc),4,0
23180,steenee,4,0
23181,deviruchi,4,0
23182,silvally,4,0
23183,edea_lee,4,0
23184,yano_kuromu,4,0
23185,smol_mari_(blue_archive)_(horuhara),4,0
23186,yagoo,4,0
23187,matsumi_kuro,4,0
23188,kahili_(pokemon),4,0
23189,scarlet_ibis_(kemono_friends),4,0
23190,priscilla_barielle,4,0
23191,lilya_(reverse:1999),4,0
23192,zeta_(summer)_(granblue_fantasy),4,0
23193,zelos_wilder,4,0
23194,fogado_(fire_emblem),4,0
23195,daiwa_scarlet_(scarlet_nuit_etoile)_(umamusume),4,0
23196,shionne_(tales),4,0
23197,kamui_(gintama),4,0
23198,liberalio_(nikke),4,0
23199,old_man_(guin_guin),4,0
23200,wargreymon,4,0
23201,snoopy,4,0
23202,cure_la_mer,4,0
23203,dragon_kid,4,0
23204,horizon_(apex_legends),4,0
23205,turn_a_gundam_(mobile_suit),4,0
23206,yang_guifei_(first_ascension)_(fate),4,0
23207,touyoko_momoko,4,0
23208,luo_shun_yao,4,0
23209,kintsuba_(shiranui_flare),4,0
23210,tinker_bell_(disney),4,0
23211,gii,4,0
23212,deerling,4,0
23213,yusa_(angel_beats!),4,0
23214,shiodome_miuna,4,0
23215,amemori_sayo,4,0
23216,roberta_(black_lagoon),4,0
23217,itoshi_rin,4,0
23218,koyuki_(pajamas)_(blue_archive),4,0
23219,yukong_(honkai:_star_rail),4,0
23220,yamakaze_kai_ni_(kancolle),4,0
23221,98-tan,4,0
23222,fujiwara_no_iyozane,4,0
23223,win_variation_(dramatic_tutu)_(umamusume),4,0
23224,ushiwakamaru_(swimsuit_assassin)_(first_ascension)_(fate),4,0
23225,koala_(one_piece),4,0
23226,rurudo_lion,4,0
23227,kunihiro_hajime,4,0
23228,hoshirube_sho_(1st_costume),4,0
23229,mienshao,4,0
23230,fighting_miku_(project_voltage),4,0
23231,cinder_fall,4,0
23232,cure_star,4,0
23233,guts_(kill_la_kill),4,0
23234,portland_(azur_lane),4,0
23235,shitodo_hooaka,4,0
23236,lae'zel,4,0
23237,kokutou_mikiya,4,0
23238,heracross,4,0
23239,rika_(m_k),4,0
23240,sagat,4,0
23241,nekomata_okayu_(wonderland),4,0
23242,therion_(octopath_traveler),4,0
23243,aida_kensuke,4,0
23244,gold_ship_(racehorse),4,0
23245,ribeyrolles_(girls'_frontline),4,0
23246,duraludon,4,0
23247,melinoe_(hades),4,0
23248,kuzunoha_raidou,4,0
23249,saber_(honkai:_star_rail)_(fate),4,0
23250,kitashirakawa_anko,4,0
23251,prier,4,0
23252,kodama_fumika,4,0
23253,royal_guard_(ragnarok_online),4,0
23254,onix,4,0
23255,wang_(arknights),4,0
23256,kusuriuri_(mononoke),4,0
23257,aurora_(disney),4,0
23258,komazawa_noi,4,0
23259,tajikarao_(housamo),4,0
23260,samejima_mamimi,4,0
23261,xingchen,4,0
23262,subaru_(blue_archive),4,0
23263,venus_paques_(umamusume),4,0
23264,haruna_(2016_swimsuit)_(kancolle),4,0
23265,matsubara_kaoru,4,0
23266,ushigome_rimi,4,0
23267,cure_mermaid,4,0
23268,absinthe_(arknights),4,0
23269,yomiko_readman,4,0
23270,mechty_(girls'_frontline_2),4,0
23271,dark_elven_forest_ranger,4,0
23272,anthuria,4,0
23273,blonney,4,0
23274,juujou_hiyori,4,0
23275,mona_(warioware),4,0
23276,kimeemaru,4,0
23277,takaya_noriko,4,0
23278,matangomu-chan,4,0
23279,fletcher_mk_ii_(kancolle),4,0
23280,poke_kid_(pokemon),4,0
23281,forte_stollen,4,0
23282,jason_(fate),4,0
23283,sazabi,4,0
23284,kanda_mizuki,4,0
23285,arihara_tsubasa,4,0
23286,nishimiya_shouko,4,0
23287,asada_shino,4,0
23288,sage_(ragnarok_online),4,0
23289,shiina_niki,4,0
23290,sanaki_kirsch_altina,4,0
23291,tokoyami_fumikage,4,0
23292,arash_(fate),4,0
23293,strohl_(metaphor:_refantazio),4,0
23294,chiester410,4,0
23295,ryuugamine_mikado,4,0
23296,tsukuyo_(gintama),4,0
23297,baltimore_(after-school_ace)_(azur_lane),4,0
23298,judal,4,0
23299,ankimo_(tokino_sora),4,0
23300,levi_(fear_&_hunger),4,0
23301,vex_(league_of_legends),4,0
23302,nanu_(pokemon),4,0
23303,tsukumo_yuki_(jujutsu_kaisen),4,0
23304,io_(granblue_fantasy),4,0
23305,rpk-16_(renate)_(girls'_frontline),4,0
23306,alina_(arknights),4,0
23307,kurusugawa_ayaka,4,0
23308,tressa_colzione,4,0
23309,maou_beluzel,4,0
23310,bayleef,4,0
23311,kaela_kovalskia_(1st_costume),4,0
23312,hiraga_saito,4,0
23313,haurchefant_greystone,4,0
23314,cure_summer,4,0
23315,zhezhi_(wuthering_waves),4,0
23316,guizhong_(genshin_impact),4,0
23317,malamar,4,0
23318,95-tan,4,0
23319,pochacco,4,0
23320,ansha_(pokemon),4,0
23321,riesbyfe_stridberg,4,0
23322,kibutsuji_muzan,4,0
23323,shisui_kiki,4,0
23324,fi_(zelda),4,0
23325,shy_guy,4,0
23326,tamamo_no_mae_(third_ascension)_(fate),4,0
23327,peanuts-kun,4,0
23328,ludger_will_kresnik,4,0
23329,rin_(inuyasha),4,0
23330,ayra_(fire_emblem),4,0
23331,inokuma_youko,4,0
23332,megumi_(girls_und_panzer),4,0
23333,proto_man,4,0
23334,fierce_deity,4,0
23335,yuezheng_ling,4,0
23336,ashelia_b'nargin_dalmasca,4,0
23337,meteor_(arknights),4,0
23338,zafira,4,0
23339,xavier_olivette,4,0
23340,scene_(arknights),4,0
23341,lora_(xenoblade),4,0
23342,arctic_fox_(kemono_friends),4,0
23343,lilimon,4,0
23344,yano_erika,4,0
23345,ange_katrina_(casual),4,0
23346,hecatia_lapislazuli_(moon),4,0
23347,hidan_(naruto),4,0
23348,saber_lily_(third_ascension),4,0
23349,minase_ichigo,4,0
23350,gulpin,4,0
23351,original,3,0
23352,touhou,3,0
23353,kantai_collection,3,0
23354,blue_archive,3,0
23355,fate_(series),3,0
23356,pokemon,3,0
23357,hololive,3,0
23358,genshin_impact,3,0
23359,fate/grand_order,3,0
23360,idolmaster,3,0
23361,umamusume,3,0
23362,arknights,3,0
23363,vocaloid,3,0
23364,honkai_(series),3,0
23365,azur_lane,3,0
23366,idolmaster_cinderella_girls,3,0
23367,love_live!,3,0
23368,honkai:_star_rail,3,0
23369,fire_emblem,3,0
23370,final_fantasy,3,0
23371,hololive_english,3,0
23372,nijisanji,3,0
23373,zenless_zone_zero,3,0
23374,mahou_shoujo_madoka_magica,3,0
23375,girls'_frontline,3,0
23376,indie_virtual_youtuber,3,0
23377,girls_und_panzer,3,0
23378,gundam,3,0
23379,precure,3,0
23380,danganronpa_(series),3,0
23381,kemono_friends,3,0
23382,mahou_shoujo_madoka_magica_(anime),3,0
23383,one_piece,3,0
23384,granblue_fantasy,3,0
23385,jojo_no_kimyou_na_bouken,3,0
23386,honkai_impact_3rd,3,0
23387,bang_dream!,3,0
23388,project_moon,3,0
23389,persona,3,0
23390,idolmaster_shiny_colors,3,0
23391,chainsaw_man,3,0
23392,idolmaster_(classic),3,0
23393,yu-gi-oh!,3,0
23394,boku_no_hero_academia,3,0
23395,wuthering_waves,3,0
23396,fate/stay_night,3,0
23397,love_live!_school_idol_project,3,0
23398,final_fantasy_vii,3,0
23399,goddess_of_victory:_nikke,3,0
23400,the_legend_of_zelda,3,0
23401,bang_dream!_it's_mygo!!!!!,3,0
23402,final_fantasy_xiv,3,0
23403,pokemon_sword_and_shield,3,0
23404,fire_emblem_heroes,3,0
23405,neon_genesis_evangelion,3,0
23406,league_of_legends,3,0
23407,love_live!_hasu_no_sora_jogakuin_school_idol_club,3,0
23408,splatoon_(series),3,0
23409,limbus_company,3,0
23410,street_fighter,3,0
23411,pokemon_scarlet_and_violet,3,0
23412,ragnarok_online,3,0
23413,idolmaster_million_live!,3,0
23414,fire_emblem:_three_houses,3,0
23415,bocchi_the_rock!,3,0
23416,dragon_ball,3,0
23417,mario_(series),3,0
23418,project_sekai,3,0
23419,xenoblade_chronicles_(series),3,0
23420,princess_connect!,3,0
23421,toaru_majutsu_no_index,3,0
23422,k-on!,3,0
23423,marvel,3,0
23424,pokemon_(anime),3,0
23425,danganronpa_2:_goodbye_despair,3,0
23426,world_witches_series,3,0
23427,utau,3,0
23428,sousou_no_frieren,3,0
23429,danganronpa_v3:_killing_harmony,3,0
23430,naruto_(series),3,0
23431,suzumiya_haruhi_no_yuuutsu,3,0
23432,gakuen_idolmaster,3,0
23433,love_live!_sunshine!!,3,0
23434,lyrical_nanoha,3,0
23435,pokemon_sun_and_moon,3,0
23436,voiceroid,3,0
23437,reverse:1999,3,0
23438,jujutsu_kaisen,3,0
23439,mega_man_(series),3,0
23440,guilty_gear,3,0
23441,fate/extra,3,0
23442,love_live!_nijigasaki_high_school_idol_club,3,0
23443,fire_emblem_fates,3,0
23444,re:zero_kara_hajimeru_isekai_seikatsu,3,0
23445,senran_kagura,3,0
23446,dragon_quest,3,0
23447,kono_subarashii_sekai_ni_shukufuku_wo!,3,0
23448,tales_of_(series),3,0
23449,digimon,3,0
23450,xenoblade_chronicles_2,3,0
23451,omori,3,0
23452,bishoujo_senshi_sailor_moon,3,0
23453,kimetsu_no_yaiba,3,0
23454,monogatari_(series),3,0
23455,real_life,3,0
23456,bleach,3,0
23457,pokemon_black_and_white,3,0
23458,overwatch,3,0
23459,sword_art_online,3,0
23460,touken_ranbu,3,0
23461,sonic_(series),3,0
23462,strike_witches,3,0
23463,toaru_kagaku_no_railgun,3,0
23464,fate/apocrypha,3,0
23465,idolmaster_cinderella_girls_starlight_stage,3,0
23466,persona_5,3,0
23467,nijisanji_en,3,0
23468,fire_emblem_awakening,3,0
23469,the_king_of_fighters,3,0
23470,spy_x_family,3,0
23471,final_fantasy_vii_remake,3,0
23472,gochuumon_wa_usagi_desu_ka?,3,0
23473,pokemon_diamond/pearl/platinum,3,0
23474,nier_(series),3,0
23475,kill_la_kill,3,0
23476,utdr_(toby_fox),3,0
23477,fate/zero,3,0
23478,bang_dream!_girls_band_party!,3,0
23479,shingeki_no_kyojin,3,0
23480,saibou_shinkyoku,3,0
23481,dungeon_meshi,3,0
23482,persona_3,3,0
23483,overwatch_1,3,0
23484,danganronpa:_trigger_happy_havoc,3,0
23485,kirby_(series),3,0
23486,neptune_(series),3,0
23487,tokyo_afterschool_summoners,3,0
23488,touhou_(pc-98),3,0
23489,tsukihime,3,0
23490,persona_4,3,0
23491,nier:automata,3,0
23492,lucky_star,3,0
23493,dragon_ball_z,3,0
23494,assault_lily,3,0
23495,code_geass,3,0
23496,magia_record:_mahou_shoujo_madoka_magica_gaiden,3,0
23497,go-toubun_no_hanayome,3,0
23498,dc_comics,3,0
23499,idolmaster_million_live!_theater_days,3,0
23500,science_adventure,3,0
23501,darkstalkers,3,0
23502,fire_emblem_engage,3,0
23503,elden_ring,3,0
23504,ensemble_stars!,3,0
23505,higurashi_no_naku_koro_ni,3,0
23506,vspo!,3,0
23507,pokemon_black_2_and_white_2,3,0
23508,cookie_(touhou),3,0
23509,stardust_crusaders,3,0
23510,pokemon_legends:_z-a,3,0
23511,resident_evil,3,0
23512,eiyuu_densetsu,3,0
23513,gundam_suisei_no_majo,3,0
23514,rwby,3,0
23515,monster_hunter_(series),3,0
23516,rebuild_of_evangelion,3,0
23517,pokemon_x_and_y,3,0
23518,senki_zesshou_symphogear,3,0
23519,ranma_1/2,3,0
23520,inazuma_eleven_(series),3,0
23521,blazblue,3,0
23522,kamen_rider,3,0
23523,fate/kaleid_liner_prisma_illya,3,0
23524,super_smash_bros.,3,0
23525,girls_band_cry,3,0
23526,mahou_shoujo_lyrical_nanoha,3,0
23527,arknights:_endfield,3,0
23528,umineko_no_naku_koro_ni,3,0
23529,mahou_shoujo_lyrical_nanoha_strikers,3,0
23530,onii-chan_wa_oshimai!,3,0
23531,the_legend_of_zelda:_breath_of_the_wild,3,0
23532,pretty_series,3,0
23533,hololive_indonesia,3,0
23534,nikki_(series),3,0
23535,guilty_gear_strive,3,0
23536,axis_powers_hetalia,3,0
23537,atelier_(series),3,0
23538,cardcaptor_sakura,3,0
23539,rozen_maiden,3,0
23540,tengen_toppa_gurren_lagann,3,0
23541,pokemon_masters_ex,3,0
23542,macross,3,0
23543,alien_stage,3,0
23544,pokemon_heartgold_and_soulsilver,3,0
23545,vento_aureo,3,0
23546,lycoris_recoil,3,0
23547,smile_precure!,3,0
23548,splatoon_3,3,0
23549,fate/extra_ccc,3,0
23550,pokemon_legends:_arceus,3,0
23551,battle_tendency,3,0
23552,last_origin,3,0
23553,naruto_(classic),3,0
23554,naruto_shippuuden,3,0
23555,heaven_burns_red,3,0
23556,senran_kagura_new_wave,3,0
23557,yuruyuri,3,0
23558,aikatsu!_(series),3,0
23559,oshi_no_ko,3,0
23560,panty_&_stocking_with_garterbelt,3,0
23561,ace_attorney,3,0
23562,the_legend_of_zelda:_tears_of_the_kingdom,3,0
23563,undertale,3,0
23564,a.i._voice,3,0
23565,twisted_wonderland,3,0
23566,punishing:_gray_raven,3,0
23567,gridman_universe,3,0
23568,helltaker,3,0
23569,kobayashi-san_chi_no_maidragon,3,0
23570,hololive_dev_is,3,0
23571,pokemon_omega_ruby_and_alpha_sapphire,3,0
23572,one-punch_man,3,0
23573,love_live!_superstar!!,3,0
23574,cho_kaguya-hime!,3,0
23575,gundam_gquuuuuux,3,0
23576,girls'_frontline_2:_exilium,3,0
23577,hunter_x_hunter,3,0
23578,high_school_dxd,3,0
23579,street_fighter_6,3,0
23580,bakemonogatari,3,0
23581,sanrio,3,0
23582,metroid,3,0
23583,diamond_wa_kudakenai,3,0
23584,apex_legends,3,0
23585,spider-man_(series),3,0
23586,mushoku_tensei,3,0
23587,hibike!_euphonium,3,0
23588,ore_no_imouto_ga_konna_ni_kawaii_wake_ga_nai,3,0
23589,steins;gate,3,0
23590,the_hundred_line_-last_defense_academy-,3,0
23591,saki_(manga),3,0
23592,tiger_&_bunny,3,0
23593,kemono_friends_3,3,0
23594,fatal_fury,3,0
23595,nanashi_inc.,3,0
23596,warship_girls_r,3,0
23597,x-men,3,0
23598,to_heart_(series),3,0
23599,elsword,3,0
23600,sono_bisque_doll_wa_koi_wo_suru,3,0
23601,pixiv_fantasia,3,0
23602,synthesizer_v,3,0
23603,to_love-ru,3,0
23604,gundam_seed,3,0
23605,deltarune,3,0
23606,pokemon_firered_and_leafgreen,3,0
23607,library_of_ruina,3,0
23608,omniscient_reader's_viewpoint,3,0
23609,watashi_ga_motenai_no_wa_dou_kangaetemo_omaera_ga_warui!,3,0
23610,dragon_ball_super,3,0
23611,dungeon_ni_deai_wo_motomeru_no_wa_machigatteiru_darou_ka,3,0
23612,little_busters!,3,0
23613,inazuma_eleven_go,3,0
23614,pripara,3,0
23615,kaguya-sama_wa_kokurasetai_~tensai-tachi_no_renai_zunousen~,3,0
23616,splatoon_1,3,0
23617,disgaea,3,0
23618,stellive,3,0
23619,ssss.gridman,3,0
23620,fire_emblem:_the_blazing_blade,3,0
23621,tekken,3,0
23622,kingdom_hearts,3,0
23623,kamitsubaki_studio,3,0
23624,amagami,3,0
23625,marvel_rivals,3,0
23626,holostars,3,0
23627,lobotomy_corporation,3,0
23628,aikatsu!,3,0
23629,dead_or_alive,3,0
23630,megami_magazine,3,0
23631,fire_emblem:_radiant_dawn,3,0
23632,animal_crossing,3,0
23633,black_rock_shooter,3,0
23634,mahou_shoujo_madoka_magica:_hangyaku_no_monogatari,3,0
23635,splatoon_2,3,0
23636,shoujo_kageki_revue_starlight,3,0
23637,fire_emblem:_genealogy_of_the_holy_war,3,0
23638,mahou_shoujo_lyrical_nanoha_a's,3,0
23639,fullmetal_alchemist,3,0
23640,len'en,3,0
23641,date_a_live,3,0
23642,dandadan,3,0
23643,gintama,3,0
23644,transformers,3,0
23645,stone_ocean,3,0
23646,new_super_mario_bros._u_deluxe,3,0
23647,phantasy_star,3,0
23648,dokidoki!_precure,3,0
23649,golden_kamuy,3,0
23650,darling_in_the_franxx,3,0
23651,to_heart_2,3,0
23652,needy_girl_overdose,3,0
23653,puyopuyo,3,0
23654,angel_beats!,3,0
23655,cookie_run,3,0
23656,queen's_blade,3,0
23657,houseki_no_kuni,3,0
23658,heartcatch_precure!,3,0
23659,xenoblade_chronicles_3,3,0
23660,dark_souls_(series),3,0
23661,modao_zushi,3,0
23662,love_live!_school_idol_festival,3,0
23663,meitantei_conan,3,0
23664,hellaverse,3,0
23665,osomatsu_(series),3,0
23666,touqi_guaitan,3,0
23667,path_to_nowhere,3,0
23668,dungeons_&_dragons,3,0
23669,flower_knight_girl,3,0
23670,yurucamp,3,0
23671,mahou_shoujo_no_majo_saiban,3,0
23672,puzzle_&_dragons,3,0
23673,yahari_ore_no_seishun_lovecome_wa_machigatteiru.,3,0
23674,skullgirls,3,0
23675,doki_doki_literature_club,3,0
23676,clannad,3,0
23677,monster_musume_no_iru_nichijou,3,0
23678,kemono_friends_v_project,3,0
23679,kagerou_project,3,0
23680,fire_emblem:_path_of_radiance,3,0
23681,osomatsu-san,3,0
23682,pokemon_ruby/sapphire/emerald,3,0
23683,batman_(series),3,0
23684,mobile_suit_gundam,3,0
23685,star_wars,3,0
23686,haikyuu!!,3,0
23687,macross_frontier,3,0
23688,monster_girl_encyclopedia,3,0
23689,mega_man_x_(series),3,0
23690,devil_may_cry_(series),3,0
23691,hirogaru_sky!_precure,3,0
23692,guilty_gear_xrd,3,0
23693,koha-ace,3,0
23694,vshojo,3,0
23695,machikado_mazoku,3,0
23696,gundam_00,3,0
23697,mega_man_(classic),3,0
23698,pokemon_(classic_anime),3,0
23699,phantasy_star_online_2,3,0
23700,nitroplus,3,0
23701,fire_emblem:_mystery_of_the_emblem,3,0
23702,phase_connect,3,0
23703,gegege_no_kitarou,3,0
23704,alice's_adventures_in_wonderland,3,0
23705,infinity_nikki,3,0
23706,little_witch_academia,3,0
23707,the_legend_of_zelda:_twilight_princess,3,0
23708,made_in_abyss,3,0
23709,taimanin_(series),3,0
23710,cyberpunk_(series),3,0
23711,sen_no_kiseki_(series),3,0
23712,touhou_lostword,3,0
23713,atelier_ryza,3,0
23714,idolmaster_side-m,3,0
23715,super_robot_wars,3,0
23716,steel_ball_run,3,0
23717,cevio,3,0
23718,kid_icarus,3,0
23719,warhammer_40k,3,0
23720,dungeon_and_fighter,3,0
23721,hazbin_hotel,3,0
23722,minecraft,3,0
23723,inazuma_eleven,3,0
23724,suite_precure,3,0
23725,fire_emblem:_the_binding_blade,3,0
23726,pokemon_horizons,3,0
23727,idolmaster_1,3,0
23728,pokemon_tcg,3,0
23729,yu-gi-oh!_gx,3,0
23730,bemani,3,0
23731,pokemon_adventures,3,0
23732,the_legend_of_zelda:_ocarina_of_time,3,0
23733,tsukihime_(remake),3,0
23734,street_fighter_v,3,0
23735,yu-gi-oh!_duel_monsters,3,0
23736,spice_and_wolf,3,0
23737,vrchat,3,0
23738,gundam_build_fighters,3,0
23739,fairy_tail,3,0
23740,shingeki_no_bahamut,3,0
23741,final_fantasy_vii_rebirth,3,0
23742,mcdonald's,3,0
23743,star_ocean,3,0
23744,os-tan,3,0
23745,my_little_pony,3,0
23746,final_fantasy_vii:_ever_crisis,3,0
23747,urusei_yatsura,3,0
23748,zombie_land_saga,3,0
23749,sennen_sensou_aigis,3,0
23750,zeta_gundam,3,0
23751,phantom_blood,3,0
23752,dragon_quest_iii,3,0
23753,ado_(utaite),3,0
23754,toradora!,3,0
23755,youkai_watch,3,0
23756,mega_man_zero_(series),3,0
23757,shadowverse,3,0
23758,my_little_pony:_friendship_is_magic,3,0
23759,metal_gear_(series),3,0
23760,project_diva_(series),3,0
23761,sekaiju_no_meikyuu,3,0
23762,infinite_stratos,3,0
23763,cyberpunk:_edgerunners,3,0
23764,pokemon_the_series:_sun_&_moon,3,0
23765,shin_megami_tensei,3,0
23766,final_fantasy_vi,3,0
23767,eromanga_sensei,3,0
23768,identity_v,3,0
23769,summer_pockets,3,0
23770,bloodborne,3,0
23771,chuunibyou_demo_koi_ga_shitai!,3,0
23772,shining_nikki,3,0
23773,boruto_(series),3,0
23774,baldur's_gate,3,0
23775,evangelion:_3.0_you_can_(not)_redo,3,0
23776,kuro_no_kiseki_(series),3,0
23777,baldur's_gate_3,3,0
23778,tate_no_yuusha_no_nariagari,3,0
23779,pikmin_(series),3,0
23780,fate/hollow_ataraxia,3,0
23781,boku_wa_tomodachi_ga_sukunai,3,0
23782,final_fantasy_xi,3,0
23783,alice_gear_aegis,3,0
23784,tales_of_vesperia,3,0
23785,final_fantasy_ix,3,0
23786,fire_emblem:_the_sacred_stones,3,0
23787,voicevox,3,0
23788,mahjong_soul,3,0
23789,samurai_spirits,3,0
23790,bleach:_sennen_kessen-hen,3,0
23791,fresh_precure!,3,0
23792,arcane:_league_of_legends,3,0
23793,ambience_synesthesia,3,0
23794,black_survival,3,0
23795,pokemon_red/green/blue/yellow,3,0
23796,kid_icarus_uprising,3,0
23797,gundam_seed_destiny,3,0
23798,tokyo_ghoul,3,0
23799,fate/strange_fake,3,0
23800,girlfriend_(kari),3,0
23801,hollow_knight,3,0
23802,avatar_legends,3,0
23803,ultra_series,3,0
23804,project_voltage,3,0
23805,pokemon_journeys,3,0
23806,22/7,3,0
23807,overlord_(maruyama),3,0
23808,zero_no_tsukaima,3,0
23809,final_fantasy_viii,3,0
23810,shinrabanshou,3,0
23811,cookie_run:_kingdom,3,0
23812,muv-luv,3,0
23813,fire_emblem_echoes:_shadows_of_valentia,3,0
23814,melty_blood,3,0
23815,street_fighter_zero_(series),3,0
23816,snk,3,0
23817,mother_(series),3,0
23818,yuri!!!_on_ice,3,0
23819,oshiro_project:re,3,0
23820,senran_kagura_new_link,3,0
23821,futari_wa_precure,3,0
23822,emil_chronicle_online,3,0
23823,mega_man_zx,3,0
23824,nichijou,3,0
23825,fate/prototype,3,0
23826,wonderful_precure!,3,0
23827,yu-gi-oh!_5d's,3,0
23828,go!_princess_precure,3,0
23829,soul_eater,3,0
23830,boruto:_naruto_next_generations,3,0
23831,promare,3,0
23832,happinesscharge_precure!,3,0
23833,hyouka,3,0
23834,yes!_precure_5,3,0
23835,evangelion:_2.0_you_can_(not)_advance,3,0
23836,wizarding_world,3,0
23837,poptepipic,3,0
23838,azumanga_daioh,3,0
23839,mihoyo,3,0
23840,death_note,3,0
23841,final_fantasy_vii:_advent_children,3,0
23842,spider-verse,3,0
23843,pokemon_gold/silver/crystal,3,0
23844,maria-sama_ga_miteru,3,0
23845,inuyasha,3,0
23846,danganronpa_3_(anime),3,0
23847,kara_no_kyoukai,3,0
23848,kanon,3,0
23849,toji_no_miko,3,0
23850,umamusume:_cinderella_gray,3,0
23851,twitter,3,0
23852,mahou_sensei_negima!,3,0
23853,komi-san_wa_komyushou_desu,3,0
23854,love_and_deepspace,3,0
23855,brave_witches,3,0
23856,closers,3,0
23857,fate/samurai_remnant,3,0
23858,the_legend_of_luo_xiaohei,3,0
23859,warcraft,3,0
23860,resident_evil_4,3,0
23861,persona_3_portable,3,0
23862,mob_psycho_100,3,0
23863,eternal_return:_black_survival,3,0
23864,rabbit_hole_(vocaloid),3,0
23865,holostars_english,3,0
23866,stella_sora,3,0
23867,magical_mirai_(vocaloid),3,0
23868,dragon_ball_(classic),3,0
23869,honkai_gakuen,3,0
23870,aria_(manga),3,0
23871,girls'_frontline_neural_cloud,3,0
23872,soulcalibur,3,0
23873,dark_souls_i,3,0
23874,dragon_quest_iv,3,0
23875,m.u.g.e.n,3,0
23876,gundam_zz,3,0
23877,sayonara_zetsubou_sensei,3,0
23878,make_heroine_ga_oo_sugiru!,3,0
23879,working!!,3,0
23880,shakugan_no_shana,3,0
23881,breath_of_fire,3,0
23882,the_amazing_digital_circus,3,0
23883,senpai_ga_uzai_kouhai_no_hanashi,3,0
23884,onmyoji,3,0
23885,little_red_riding_hood_(fairy_tale),3,0
23886,osomatsu-kun,3,0
23887,berserk,3,0
23888,tales_of_the_abyss,3,0
23889,yume_nikki,3,0
23890,my_melody_(series),3,0
23891,tales_of_xillia,3,0
23892,grimms_notes,3,0
23893,sana_channel,3,0
23894,dragon_quest_xi,3,0
23895,sword_art_online:_alicization,3,0
23896,fire_emblem_cipher,3,0
23897,tales_of_symphonia,3,0
23898,pokemon_the_series:_xy,3,0
23899,dairoku_ryouhei,3,0
23900,final_fantasy_x,3,0
23901,new_game!,3,0
23902,live_a_hero,3,0
23903,blue_lock,3,0
23904,seiken_densetsu,3,0
23905,harry_potter_(series),3,0
23906,atelier_ryza_1,3,0
23907,street_fighter_iv_(series),3,0
23908,saenai_heroine_no_sodatekata,3,0
23909,cinderella_girls_gekijou,3,0
23910,ikkitousen,3,0
23911,mega_man_legends_(series),3,0
23912,meitantei_precure!,3,0
23913,di_gi_charat,3,0
23914,world_of_warcraft,3,0
23915,kimi_no_koto_ga_dai_dai_dai_dai_daisuki_na_100-nin_no_kanojo,3,0
23916,star_twinkle_precure,3,0
23917,shantae_(series),3,0
23918,hidamari_sketch,3,0
23919,watashi_ni_tenshi_ga_maiorita!,3,0
23920,.live,3,0
23921,macross_delta,3,0
23922,brown_dust_(series),3,0
23923,to_love-ru_darkness,3,0
23924,durarara!!,3,0
23925,muv-luv_alternative,3,0
23926,final_fantasy_tactics,3,0
23927,final_fantasy_iv,3,0
23928,trigun,3,0
23929,teen_titans,3,0
23930,show_by_rock!!,3,0
23931,final_fantasy_v,3,0
23932,tropical-rouge!_precure,3,0
23933,lawson,3,0
23934,mon-musu_quest!,3,0
23935,mahou_shoujo_ni_akogarete,3,0
23936,uzaki-chan_wa_asobitai!,3,0
23937,coca-cola,3,0
23938,wild_arms,3,0
23939,bishoujo_senshi_sailor_moon_s,3,0
23940,mabinogi,3,0
23941,under_night_in-birth,3,0
23942,call_of_duty,3,0
23943,kirakira_precure_a_la_mode,3,0
23944,guilty_crown,3,0
23945,lord_of_the_mysteries,3,0
23946,brown_dust_2,3,0
23947,sword_girls,3,0
23948,godzilla_(series),3,0
23949,tokidoki_bosotto_roshia-go_de_dereru_tonari_no_alya-san,3,0
23950,touhou_tag_dream,3,0
23951,fire_emblem_warriors:_three_hopes,3,0
23952,superman_(series),3,0
23953,vedal_ai,3,0
23954,nisemonogatari,3,0
23955,mega_man_battle_network_(series),3,0
23956,minecraft_youtube,3,0
23957,dragon_quest_v,3,0
23958,yuuki_bakuhatsu_bang_bravern,3,0
23959,randal's_friends,3,0
23960,dolphin_wave,3,0
23961,ijiranaide_nagatoro-san,3,0
23962,shinryaku!_ikamusume,3,0
23963,alchemy_stars,3,0
23964,delicious_party_precure,3,0
23965,shiguang_dailiren,3,0
23966,hugtto!_precure,3,0
23967,dragon_ball_gt,3,0
23968,kill_me_baby,3,0
23969,sengoku_basara,3,0
23970,super_sentai,3,0
23971,slam_dunk_(series),3,0
23972,sakura_taisen,3,0
23973,gundam_build_fighters_try,3,0
23974,microsoft_windows,3,0
23975,dengeki_moeoh,3,0
23976,melonbooks,3,0
23977,hayate_no_gotoku!,3,0
23978,persona_5_the_royal,3,0
23979,yuusha_de_aru,3,0
23980,digimon_adventure,3,0
23981,saga,3,0
23982,funamusea,3,0
23983,senran_kagura_shoujo-tachi_no_shin'ei,3,0
23984,rune_factory,3,0
23985,castlevania_(series),3,0
23986,mahou_tsukai_no_yoru,3,0
23987,digimon_card_game,3,0
23988,dragon's_crown,3,0
23989,elden_ring_nightreign,3,0
23990,lovebrush_chronicles,3,0
23991,dorohedoro,3,0
23992,avengers_(series),3,0
23993,black_lagoon,3,0
23994,kouyoku_senki_exs-tia,3,0
23995,final_fantasy_xvi,3,0
23996,mahou_girls_precure!,3,0
23997,sinoalice,3,0
23998,scott_pilgrim_(series),3,0
23999,adventure_time,3,0
24000,kin-iro_mosaic,3,0
24001,yu-gi-oh!_arc-v,3,0
24002,ghost_in_the_shell,3,0
24003,idolmaster_2,3,0
24004,cinderella_series,3,0
24005,god_eater,3,0
24006,boku_no_kokoro_no_yabai_yatsu,3,0
24007,world_trigger,3,0
24008,hachigatsu_no_cinderella_nine,3,0
24009,heaven's_feel,3,0
24010,idolmaster_dearly_stars,3,0
24011,deadpool_(series),3,0
24012,crisis_core:_final_fantasy_vii,3,0
24013,counter:side,3,0
24014,fuwa_fuwa_cinnamoroll,3,0
24015,super_mario_galaxy,3,0
24016,tenka_hyakken,3,0
24017,pokemon_platinum,3,0
24018,ryuu_ga_gotoku_(series),3,0
24019,black_clover,3,0
24020,aotu_world,3,0
24021,va-11_hall-a,3,0
24022,gundam_unicorn,3,0
24023,free!,3,0
24024,re:stage!,3,0
24025,magi_the_labyrinth_of_magic,3,0
24026,silent_hill_(series),3,0
24027,ryuuou_no_oshigoto!,3,0
24028,mickey_mouse_&_friends,3,0
24029,goblin_slayer!,3,0
24030,pokemon_the_series:_diamond_and_pearl,3,0
24031,kusuriya_no_hitorigoto,3,0
24032,karakai_jouzu_no_takagi-san,3,0
24033,tokyo_revengers,3,0
24034,homicipher,3,0
24035,evangelion:_3.0+1.0_thrice_upon_a_time,3,0
24036,keroro_gunsou,3,0
24037,gensou_suikoden,3,0
24038,tensei_shitara_slime_datta_ken,3,0
24039,hollow_knight:_silksong,3,0
24040,doraemon,3,0
24041,bayonetta_(series),3,0
24042,rance_(series),3,0
24043,xenoblade_chronicles_1,3,0
24044,final_fantasy_xv,3,0
24045,ano_hi_mita_hana_no_namae_wo_bokutachi_wa_mada_shiranai.,3,0
24046,seiken_densetsu_3,3,0
24047,shokugeki_no_souma,3,0
24048,choukou_(alicesoft),3,0
24049,kuroko_no_basuke,3,0
24050,futaba_channel,3,0
24051,tales_of_asteria,3,0
24052,dragon_ball_fighterz,3,0
24053,phantom_of_the_kill,3,0
24054,kpop_demon_hunters,3,0
24055,gundam_tekketsu_no_orphans,3,0
24056,air_(visual_novel),3,0
24057,d.gray-man,3,0
24058,luigi's_mansion,3,0
24059,kimi_to_idol_precure,3,0
24060,toaru_majutsu_no_index:_old_testament,3,0
24061,the_legend_of_zelda:_skyward_sword,3,0
24062,tales_of_zestiria,3,0
24063,dark_souls_iii,3,0
24064,amagi_brilliant_park,3,0
24065,among_us,3,0
24066,tsugu_(vtuber),3,0
24067,tales_of_graces,3,0
24068,seishun_buta_yarou,3,0
24069,tears_of_themis,3,0
24070,aoki_hagane_no_arpeggio,3,0
24071,duel_masters,3,0
24072,frozen_(disney),3,0
24073,senren_banka,3,0
24074,saint_seiya,3,0
24075,my-hime,3,0
24076,uchi_no_hime-sama_ga_ichiban_kawaii,3,0
24077,indie_utaite,3,0
24078,char's_counterattack,3,0
24079,mother_2,3,0
24080,call_of_duty:_modern_warfare_2,3,0
24081,team_fortress_2,3,0
24082,little_nuns_(diva),3,0
24083,waktaverse,3,0
24084,koihime_musou,3,0
24085,utawarerumono,3,0
24086,hypnosis_mic,3,0
24087,dissidia_final_fantasy,3,0
24088,embodiment_of_scarlet_devil,3,0
24089,metaphor:_refantazio,3,0
24090,world_flipper,3,0
24091,ib_(kouri),3,0
24092,love_plus,3,0
24093,danganronpa_another_episode:_ultra_despair_girls,3,0
24094,dr._stone,3,0
24095,sora_no_kiseki,3,0
24096,gyee,3,0
24097,hellsing,3,0
24098,newtype,3,0
24099,fate/extella,3,0
24100,hataraku_saibou,3,0
24101,goodsmile_company,3,0
24102,dragalia_lost,3,0
24103,pokemon_go,3,0
24104,hello_kitty,3,0
24105,galaxy_angel,3,0
24106,street_fighter_iii_(series),3,0
24107,saki_achiga-hen,3,0
24108,doukyuusei_(series),3,0
24109,bungou_stray_dogs,3,0
24110,guilty_gear_xx,3,0
24111,jojolion,3,0
24112,transformers:_generation_1,3,0
24113,tokimeki_memorial,3,0
24114,jashin-chan_dropkick,3,0
24115,gnosia,3,0
24116,bombergirl,3,0
24117,mario_kart,3,0
24118,pokemon:_let's_go_pikachu!_and_let's_go_eevee!,3,0
24119,suzumiya_haruhi_no_shoushitsu,3,0
24120,darker_than_black,3,0
24121,tobaku_mokushiroku_kaiji,3,0
24122,fear_&_hunger_(series),3,0
24123,healin'_good_precure,3,0
24124,nyantype,3,0
24125,dagashi_kashi,3,0
24126,maplestory,3,0
24127,tianguan_cifu,3,0
24128,shironeko_project,3,0
24129,love_live!_school_idol_festival_all_stars,3,0
24130,kizuna_ai_inc.,3,0
24131,sen_no_kiseki_i,3,0
24132,nier,3,0
24133,the_legend_of_zelda:_the_wind_waker,3,0
24134,goodsmile_racing,3,0
24135,warioware,3,0
24136,avatar:_the_last_airbender,3,0
24137,lord_el-melloi_ii_case_files,3,0
24138,wixoss,3,0
24139,lupin_iii,3,0
24140,xenosaga,3,0
24141,tokyo_7th_sisters,3,0
24142,gabriel_dropout,3,0
24143,monster_hunter_rise,3,0
24144,sword_art_online:_code_register,3,0
24145,kyoukaisenjou_no_horizon,3,0
24146,the_ring,3,0
24147,pangya,3,0
24148,armored_core,3,0
24149,liz_to_aoi_tori,3,0
24150,yotsubato!,3,0
24151,senjou_no_valkyria_(series),3,0
24152,majo_no_tabitabi,3,0
24153,cardfight!!_vanguard,3,0
24154,miracle_nikki,3,0
24155,nu_carnival,3,0
24156,beatmania_iidx,3,0
24157,shadow_slave,3,0
24158,sakura_no_sekai,3,0
24159,fate/prototype:_fragments_of_blue_and_silver,3,0
24160,powerpuff_girls,3,0
24161,kanojo_okarishimasu,3,0
24162,resident_evil_4_(remake),3,0
24163,tamako_market,3,0
24164,kingdom_hearts_ii,3,0
24165,chaos;head,3,0
24166,mega_man_star_force_(series),3,0
24167,watashi_ga_koibito_ni_nareru_wake_naijan_murimuri!,3,0
24168,dragon_quest_x,3,0
24169,chrono_trigger,3,0
24170,south_park,3,0
24171,nintendo,3,0
24172,toranoana,3,0
24173,comiket_105,3,0
24174,katawa_shoujo,3,0
24175,g_gundam,3,0
24176,epic_seven,3,0
24177,shin_jigen_game_neptune_vii,3,0
24178,shoujo_kageki_revue_starlight_-re_live-,3,0
24179,slayers,3,0
24180,high_school_fleet,3,0
24181,one_piece_card_game,3,0
24182,tales_of_berseria,3,0
24183,summon_night,3,0
24184,devil_may_cry_5,3,0
24185,toaru_majutsu_no_index:_new_testament,3,0
24186,nekopara,3,0
24187,rewrite,3,0
24188,choujigen_game_neptune,3,0
24189,yama_no_susume,3,0
24190,yuuki_yuuna_wa_yuusha_de_aru,3,0
24191,persona_3_reload,3,0
24192,the_great_ace_attorney,3,0
24193,aldnoah.zero,3,0
24194,chaos;child,3,0
24195,hades_(series),3,0
24196,sd_gundam,3,0
24197,steven_universe,3,0
24198,nige_jouzu_no_wakagimi,3,0
24199,dog_days,3,0
24200,elden_ring:_shadow_of_the_erdtree,3,0
24201,doukyuusei_another_world,3,0
24202,ongeki,3,0
24203,yuyushiki,3,0
24204,gundam_seed_freedom,3,0
24205,quiz_magic_academy,3,0
24206,comiket_106,3,0
24207,inazuma_eleven_go_chrono_stone,3,0
24208,trickcal,3,0
24209,evillious_nendaiki,3,0
24210,pokemon_the_series:_ruby_and_sapphire,3,0
24211,the_legend_of_zelda:_a_link_between_worlds,3,0
24212,shoujo_kakumei_utena,3,0
24213,shoujo_shuumatsu_ryokou,3,0
24214,mesmerizer_(vocaloid),3,0
24215,riddle_joker,3,0
24216,fantastic_four,3,0
24217,fallout,3,0
24218,sanoba_witch,3,0
24219,paper_mario,3,0
24220,metal_slug,3,0
24221,no_game_no_life,3,0
24222,toshi_densetsu_kaitai_center,3,0
24223,kuroshitsuji,3,0
24224,mother_3,3,0
24225,tera_online,3,0
24226,ryuuko_no_ken,3,0
24227,senran_kagura_shinovi_versus,3,0
24228,star_ocean:_the_second_story,3,0
24229,kimi_no_na_wa.,3,0
24230,aikatsu_stars!,3,0
24231,douluo_dalu,3,0
24232,ta_ga_tame_no_alchemist,3,0
24233,the_moon_studio,3,0
24234,kannagi,3,0
24235,cookie_run:_ovenbreak,3,0
24236,to_heart,3,0
24237,gundam_wing,3,0
24238,comiket_104,3,0
24239,arcana_heart,3,0
24240,scott_pilgrim_takes_off,3,0
24241,comiket_107,3,0
24242,mahou_shoujo_lyrical_nanoha_vivid,3,0
24243,octopath_traveler,3,0
24244,youtube,3,0
24245,futsuu_no_keion-bu,3,0
24246,gundam_build_divers,3,0
24247,the_coffin_of_andy_and_leyley,3,0
24248,makai_senki_disgaea,3,0
24249,shining_(series),3,0
24250,starbucks,3,0
24251,kuro_no_kiseki_i,3,0
24252,ssss.dynazenon,3,0
24253,hikaru_ga_shinda_natsu,3,0
24254,vsinger_(vocaloid),3,0
24255,grisaia_(series),3,0
24256,spider-man:_across_the_spider-verse,3,0
24257,donkey_kong_(series),3,0
24258,princess_principal,3,0
24259,resident_evil_requiem,3,0
24260,z/x,3,0
24261,kami_nomi_zo_shiru_sekai,3,0
24262,final_fantasy_xiii,3,0
24263,black_souls,3,0
24264,bishoujo_senshi_sailor_moon_stars,3,0
24265,katekyo_hitman_reborn!,3,0
24266,manatsu_no_yo_no_inmu,3,0
24267,the_legend_of_korra,3,0
24268,cowboy_bebop,3,0
24269,spider-man:_into_the_spider-verse,3,0
24270,fortnite,3,0
24271,7th_dragon_(series),3,0
24272,the_elder_scrolls,3,0
24273,dragon_quest_ii,3,0
24274,serial_experiments_lain,3,0
24275,valorant,3,0
24276,girls_und_panzer_senshadou_daisakusen!,3,0
24277,the_legend_of_zelda:_majora's_mask,3,0
24278,shugo_chara!,3,0
24279,the_king_of_fighters_xv,3,0
24280,monster_hunter:_world,3,0
24281,gekkan_shoujo_nozaki-kun,3,0
24282,haiyore!_nyaruko-san,3,0
24283,zero_no_kiseki,3,0
24284,ruri_no_houseki,3,0
24285,ar_tonelico,3,0
24286,deadpool_&_wolverine,3,0
24287,getsuyoubi_no_tawawa,3,0
24288,eve_online,3,0
24289,azur_lane:_slow_ahead,3,0
24290,dao_gui_yi_xian,3,0
24291,comiket_103,3,0
24292,metal_gear_solid,3,0
24293,signalis,3,0
24294,dragon_ball_super_broly,3,0
24295,tokyo_ghoul:re,3,0
24296,nanatsu_no_taizai,3,0
24297,pixiv_fantasia_last_saga,3,0
24298,ark_order,3,0
24299,fear_&_hunger_2:_termina,3,0
24300,monster_strike,3,0
24301,steins;gate_0,3,0
24302,nijisanji_kr,3,0
24303,youjo_senki,3,0
24304,arcaea,3,0
24305,vividred_operation,3,0
24306,comiket_102,3,0
24307,strike_witches:_suomus_misfits_squadron,3,0
24308,final_fantasy_xii,3,0
24309,9-nine-,3,0
24310,pretty_rhythm,3,0
24311,shirobako,3,0
24312,street_fighter_ii_(series),3,0
24313,pani_poni_dash!,3,0
24314,non_non_biyori,3,0
24315,taimanin_asagi,3,0
24316,degrees_of_lewdity,3,0
24317,kino_no_tabi,3,0
24318,nagi_no_asukara,3,0
24319,super_robot_wars_original_generation,3,0
24320,violet_evergarden_(series),3,0
24321,shinkai_no_valkyrie,3,0
24322,majo_no_takkyuubin,3,0
24323,nisekoi,3,0
24324,soulworker,3,0
24325,eddsworld,3,0
24326,tenshi_souzou_re-boot!,3,0
24327,dragon_quest_viii,3,0
24328,blend_s,3,0
24329,mega_man_zx_advent,3,0
24330,eureka_seven_(series),3,0
24331,gravity_falls,3,0
24332,gundam:_hathaway's_flash,3,0
24333,madou_monogatari,3,0
24334,one_piece_film:_red,3,0
24335,denonbu,3,0
24336,gakkou_gurashi!,3,0
24337,fate/grand_order_arcade,3,0
24338,sen_no_kiseki_iii,3,0
24339,fushigi_no_umi_no_nadia,3,0
24340,overwatch_2,3,0
24341,capcom,3,0
24342,aa_megami-sama,3,0
24343,star_fox,3,0
24344,youkoso_jitsuryoku_shijou_shugi_no_kyoushitsu_e,3,0
24345,splatoon_2:_octo_expansion,3,0
24346,yu_yu_hakusho,3,0
24347,xenogears,3,0
24348,marvel_vs._capcom,3,0
24349,drag-on_dragoon,3,0
24350,kiratto_pri_chan,3,0
24351,.hack//,3,0
24352,pokemon_emerald,3,0
24353,resident_evil_2,3,0
24354,ys,3,0
24355,robotics;notes,3,0
24356,code_geass:_lost_stories,3,0
24357,miside,3,0
24358,studio_ghibli,3,0
24359,cafe_stella_to_shinigami_no_chou,3,0
24360,mahou_shoujo_ikusei_keikaku,3,0
24361,akame_ga_kill!,3,0
24362,jikkyou_powerful_pro_yakyuu,3,0
24363,azure_striker_gunvolt,3,0
24364,yu-gi-oh!_zexal,3,0
24365,medalist_(manga),3,0
24366,devil_may_cry_3,3,0
24367,toji_no_miko:_kizamishi_issen_no_tomoshibi,3,0
24368,dead_or_alive_5,3,0
24369,master_detective_archives:_rain_code,3,0
24370,mawaru_penguindrum,3,0
24371,sekai_seifuku:_bouryaku_no_zvezda,3,0
24372,dream_c_club_(series),3,0
24373,trigun_stampede,3,0
24374,tekken_8,3,0
24375,super_real_mahjong,3,0
24376,assassin's_creed_(series),3,0
24377,nijiura_maids,3,0
24378,the_king_of_fighters_xiv,3,0
24379,tensei_oujo_to_tensai_reijou_no_mahou_kakumei,3,0
24380,key_(company),3,0
24381,ben_10,3,0
24382,pop'n_music,3,0
24383,eureka_seven,3,0
24384,hataraku_maou-sama!,3,0
24385,kirby_64,3,0
24386,idoly_pride,3,0
24387,dragon_quest_builders_2,3,0
24388,my-otome,3,0
24389,ichigo_mashimaro,3,0
24390,blade_&_soul,3,0
24391,sega,3,0
24392,ojamajo_doremi,3,0
24393,kizumonogatari,3,0
24394,resident_evil_village,3,0
24395,uchuu_senkan_yamato,3,0
24396,busou_shinki,3,0
24397,resident_evil_3:_nemesis,3,0
24398,fire_emblem:_thracia_776,3,0
24399,resident_evil_6,3,0
24400,owari_no_seraph,3,0
24401,apple_inc.,3,0
24402,dota_(series),3,0
24403,monitoring_(vocaloid),3,0
24404,fate/unlimited_codes,3,0
24405,yes!_precure_5_gogo!,3,0
24406,the_witcher_(series),3,0
24407,dream_c_club,3,0
24408,roblox,3,0
24409,five_nights_at_freddy's,3,0
24410,kidou_senkan_nadesico,3,0
24411,unicorn_overlord,3,0
24412,dota_2,3,0
24413,blue_archive_the_animation,3,0
24414,2channel,3,0
24415,battle_spirits,3,0
24416,shin_sangoku_musou,3,0
24417,star_ocean:_till_the_end_of_time,3,0
24418,subterranean_animism,3,0
24419,d4dj,3,0
24420,aika_(series),3,0
24421,odin_sphere,3,0
24422,my_little_pony:_equestria_girls,3,0
24423,pokemon_unite,3,0
24424,guardian_tales,3,0
24425,touhou_cannonball,3,0
24426,hokuto_no_ken,3,0
24427,kfc,3,0
24428,cosmic_break,3,0
24429,occultic;nine,3,0
24430,shy_(series),3,0
24431,million_arthur_(series),3,0
24432,da_capo,3,0
24433,merc_storia,3,0
24434,helios_rising_heroes,3,0
24435,final_fight,3,0
24436,magic_knight_rayearth,3,0
24437,gridman_universe_(movie),3,0
24438,pokemon_the_series:_black_&_white,3,0
24439,yagate_kimi_ni_naru,3,0
24440,spongebob_squarepants_(series),3,0
24441,helluva_boss,3,0
24442,taimanin_rpgx,3,0
24443,disneyland,3,0
24444,perfect_cherry_blossom,3,0
24445,project_tokyo_dolls,3,0
24446,arms_(game),3,0
24447,mirai_nikki,3,0
24448,bishoujo_senshi_sailor_moon_r,3,0
24449,getter_robo,3,0
24450,ao_no_kiseki,3,0
24451,doom_(series),3,0
24452,moomin,3,0
24453,kai_no_kiseki,3,0
24454,mononoke_hime,3,0
24455,journey_to_the_west,3,0
24456,kami_jigen_game_neptune_v,3,0
24457,taimanin_yukikaze,3,0
24458,highschool_of_the_dead,3,0
24459,en'en_no_shouboutai,3,0
24460,pixiv,3,0
24461,sen_to_chihiro_no_kamikakushi,3,0
24462,disney,3,0
24463,kimi_kiss,3,0
24464,armored_core_vi:_fires_of_rubicon,3,0
24465,chrono_cross,3,0
24466,choujikuu_yousai_macross,3,0
24467,square_enix,3,0
24468,tenchi_muyou!,3,0
24469,line_(naver),3,0
24470,fukumoto_mahjong,3,0
24471,brand_new_animal,3,0
24472,stellar_blade,3,0
24473,the_owl_house,3,0
24474,bishoujo_senshi_sailor_moon_(first_season),3,0
24475,virtuareal,3,0
24476,dark_souls_ii,3,0
24477,shin_megami_tensei_v,3,0
24478,ikizulive!_love_live!_bluebird,3,0
24479,flcl,3,0
24480,uta_no_prince-sama,3,0
24481,yofukashi_no_uta,3,0
24482,shuffle!,3,0
24483,another_eidos-r,3,0
24484,monster_hunter_wilds,3,0
24485,strike_the_blood,3,0
24486,pokemon_mystery_dungeon,3,0
24487,idolish7,3,0
24488,mazinger_(series),3,0
24489,mega_man_x_dive,3,0
24490,little_witch_nobeta,3,0
24491,pokemon_ultra_sun_and_ultra_moon,3,0
24492,king's_raid,3,0
24493,charlotte_(anime),3,0
24494,aquarion_(series),3,0
24495,dragon_ball_super_super_hero,3,0
24496,magic:_the_gathering,3,0
24497,plants_vs._zombies,3,0
24498,dragon_ball_heroes,3,0
24499,maoyuu_maou_yuusha,3,0
24500,tales_of_destiny,3,0
24501,zoids,3,0
24502,tantei_opera_milky_holmes,3,0
24503,unfinished_dream_of_all_living_ghost,3,0
24504,crave_saga,3,0
24505,hacka_doll,3,0
24506,juusan_kihei_bouei_ken,3,0
24507,curiosities_of_lotus_asia,3,0
24508,crash_fever,3,0
24509,divine_gate,3,0
24510,magic_kaito,3,0
24511,sekiro:_shadows_die_twice,3,0
24512,futari_wa_precure_splash_star,3,0
24513,apollo_justice:_ace_attorney,3,0
24514,hades_1,3,0
24515,sound_voltex,3,0
24516,animal_crossing:_new_horizons,3,0
24517,eizouken_ni_wa_te_wo_dasu_na!,3,0
24518,halo_(series),3,0
24519,world_dai_star,3,0
24520,cthulhu_mythos,3,0
24521,kingdom_hearts_iii,3,0
24522,miku_symphony_(vocaloid),3,0
24523,ao_no_exorcist,3,0
24524,monster_musume_no_iru_nichijou_online,3,0
24525,tolkien's_legendarium,3,0
24526,agent_aika,3,0
24527,witches_of_africa,3,0
24528,sewayaki_kitsune_no_senko-san,3,0
24529,destiny_child,3,0
24530,ochame_na_okusan_to_no_nichijou_chabangoto,3,0
24531,japanese_urban_legends,3,0
24532,top_wo_nerae!_(series),3,0
24533,tokyo_mew_mew,3,0
24534,koutetsujou_no_kabaneri,3,0
24535,grandia,3,0
24536,fatal_frame,3,0
24537,black_souls_2,3,0
24538,kirby_and_the_forgotten_land,3,0
24539,kamen_rider_w,3,0
24540,nekomonogatari,3,0
24541,capcom_fighting_jam,3,0
24542,drag-on_dragoon_3,3,0
24543,sonic_the_hedgehog_(classic),3,0
24544,mahou_shoujo_madoka_magica_movie_1_&_2,3,0
24545,world_is_mine_(vocaloid),3,0
24546,breath_of_fire_ii,3,0
24547,himouto!_umaru-chan,3,0
24548,digimon_adventure_02,3,0
24549,invincible_(series),3,0
24550,xenoblade_chronicles_3:_future_redeemed,3,0
24551,turn_a_gundam,3,0
24552,mermaid_melody_pichi_pichi_pitch,3,0
24553,akira_(manga),3,0
24554,shuuniichido_classmate_wo_kau_hanashi,3,0
24555,idol_time_pripara,3,0
24556,sora_no_otoshimono,3,0
24557,minami-ke,3,0
24558,rurouni_kenshin,3,0
24559,yosuga_no_sora,3,0
24560,iron_saga,3,0
24561,saya_no_uta,3,0
24562,imperishable_night,3,0
24563,idol_wars,3,0
24564,snowbreak:_containment_zone,3,0
24565,guardians_of_the_galaxy,3,0
24566,bishoujo_senshi_sailor_moon_supers,3,0
24567,kage_no_jitsuryokusha_ni_naritakute!,3,0
24568,world_cup,3,0
24569,sekaiju_no_meikyuu_3,3,0
24570,waccha_primagi!,3,0
24571,megido72,3,0
24572,star_ocean:_anamnesis,3,0
24573,tower_of_fantasy,3,0
24574,subarashiki_hibi,3,0
24575,puyopuyo_quest,3,0
24576,arc_the_lad,3,0
24577,tekken_7,3,0
24578,gravity_daze,3,0
24579,chromashift,3,0
24580,tonari_no_totoro,3,0
24581,the_tale_of_food,3,0
24582,persona_4:_the_ultimate_in_mayonaka_arena,3,0
24583,wind_breaker_(nii_satoru),3,0
24584,kyatapi_land,3,0
24585,resident_evil_5,3,0
24586,noble_witches,3,0
24587,voms,3,0
24588,naruto:_the_last,3,0
24589,noripro,3,0
24590,sono_hanabira_ni_kuchizuke_wo,3,0
24591,akagi:_yami_ni_oritatta_tensai,3,0
24592,yu-gi-oh!_vrains,3,0
24593,force_of_will,3,0
24594,gundam_0083,3,0
24595,howl_no_ugoku_shiro,3,0
24596,soukou_akki_muramasa,3,0
24597,aquarion_evol,3,0
24598,the_elder_scrolls_v:_skyrim,3,0
24599,greek_mythology,3,0
24600,chiikawa,3,0
24601,rakuen_tsuihou,3,0
24602,sen_no_kiseki_iv,3,0
24603,86_-eightysix-,3,0
24604,dramatical_murder,3,0
24605,mitsudomoe_(manga),3,0
24606,solo_leveling,3,0
24607,comiket_100,3,0
24608,yume_2kki,3,0
24609,toaru_kagaku_no_railgun_t,3,0
24610,strike_witches:_kurenai_no_majo-tachi,3,0
24611,pixiv_fantasia_5,3,0
24612,musaigen_no_phantom_world,3,0
24613,cardcaptor_sakura_clear_card_arc,3,0
24614,octopath_traveler_i,3,0
24615,rainbow_six_siege,3,0
24616,queen's_blade_rebellion,3,0
24617,ansatsu_kyoushitsu,3,0
24618,toaru_kagaku_no_mental_out,3,0
24619,gundam_build_divers_re:rise,3,0
24620,ragnarok_masters,3,0
24621,persona_2,3,0
24622,sister_princess,3,0
24623,kaze_no_tani_no_nausicaa,3,0
24624,frame_arms_girl,3,0
24625,atelier_ryza_2,3,0
24626,tamagotchi,3,0
24627,instagram,3,0
24628,denpa_onna_to_seishun_otoko,3,0
24629,justice_gakuen,3,0
24630,ookami_(game),3,0
24631,tales_of_phantasia,3,0
24632,type-moon,3,0
24633,kakegurui,3,0
24634,egyptian_mythology,3,0
24635,oshiete!_galko-chan,3,0
24636,puyopuyo_fever,3,0
24637,fushigiboshi_no_futago_hime,3,0
24638,sengoku_musou,3,0
24639,dislyte,3,0
24640,dead_or_alive_xtreme,3,0
24641,tsurezure_children,3,0
24642,gate_-_jieitai_ka_no_chi_nite_kaku_tatakaeri,3,0
24643,dead_by_daylight,3,0
24644,jigokuraku,3,0
24645,sound_horizon,3,0
24646,vampire_(vocaloid),3,0
24647,comiket_101,3,0
24648,digimon_tamers,3,0
24649,dmm,3,0
24650,sekaiju_no_meikyuu_5,3,0
24651,kininatteru_hito_ga_otoko_ja_nakatta,3,0
24652,yoru_no_kurage_wa_oyogenai,3,0
24653,ganbare_douki-chan,3,0
24654,nijisanji_id,3,0
24655,kingdom_hearts_birth_by_sleep,3,0
24656,inu_x_boku_ss,3,0
24657,pokemon_pokopia,3,0
24658,tongari_boushi_no_atelier,3,0
24659,ace_combat,3,0
24660,ano_natsu_de_matteru,3,0
24661,wii_fit,3,0
24662,captain_america_(series),3,0
24663,super_mario_bros._1,3,0
24664,kimi_ga_shine,3,0
24665,high_school_dxd_born,3,0
24666,rune_factory:_guardians_of_azuma,3,0
24667,iyowa_girls,3,0
24668,scp_foundation,3,0
24669,persona_dancing,3,0
24670,miraculous_ladybug,3,0
24671,accel_world,3,0
24672,bravely_default_(series),3,0
24673,yuusha_series,3,0
24674,school_rumble,3,0
24675,seitokai_ni_mo_ana_wa_aru!,3,0
24676,genshiken,3,0
24677,cyberpunk_2077,3,0
24678,mikakunin_de_shinkoukei,3,0
24679,senjou_no_valkyria_1,3,0
24680,devil_summoner_(series),3,0
24681,god_eater_burst,3,0
24682,uchuu_senkan_yamato_2199,3,0
24683,shikanoko_nokonoko_koshitantan,3,0
24684,suigetsu,3,0
24685,valkyrie_profile_(series),3,0
24686,koumajou_densetsu,3,0
24687,mitsudomoe_koubou_(series),3,0
24688,baka_to_test_to_shoukanjuu,3,0
24689,motto!_haramase!_(series),3,0
24690,family_guy,3,0
24691,nyanko_daisensou,3,0
24692,honzuki_no_gekokujou,3,0
24693,hajimari_no_kiseki,3,0
24694,jigoku_shoujo,3,0
24695,sengoku_bushouki_muramasa,3,0
24696,ace_attorney_investigations,3,0
24697,thor_(marvel)_(series),3,0
24698,undefined_fantastic_object,3,0
24699,master_of_eternity,3,0
24700,dracu-riot!,3,0
24701,kakyuusei_(series),3,0
24702,xenosaga_episode_iii,3,0
24703,sekaiju_no_meikyuu_1,3,0
24704,amphibia,3,0
24705,choukou_taisen_escalation_heroines,3,0
24706,7th_dragon,3,0
24707,fantasy_earth_zero,3,0
24708,idolmaster_cinderella_girls_u149,3,0
24709,hyrule_warriors,3,0
24710,dispatch,3,0
24711,touhou_gensou_eclipse,3,0
24712,chi.:_chikyuu_no_undou_ni_tsuite,3,0
24713,zootopia,3,0
24714,squid_game,3,0
24715,aikatsu_friends!,3,0
24716,ace_of_diamond,3,0
24717,hoozuki_no_reitetsu,3,0
24718,girls_und_panzer_motto_love_love_sakusen_desu!,3,0
24719,silent_hill_2,3,0
24720,morenatsu,3,0
24721,kemono_friends_2,3,0
24722,super_mario_odyssey,3,0
24723,dolls_in_pseudo_paradise,3,0
24724,kimi_to_semi_blue_(idolmaster),3,0
24725,ishuzoku_reviewers,3,0
24726,stardew_valley,3,0
24727,pixiv_fantasia_fallen_kings,3,0
24728,full_metal_panic!,3,0
24729,soukyuu_no_fafner,3,0
24730,atelier_sophie,3,0
24731,bokura_wa_ima_no_naka_de,3,0
24732,rosario+vampire,3,0
24733,sunrise_(company),3,0
24734,gundam_0080,3,0
24735,ring_fit_adventure,3,0
24736,powerpuff_girls_z,3,0
24737,wild_arms_2,3,0
24738,piapro_studio,3,0
24739,kodomo_no_jikan,3,0
24740,rou-kyuu-bu!,3,0
24741,mahou_shoujo_lyrical_nanoha_the_movie_1st,3,0
24742,gachiakuta,3,0
24743,amazon_(company),3,0
24744,scooby-doo_(series),3,0
24745,mahou_shoujo_madoka_magica_magia_exedra,3,0
24746,silent_hill_f,3,0
24747,re:creators,3,0
24748,dragon_quest_vii,3,0
24749,pepsi,3,0
24750,digimon_story:_cyber_sleuth,3,0
24751,medarot,3,0
24752,crayon_shin-chan,3,0
24753,makai_senki_disgaea_2,3,0
24754,konosuba!_fantastic_days,3,0
24755,akuma_no_riddle,3,0
24756,cygames,3,0
24757,mass_effect_(series),3,0
24758,afk_(series),3,0
24759,langrisser,3,0
24760,macross_7,3,0
24761,the_little_mermaid_(disney),3,0
24762,4chan,3,0
24763,grisaia_no_kajitsu,3,0
24764,natsuiro_egao_de_1_2_jump!,3,0
24765,kyoukai_no_kanata,3,0
24766,learning_with_manga!_fgo,3,0
24767,shinkai_shoujo_(vocaloid),3,0
24768,senki_zesshou_symphogear_xd_unlimited,3,0
24769,time_bokan_(series),3,0
24770,friday_night_funkin',3,0
24771,shino_to_ren,3,0
24772,chobits,3,0
24773,fire_emblem:_new_mystery_of_the_emblem,3,0
24774,chaos_zero_nightmare,3,0
24775,mahouka_koukou_no_rettousei,3,0
24776,log_horizon,3,0
24777,persona_5:_the_phantom_x,3,0
24778,metal_gear_solid_v:_the_phantom_pain,3,0
24779,irasutoya,3,0
24780,atelier_totori,3,0
24781,hooters,3,0
24782,kamen_rider_revice,3,0
24783,ghost_in_the_shell:_stand_alone_complex,3,0
24784,bandai,3,0
24785,pixiv_fantasia_t,3,0
24786,futari_wa_precure_max_heart,3,0
24787,niconico,3,0
24788,wonder_woman_(series),3,0
24789,dragon_quest_vi,3,0
24790,dream_smp,3,0
24791,devil_survivor_(series),3,0
24792,evertale,3,0
24793,comic_kairakuten,3,0
24794,tales_of_xillia_2,3,0
24795,gundam_age,3,0
24796,mortal_kombat_(series),3,0
24797,gekitotsu!_joshikousei_oiroke_sensha_gundan,3,0
24798,yuusha_to_maou,3,0
24799,dennou_coil,3,0
24800,gundam_g_no_reconguista,3,0
24801,idolmaster_live_for_you!,3,0
24802,valkyrie_drive,3,0
24803,grandia_i,3,0
24804,hinata_channel,3,0
24805,mairimashita!_iruma-kun,3,0
24806,puniru_wa_kawaii_slime,3,0
24807,kyokugen_dasshutsu,3,0
24808,mario_&_luigi_rpg,3,0
24809,mountain_of_faith,3,0
24810,zutto_mayonaka_de_ii_no_ni,3,0
24811,hanasaku_iroha,3,0
24812,akb0048,3,0
24813,forever_7th_capital,3,0
24814,kirby_star_allies,3,0
24815,hentai_ouji_to_warawanai_neko.,3,0
24816,inazuma_eleven_go_galaxy,3,0
24817,ousama_ranking,3,0
24818,tenga,3,0
24819,muv-luv_total_eclipse,3,0
24820,higurashi_no_naku_koro_ni_gou,3,0
24821,shadows_house,3,0
24822,umamusume:_beginning_of_a_new_era,3,0
24823,love_hina,3,0
24824,bayonetta_2,3,0
24825,mato_seihei_no_slave,3,0
24826,the_witcher_3,3,0
24827,terraria,3,0
24828,the_transformers_(idw),3,0
24829,talkex,3,0
24830,classicaloid,3,0
24831,renkin_san-kyuu_magical_pokaan,3,0
24832,mahou_shoujo_oriko_magica,3,0
24833,princess_tutu,3,0
24834,ao_no_kanata_no_four_rhythm,3,0
24835,iriam,3,0
24836,re:act,3,0
24837,psycho-pass,3,0
24838,school_days,3,0
24839,the_loud_house,3,0
24840,wrestle_angels,3,0
24841,hidden_star_in_four_seasons,3,0
24842,dirty_pair,3,0
24843,disco_elysium,3,0
24844,oboro_muramasa,3,0
24845,adachi_to_shimamura,3,0
24846,shaman_king,3,0
24847,tangled,3,0
24848,higurashi_no_naku_koro_ni_mei,3,0
24849,splatoon_3:_side_order,3,0
24850,new_horizon,3,0
24851,kuro_no_kiseki_ii,3,0
24852,kagurabachi,3,0
24853,jewelpet_(series),3,0
24854,suisei_no_gargantia,3,0
24855,metal_gear_rising:_revengeance,3,0
24856,peanuts_(comic),3,0
24857,xblaze,3,0
24858,battle_girl_high_school,3,0
24859,soccer_spirits,3,0
24860,kaijuu_no._8,3,0
24861,fate/unlimited_blade_works,3,0
24862,haibane_renmei,3,0
24863,aogiri_koukou,3,0
24864,summertime_render,3,0
24865,toaru_kagaku_no_railgun_s,3,0
24866,legacy_of_lunatic_kingdom,3,0
24867,paradox_live,3,0
24868,viper_(series),3,0
24869,love_live!_nijigasaki_high_school_idol_club_the_movie_-_finale,3,0
24870,takopii_no_genzai,3,0
24871,formation_girls,3,0
24872,grand_theft_auto,3,0
24873,the_road_to_el_dorado,3,0
24874,koi_wa_sensou_(vocaloid),3,0
24875,blazblue:_chronophantasma,3,0
24876,kunoichi_tsubaki_no_mune_no_uchi,3,0
24877,pop-up_story,3,0
24878,sakamoto_days,3,0
24879,garou:_mark_of_the_wolves,3,0
24880,sony,3,0
24881,the_end_of_evangelion,3,0
24882,olympics,3,0
24883,breath_of_fire_v,3,0
24884,love_live!_the_school_idol_movie,3,0
24885,barbie_(franchise),3,0
24886,the_iron_of_yin_and_yang,3,0
24887,deadlock_(game),3,0
24888,shin_megami_tensei_iii:_nocturne,3,0
24889,palworld,3,0
24890,aku_no_musume_(vocaloid),3,0
24891,vinesauce,3,0
24892,mon-musu_quest:_paradox,3,0
24893,utawarerumono:_itsuwari_no_kamen,3,0
24894,duel_masters_play's,3,0
24895,beyblade,3,0
24896,yatterman,3,0
24897,formula_one,3,0
24898,tokimeki_memorial_girl's_side,3,0
24899,resident_evil_2_(remake),3,0
24900,bilibili,3,0
24901,renzha_fanpai_zijiu_xitong,3,0
24902,paper_mario:_the_thousand-year_door,3,0
24903,blazblue:_central_fiction,3,0
24904,summon_night_3,3,0
24905,rinne_no_lagrange,3,0
24906,yakusoku_no_neverland,3,0
24907,maji_de_watashi_ni_koi_shinasai!,3,0
24908,makai_senki_disgaea_4,3,0
24909,god_eater_2:_rage_burst,3,0
24910,high_school_dxd_infinity,3,0
24911,a_hat_in_time,3,0
24912,devil_may_cry_4,3,0
24913,zozotown,3,0
24914,to_be_hero_x,3,0
24915,haiiro_teien,3,0
24916,phoenix_wright:_ace_attorney_-_dual_destinies,3,0
24917,pixiv_fantasia_age_of_starlight,3,0
24918,bravely_default:_flying_fairy,3,0
24919,atelier_resleriana,3,0
24920,queen's_gate,3,0
24921,saga_frontier_2,3,0
24922,ar_tonelico_ii,3,0
24923,zannen_onna-kanbu_black_general-san,3,0
24924,iris_mysteria!,3,0
24925,victory_gundam,3,0
24926,record_of_lodoss_war,3,0
24927,oounabara_to_wadanohara,3,0
24928,shinmai_maou_no_testament,3,0
24929,given,3,0
24930,kouyoku_senki_exs-tia_concert,3,0
24931,jibaku_shounen_hanako-kun,3,0
24932,alien_(series),3,0
24933,mahoutsukai_no_yakusoku,3,0
24934,digimon_liberator,3,0
24935,tales_of_eternia,3,0
24936,soredemo_ayumu_wa_yosetekuru,3,0
24937,ender_lilies_quietus_of_the_knights,3,0
24938,pikmin_4,3,0
24939,tales_of_symphonia_knight_of_ratatosk,3,0
24940,cave_story,3,0
24941,dragon_ball_daima,3,0
24942,urban_legend_in_limbo,3,0
24943,modern_mogal,3,0
24944,sk8_the_infinity,3,0
24945,bayonetta_1,3,0
24946,sky:_children_of_the_light,3,0
24947,kerberos_blade,3,0
24948,yuukyuu_gensoukyoku,3,0
24949,tales_of_arise,3,0
24950,super_robot_wars_og_saga_mugen_no_frontier,3,0
24951,gundam_08th_ms_team,3,0
24952,wily_beast_and_weakest_creature,3,0
24953,kekkai_sensen,3,0
24954,homestuck,3,0
24955,ash_arms,3,0
24956,sekirei,3,0
24957,metroid_dread,3,0
24958,mario_kart_world,3,0
24959,gosick,3,0
24960,sangokushi_taisen,3,0
24961,saihate_eki,3,0
24962,eiyuu_senki,3,0
24963,sakura_trick,3,0
24964,milgram,3,0
24965,subarashiki_kono_sekai,3,0
24966,kamen_rider_dcd,3,0
24967,the_addams_family,3,0
24968,fate/requiem,3,0
24969,aether_gazer,3,0
24970,unconnected_marketeers,3,0
24971,pacific_rim,3,0
24972,elf-san_wa_yaserarenai.,3,0
24973,blame!,3,0
24974,qurare_magic_library,3,0
24975,wactor_production,3,0
24976,happiness!,3,0
24977,genjitsu_no_yohane,3,0
24978,animedia,3,0
24979,pretty_rhythm_rainbow_live,3,0
24980,cry_of_fear,3,0
24981,call_of_cthulhu,3,0
24982,cyborg_009,3,0
24983,windows_classic,3,0
24984,digimon_story:_time_stranger,3,0
24985,yoru_mac,3,0
24986,hololive_grand_theft_auto,3,0
24987,black_jack_(series),3,0
24988,reitaisai,3,0
24989,mashle,3,0
24990,breath_of_fire_iv,3,0
24991,pac-man_(game),3,0
24992,aladdin_(movie),3,0
24993,kamen_rider_build_(series),3,0
24994,djmax,3,0
24995,final_fantasy_ii,3,0
24996,tenshinranman,3,0
24997,gj-bu,3,0
24998,neo-porte,3,0
24999,shinza_bansho_series,3,0
25000,the_lego_group,3,0
25001,xenoblade_chronicles_x,3,0
25002,rakudai_ninja_rantarou,3,0
25003,do_it_yourself!!,3,0
25004,resident_evil_1,3,0
25005,another,3,0
25006,voltron_(series),3,0
25007,gundam_arsenal_base,3,0
25008,sayonara_wo_oshiete,3,0
25009,ore_twintail_ni_narimasu,3,0
25010,afk_journey,3,0
25011,white_album_(series),3,0
25012,kidou_keisatsu_patlabor,3,0
25013,fate/extella_link,3,0
25014,fossilized_wonders,3,0
25015,shin_godzilla,3,0
25016,kimi_ga_nozomu_eien,3,0
25017,dengeki_g's,3,0
25018,magnet_(vocaloid),3,0
25019,final_fantasy_x-2,3,0
25020,rune_factory_4,3,0
25021,aespa,3,0
25022,mazinger_z,3,0
25023,snow_white_(fairy_tale),3,0
25024,atelier_live,3,0
25025,digimon_frontier,3,0
25026,atelier_ryza_3,3,0
25027,noss_&_zakuro,3,0
25028,light_and_night_love,3,0
25029,persona_1,3,0
25030,kamen_rider_01_(series),3,0
25031,kingdom_hearts_358/2_days,3,0
25032,senran_kagura_estival_versus,3,0
25033,doukyuusei,3,0
25034,kamen_rider_geats_(series),3,0
25035,mechanical_buddy_universe,3,0
25036,breath_of_fire_iii,3,0
25037,age_of_ishtaria,3,0
25038,gensou_suikoden_ii,3,0
25039,devilman,3,0
25040,fire_emblem:_shadow_dragon_and_the_blade_of_light,3,0
25041,blue_reflection_(series),3,0
25042,school_girl_strikers,3,0
25043,owarimonogatari,3,0
25044,idolmaster_sp,3,0
25045,wild_arms_1,3,0
25046,strawberry_panic!,3,0
25047,top_wo_nerae!,3,0
25048,super_heroine_boy,3,0
25049,kamen_rider_ryuki_(series),3,0
25050,pandora_hearts,3,0
25051,resident_evil_3_(remake),3,0
25052,slay_the_spire,3,0
25053,kamen_rider_ooo_(series),3,0
25054,shadowverse:_worlds_beyond,3,0
25055,choukou_tenshi_escalayer,3,0
25056,working_girls_weekly,3,0
25057,sakura_taisen_iii,3,0
25058,danmachi_memoria_freese,3,0
25059,akebi-chan_no_serafuku,3,0
25060,the_shining,3,0
25061,breaking_bad,3,0
25062,gundam_perfect_file,3,0
25063,otome_game_no_hametsu_flag_shika_nai_akuyaku_reijou_ni_tensei_shite_shimatta,3,0
25064,tomb_raider,3,0
25065,atri-my_dear_moments-,3,0
25066,bleach:_epilogue,3,0
25067,claymore_(series),3,0
25068,sword_art_online_alternative:_gun_gale_online,3,0
25069,alternative_girls,3,0
25070,project_kv,3,0
25071,snow_white_and_the_seven_dwarfs_(disney),3,0
25072,voltron:_legendary_defender,3,0
25073,dream_believers,3,0
25074,foster's_home_for_imaginary_friends,3,0
25075,mouthwashing,3,0
25076,blue_oath,3,0
25077,nexon,3,0
25078,senbonzakura_(vocaloid),3,0
25079,kotobukiya_bishoujo,3,0
25080,pixiv_fantasia_sword_regalia,3,0
25081,windows_xp,3,0
25082,saru_getchu,3,0
25083,one_piece_treasure_cruise,3,0
25084,hades_2,3,0
25085,dumbbell_nan_kilo_moteru?,3,0
25086,atelier_rorona,3,0
25087,dororo_(tezuka),3,0
25088,tales_of_destiny_2,3,0
25089,f-zero,3,0
25090,comiket_94,3,0
25091,sugar_sugar_rune,3,0
25092,amairo_islenauts,3,0
25093,suna_no_wakusei_(vocaloid),3,0
25094,four_goddesses_online:_cyber_dimension_neptune,3,0
25095,ultraman_(1st_series),3,0
25096,fushigi_na_neko_no_machi_meltier,3,0
25097,kantai_collection_(anime),3,0
25098,teenage_mutant_ninja_turtles,3,0
25099,ena_(series),3,0
25100,read_or_die,3,0
25101,ukagaka,3,0
25102,ten_desires,3,0
25103,makai_senki_disgaea_3,3,0
25104,dango_daikazoku,3,0
25105,gunslinger_girl,3,0
25106,himitsu_no_aipri,3,0
25107,chain_paradox,3,0
25108,yumekui_merry,3,0
25109,romancing_saga_2,3,0
25110,koishi_komeiji's_heart-throbbing_adventure,3,0
25111,xinyue_tongxing,3,0
25112,sword_art_online:_alicization_-_war_of_underworld,3,0
25113,luminous_witches,3,0
25114,disgaea_rpg,3,0
25115,pixiv_fantasia_new_world,3,0
25116,the_lord_of_the_rings,3,0
25117,tales_of_the_rays,3,0
25118,flip_flappers,3,0
25119,kourin_tenshi_en_ciel_rena,3,0
25120,kore_wa_zombie_desu_ka?,3,0
25121,titanfall_(series),3,0
25122,tenkuu_no_shiro_laputa,3,0
25123,gantz,3,0
25124,prism_project,3,0
25125,xenosaga_episode_i,3,0
25126,mahou_shoujo_ikusei_keikaku_unmarked,3,0
25127,f-ism,3,0
25128,dohna_dohna_issho_ni_warui_koto_o_shiyou,3,0
25129,tower_of_god,3,0
25130,sakura_no_uta,3,0
25131,kyoufuu_all_back_(vocaloid),3,0
25132,crash_bandicoot_(series),3,0
25133,isekai_maou_to_shoukan_shoujo_no_dorei_majutsu,3,0
25134,dragon_village_(series),3,0
25135,gyakushuu_no_fantasica,3,0
25136,neverness_to_everness,3,0
25137,zoids_genesis,3,0
25138,vinland_saga,3,0
25139,16personalities,3,0
25140,blackpink,3,0
25141,yu-gi-oh!_sevens,3,0
25142,final_fantasy_i,3,0
25143,kim_possible_(series),3,0
25144,fallout:_new_vegas,3,0
25145,sengoku_collection,3,0
25146,valkyrie_drive_-mermaid-,3,0
25147,"mogyutto_""love""_de_sekkin_chuu!",3,0
25148,liver_city,3,0
25149,medium5,3,0
25150,bokujou_monogatari,3,0
25151,7th_dragon_2020,3,0
25152,love_and_producer,3,0
25153,hitsugi_no_chaika,3,0
25154,seitenkango._shinyuu_to,3,0
25155,portal_(series),3,0
25156,satsuriku_no_tenshi,3,0
25157,phoenix_wright:_ace_attorney_-_trials_and_tribulations,3,0
25158,zhu_xian,3,0
25159,big_hero_6,3,0
25160,pokemon_brilliant_diamond_and_shining_pearl,3,0
25161,project_diva_2nd,3,0
25162,kingdom_hearts_i,3,0
25163,hori-san_to_miyamura-kun,3,0
25164,hyoutenka_30-do_no_zetsubou,3,0
25165,octopath_traveler_ii,3,0
25166,a_channel,3,0
25167,no_i'm_not_a_human,3,0
25168,pizza_hut,3,0
25169,shrek_(series),3,0
25170,cu-no,3,0
25171,persona_4_the_golden,3,0
25172,girls_und_panzer_saishuushou,3,0
25173,sen_no_kiseki_ii,3,0
25174,helldivers_(series),3,0
25175,omamori_himari,3,0
25176,final_fantasy_iii,3,0
25177,arc_the_lad_ii,3,0
25178,our_life,3,0
25179,densetsu.exe,3,0
25180,dragon_village_collection,3,0
25181,dies_irae,3,0
25182,netsu_ijou_(utau),3,0
25183,mahou_shoujo_lyrical_nanoha_the_movie_2nd_a's,3,0
25184,bishoujo_mangekyou_(series),3,0
25185,dragon_quest_dai_no_daibouken,3,0
25186,otaku-kun_to_gyaru_no_koi,3,0
25187,macross:_do_you_remember_love?,3,0
25188,idolmaster_shiny_colors_song_for_prism,3,0
25189,sunken_fossil_world,3,0
25190,kamen_rider_fourze_(series),3,0
25191,pokemon_tcg_pocket,3,0
25192,star_ocean:_the_last_hope,3,0
25193,friday_the_13th,3,0
25194,tennis_no_ouji-sama,3,0
25195,dragon_quest_i,3,0
25196,red_hood_and_the_outlaws,3,0
25197,atelier_meruru,3,0
25198,gensou_suikoden_v,3,0
25199,honey_come_chatka!!,3,0
25200,choujigen_game_neptune_mk2,3,0
25201,boruto:_two_blue_vortex,3,0
25202,final_gear,3,0
25203,forbidden_scrollery,3,0
25204,tales_weaver,3,0
25205,go!_go!_gris!,3,0
25206,the_big_o,3,0
25207,kirara_fantasia,3,0
25208,mario_tennis,3,0
25209,boku_dake_ga_inai_machi,3,0
25210,pokemon_cafe_remix,3,0
25211,plave,3,0
25212,furyou_michi_~gang_road~,3,0
25213,xenoblade_chronicles_2:_torna_-_the_golden_country,3,0
25214,sasayaku_you_ni_koi_wo_utau,3,0
25215,food_fantasy,3,0
25216,dorei_to_no_seikatsu_~teaching_feeling~,3,0
25217,kimetsu_gakuen,3,0
25218,hamidashi_creative,3,0
25219,romeo_to_cinderella_(vocaloid),3,0
25220,mekakucity_actors,3,0
25221,terminator_(series),3,0
25222,nier_reincarnation,3,0
25223,mahou_senki_lyrical_nanoha_force,3,0
25224,tsugumomo,3,0
25225,initial_d,3,0
25226,comiket_99,3,0
25227,pragmata,3,0
25228,genseishinki_sacred_virth,3,0
25229,drifters,3,0
25230,bamboo_blade,3,0
25231,urara_meirochou,3,0
25232,jubilee_2025,3,0
25233,medaka_box,3,0
25234,kamen_rider_555,3,0
25235,citrus_(saburouta),3,0
25236,production_kawaii,3,0
25237,sengoku_rance,3,0
25238,kamen_rider_(1st_series),3,0
25239,jahy-sama_wa_kujikenai!,3,0
25240,soulcalibur_iv,3,0
25241,gendai_ninjakko_zukan,3,0
25242,ef_(visual_novel),3,0
25243,ninja_slayer,3,0
25244,kuroinu_~kedakaki_seijo_wa_hakudaku_ni_somaru~,3,0
25245,legend_clover,3,0
25246,ouran_high_school_host_club,3,0
25247,winx_club,3,0
25248,sonic_frontiers,3,0
25249,yoake_mae_yori_ruri_iro_na,3,0
25250,after_war_gundam_x,3,0
25251,idolmaster_side-m_growing_stars,3,0
25252,american_mcgee's_alice,3,0
25253,yuusha_ou_gaogaigar,3,0
25254,mirai_akari_project,3,0
25255,beastars,3,0
25256,catherine_(game),3,0
25257,dr._slump,3,0
25258,kemurikusa,3,0
25259,simoun,3,0
25260,doukyuusei_2,3,0
25261,jingling_zhi_dan,3,0
25262,koe_no_katachi,3,0
25263,bunny_garden,3,0
25264,gake_no_ue_no_ponyo,3,0
25265,miru_tights,3,0
25266,monsterverse,3,0
25267,castlevania:_portrait_of_ruin,3,0
25268,strinova,3,0
25269,sekaiju_no_meikyuu_2,3,0
25270,carnival_phantasm,3,0
25271,kannazuki_no_miko,3,0
25272,gundam_msv,3,0
25273,mode_aim,3,0
25274,prison_school,3,0
25275,crazy_raccoon,3,0
25276,atelier_yumia,3,0
25277,mahoutsukai_linn_no_shiawase_na_kekkon,3,0
25278,houshin_engi,3,0
25279,virtua_fighter,3,0
25280,wild_arms_3,3,0
25281,the_simpsons,3,0
25282,kamen_rider_kuuga_(series),3,0
25283,witchblade_(anime),3,0
25284,fatal_fury:_city_of_the_wolves,3,0
25285,top_wo_nerae_2!,3,0
25286,doupo_cangqiong,3,0
25287,fatal_frame_ii:_crimson_butterfly,3,0
25288,comic_kairakuten_beast,3,0
25289,our_life:_beginnings_and_always,3,0
25290,.flow,3,0
25291,da_capo_ii,3,0
25292,kamen_rider_ex-aid_(series),3,0
25293,cutie_honey,3,0
25294,sleeping_beauty_(disney),3,0
25295,animage,3,0
25296,yuri-natsu:_minshuku_kagaya,3,0
25297,gundam_f91,3,0
25298,my_adventures_with_superman,3,0
25299,grappler_baki,3,0
25300,clover_theater,3,0
25301,beauty_and_the_beast_(disney),3,0
25302,hitoribocchi_no_marumaru_seikatsu,3,0
25303,sonic_the_hedgehog_(idw),3,0
25304,18trip,3,0
25305,umamusume:_road_to_the_top,3,0
25306,high_school_dxd_pi,3,0
25307,saturday_night_fever,3,0
25308,yappari_chinchirando,3,0
25309,fire_emblem:_shadow_dragon,3,0
25310,everlasting_summer,3,0
25311,comic_aun,3,0
25312,sore_wa_bokutachi_no_kiseki,3,0
25313,mononoke,3,0
25314,koisuru_asteroid,3,0
25315,girl_cafe_gun,3,0
25316,otonari_no_tenshi-sama_ni_itsu_no_mani_ka_dame_ningen_ni_sarete_ita_ken,3,0
25317,hinako_note,3,0
25318,king_of_prism,3,0
25319,oneshot_(game),3,0
25320,demonbane,3,0
25321,uni_create,3,0
25322,danshi_koukousei_no_nichijou,3,0
25323,girls_und_panzer_ribbon_no_musha,3,0
25324,tribe_nine,3,0
25325,voicepeak,3,0
25326,national_basketball_association,3,0
25327,yu-gi-oh!_go_rush!!,3,0
25328,pixiv_fantasia_3,3,0
25329,kakyuusei,3,0
25330,transformers_(live_action),3,0
25331,the_legend_of_zelda:_echoes_of_wisdom,3,0
25332,foul_detective_satori,3,0
25333,phoenix_wright:_ace_attorney_-_spirit_of_justice,3,0
25334,.hack//g.u.,3,0
25335,gatchaman_crowds,3,0
25336,digimon_ghost_game,3,0
25337,skoshism,3,0
25338,akemiho_tabi_nikki,3,0
25339,ange_vierge,3,0
25340,wednesday_(netflix),3,0
25341,digimon_beatbreak,3,0
25342,eden's_zero,3,0
25343,star_vs_the_forces_of_evil,3,0
25344,langrisser_mobile,3,0
25345,world_of_warships,3,0
25346,comiket_95,3,0
25347,duffy_and_friends,3,0
25348,mahou_shoujo_madoka_magica:_walpurgis_no_kaiten,3,0
25349,onegai_teacher,3,0
25350,atelier_escha_&_logy,3,0
25351,kyu-kurarin_(cevio),3,0
25352,wakfu,3,0
25353,k-project,3,0
25354,da_capo_i,3,0
25355,bokutachi_wa_benkyou_ga_dekinai,3,0
25356,tokimeki_memorial_2,3,0
25357,murder_drones,3,0
25358,sekaiju_no_meikyuu_4,3,0
25359,project_diva_f,3,0
25360,tensui_no_sakuna-hime,3,0
25361,tetris,3,0
25362,wrestle_angels_survivor,3,0
25363,creepypasta,3,0
25364,tsunderia,3,0
25365,legend_of_the_cryptids,3,0
25366,shigatsu_wa_kimi_no_uso,3,0
25367,tatakau_ni_atai_suru,3,0
25368,zettai_karen_children,3,0
25369,mother_1,3,0
25370,absolute_dc,3,0
25371,alice_sherlock:_the_rubious_nebula,3,0
25372,tokimeki_memorial_1,3,0
25373,ar_tonelico_iii,3,0
25374,taimanin_asagi_kessen_arena,3,0
25375,hercules_(1997_movie),3,0
25376,takaramonozu,3,0
25377,fear_&_hunger_1,3,0
25378,kinnikuman,3,0
25379,white_album_2,3,0
25380,wake_up_girls!,3,0
25381,pui_pui_molcar,3,0
25382,eversoul,3,0
25383,the_nightmare_before_christmas,3,0
25384,meridian_project,3,0
25385,precure_all_stars,3,0
25386,shiro_seijo_to_kuro_bokushi,3,0
25387,kyoto_animation,3,0
25388,choukou_shinki_ixseal,3,0
25389,metal_gear_solid_3:_snake_eater,3,0
25390,sarazanmai,3,0
25391,maou-jou_de_oyasumi,3,0
25392,kamiina_botan_yoeru_sugata_wa_yuri_no_hana,3,0
25393,manga_time_kirara,3,0
25394,hakanai_kimi_wa_moukou_wo_hajimeru,3,0
25395,cyphers,3,0
25396,pacific_(kancolle),3,0
25397,doom_eternal,3,0
25398,mashiroiro_symphony,3,0
25399,walt_disney's_peter_pan,3,0
25400,persona_5:_dancing_star_night,3,0
25401,baby_princess,3,0
25402,encanto,3,0
25403,naruto_shippuuden:_ultimate_ninja_blazing,3,0
25404,kanpani_girls,3,0
25405,the_murder_of_sonic_the_hedgehog,3,0
25406,lilo_&_stitch,3,0
25407,oda_nobuna_no_yabou,3,0
25408,the_legend_of_zelda:_a_link_to_the_past,3,0
25409,lotte_no_omocha!,3,0
25410,22/7_ongaku_no_jikan,3,0
25411,pia_carrot_(series),3,0
25412,strawberry_prince,3,0
25413,kmnz,3,0
25414,saga_frontier,3,0
25415,ookami-san,3,0
25416,limelight_lemonade_jam,3,0
25417,marvel_vs._capcom_2,3,0
25418,collar_x_malice,3,0
25419,story_of_eastern_wonderland,3,0
25420,sora_wo_kakeru_shoujo,3,0
25421,roshin_yuukai_(vocaloid),3,0
25422,erha_he_ta_de_bai_mao_shizun,3,0
25423,kowareta_sekai_to_utaenai_miku,3,0
25424,a_song_of_ice_and_fire,3,0
25425,star_driver,3,0
25426,kagura_gumi,3,0
25427,princess_principal_game_of_mission,3,0
25428,coppelion,3,0
25429,juuni_kokuki,3,0
25430,null-meta,3,0
25431,x-men_film_series,3,0
25432,unleashed,3,0
25433,my_life_as_a_teenage_robot,3,0
25434,persona_2_tsumi,3,0
25435,eyeshield_21,3,0
25436,nue_no_onmyouji,3,0
25437,matryoshka_(vocaloid),3,0
25438,echocalypse,3,0
25439,jormungand_(manga),3,0
25440,onsen_musume,3,0
25441,titanfall_2,3,0
25442,ensemble_girls!,3,0
25443,kuso_miso_technique,3,0
25444,demi-chan_wa_kataritai,3,0
25445,voisona,3,0
25446,elfen_lied,3,0
25447,maitetsu,3,0
25448,silent_hill_3,3,0
25449,bobobo-bo_bo-bobo,3,0
25450,first_stage_production,3,0
25451,gensou_suikoden_i,3,0
25452,xxl_woofia,3,0
25453,musuko_ga_kawaikute_shikatanai_mazoku_no_hahaoya,3,0
25454,rakudai_kishi_no_cavalry,3,0
25455,comiket_97,3,0
25456,mishiranu_joshikousei_ni_kankin_sareta_mangaka_no_hanashi,3,0
25457,la_pucelle,3,0
25458,death_stranding,3,0
25459,warframe,3,0
25460,mahoromatic,3,0
25461,makai_senki_disgaea_5,3,0
25462,danna_ga_nani_wo_itte_iru_ka_wakaranai_ken,3,0
25463,cafe-chan_to_break_time,3,0
25464,nijisanji_koshien,3,0
25465,enjo_kouhai,3,0
25466,kakumeiki_valvrave,3,0
25467,taiho_shichauzo,3,0
25468,bural_chingu,3,0
25469,hidan_no_aria,3,0
25470,qinshi_mingyue,3,0
25471,suicide_squad,3,0
25472,darkest_dungeon,3,0
25473,tonari_no_kyuuketsuki-san,3,0
25474,kunio-kun_series,3,0
25475,kumamiko,3,0
25476,143_ocean_boulevard,3,0
25477,sakura-sou_no_pet_na_kanojo,3,0
25478,comiket_96,3,0
25479,tomo-chan_wa_onna_no_ko,3,0
25480,mahoujin_guruguru,3,0
25481,yoru_no_yatterman,3,0
25482,snk_heroines:_tag_team_frenzy,3,0
25483,alice:_madness_returns,3,0
25484,hyrule_warriors:_age_of_calamity,3,0
25485,tokyo_mirage_sessions_fe,3,0
25486,black_bullet,3,0
25487,demon's_souls,3,0
25488,hikaru_no_go,3,0
25489,pornhub,3,0
25490,houchi_shoujo,3,0
25491,miniskirt_pirates,3,0
25492,monster_musume_td,3,0
25493,power_pro-kun_pocket,3,0
25494,code:_kite,3,0
25495,walkure_romanze,3,0
25496,pokemon:_twilight_wings,3,0
25497,tales_of_legendia,3,0
25498,428:_fuusa_sareta_shibuya_de,3,0
25499,pokemon_champions,3,0
25500,seto_no_hanayome,3,0
25501,snow_halation,3,0
25502,girls_und_panzer_little_army,3,0
25503,night_sparrow_love,3,0
25504,rance_x,3,0
25505,kitarou_tanjou:_gegege_no_nazo,3,0
25506,ar_tonelico_i,3,0
25507,shirokami_project,3,0
25508,she-ra_and_the_princesses_of_power,3,0
25509,touhou_danmaku_kagura,3,0
25510,kai-ri-sei_million_arthur,3,0
25511,schwarzesmarken,3,0
25512,kamen_rider_gaim_(series),3,0
25513,kamen_rider_wizard_(series),3,0
25514,star_wars:_the_clone_wars_(2008_tv_series),3,0
25515,canaan_(series),3,0
25516,ojisan_to_marshmallow,3,0
25517,k-on!_movie,3,0
25518,sengoku_otome,3,0
25519,dai_(series),3,0
25520,sword_art_online:_unleashed_blading,3,0
25521,7-eleven,3,0
25522,elona,3,0
25523,strike_witches_zero,3,0
25524,mega_man_x4,3,0
25525,sonic_adventure_2,3,0
25526,mister_donut,3,0
25527,tenki_no_ko,3,0
25528,ginga_eiyuu_densetsu,3,0
25529,yuzusoft,3,0
25530,starward,3,0
25531,nerawareta_megami_tenshi_angel_tear,3,0
25532,nippon_ichi,3,0
25533,vigilante_-boku_no_hero_academia:_illegals-,3,0
25534,pixiv_fate/grand_order_contest_2,3,0
25535,mario_kart_tour,3,0
25536,soulcalibur_vi,3,0
25537,shukusei!!_loli-kami_requiem,3,0
25538,shoujo_ramune,3,0
25539,ace_attorney_investigations_2:_prosecutor's_gambit,3,0
25540,mc_axis,3,0
25541,katanagatari,3,0
25542,ima_sugu_rinne_(vocaloid),3,0
25543,warhammer_fantasy,3,0
25544,galge.com,3,0
25545,looney_tunes,3,0
25546,kamen_rider_blade_(series),3,0
25547,shimeji_simulation,3,0
25548,ragnarok:_guild_masters,3,0
25549,oomakase,3,0
25550,memories_off,3,0
25551,another_eden,3,0
25552,maison_ikkoku,3,0
25553,maria_holic,3,0
25554,guilty_gear_x,3,0
25555,mieruko-chan,3,0
25556,san-x,3,0
25557,mushishi,3,0
25558,phantasmagoria_of_flower_view,3,0
25559,futoku_no_guild,3,0
25560,baccano!,3,0
25561,chaos_online,3,0
25562,napoli_no_otokotachi,3,0
25563,kemomimi_oukoku_kokuei_housou,3,0
25564,kamen_rider_den-o_(series),3,0
25565,idolmaster_starlit_season,3,0
25566,melty_blood:_type_lumina,3,0
25567,eoduun_badaui_deungbul-i_doeeo,3,0
25568,monster_hunter_portable_3rd,3,0
25569,sweets_paradise,3,0
25570,devil_survivor_1,3,0
25571,himawari-san,3,0
25572,sword_art_online:_memory_defrag,3,0
25573,lord_of_heroes,3,0
25574,aku_no_meshitsukai_(vocaloid),3,0
25575,suguri,3,0
25576,black_surge_night,3,0
25577,nurarihyon_no_mago,3,0
25578,off_(game),3,0
25579,google,3,0
25580,tactics_ogre,3,0
25581,rolling_girl_(vocaloid),3,0
25582,kamen_rider_zi-o_(series),3,0
25583,2.5_jigen_no_ririsa,3,0
25584,barbie_(live_action),3,0
25585,iya_na_kao_sare_nagara_opantsu_misete_moraitai,3,0
25586,samsung,3,0
25587,super_blackjack,3,0
25588,agarest_senki_(series),3,0
25589,digimon_xros_wars,3,0
25590,kirby's_return_to_dream_land,3,0
25591,odd_taxi,3,0
25592,ai_the_somnium_files,3,0
25593,fate/extra_ccc_fox_tail,3,0
25594,tamagotchi_(classic),3,0
25595,himehina_channel,3,0
25596,double_dealing_character,3,0
25597,otome_gee_sekai_wa_mob_ni_kibishii_sekai_desu,3,0
25598,chousoku_henkei_gyrozetter,3,0
25599,trigger_(company),3,0
25600,sakura_taisen_v,3,0
25601,lord_of_vermilion,3,0
25602,sdorica,3,0
25603,yandere_simulator,3,0
25604,shijou_saikyou_no_deshi_ken'ichi,3,0
25605,mahou_shoujo_lyrical_nanoha_a's_portable:_the_battle_of_aces,3,0
25606,tsuujou_kougeki_ga_zentai_kougeki_de_ni-kai_kougeki_no_okaasan_wa_suki_desu_ka?,3,0
25607,mighty_no._9,3,0
25608,100%_orange_juice,3,0
25609,rain_world,3,0
25610,kamihime_project,3,0
25611,valkyrie_profile_1,3,0
25612,mega_man_x:_command_mission,3,0
25613,fall_guys,3,0
25614,mega_man_2,3,0
25615,seisenshi_dunbine,3,0
25616,chunithm,3,0
25617,onna_ga_nigate_na_yankee_to_shoujo_no_hanashi,3,0
25618,versailles_no_bara,3,0
25619,half-life_(series),3,0
25620,transformers:_animated,3,0
25621,ga-rei,3,0
25622,masterwork_apocalypse,3,0
25623,nogi_wakaba_wa_yuusha_de_aru,3,0
25624,undead_unluck,3,0
25625,ryoujoku_gakuen,3,0
25626,sword_art_online_progressive,3,0
25627,the_jojolands,3,0
25628,tsukuyomi_moonphase,3,0
25629,slow_start,3,0
25630,microsoft,3,0
25631,gundam_sentinel,3,0
25632,quiz_magic_academy_the_world_evolve,3,0
25633,princess_peach:_showtime!,3,0
25634,kemomimi_refle!,3,0
25635,metroid_fusion,3,0
25636,bokusatsu_tenshi_dokuro-chan,3,0
25637,orc_wa_nozomanai,3,0
25638,moetan,3,0
25639,ikemen_onna_to_hakoiri_musume,3,0
25640,predator_(series),3,0
25641,konjiki_no_gash!!,3,0
25642,seiken_gakuin_no_maken_tsukai,3,0
25643,seikon_no_qwaser,3,0
25644,vyugen,3,0
25645,marl_kingdom,3,0
25646,washio_sumi_wa_yuusha_de_aru,3,0
25647,mimukauwa_nice_try_(vocaloid),3,0
25648,project_diva,3,0
25649,last_period,3,0
25650,fire_emblem_shadows,3,0
25651,shuumatsu_no_valkyrie,3,0
25652,c.c._lemon,3,0
25653,star_ocean:_first_departure,3,0
25654,#compass,3,0
25655,oomuro-ke,3,0
25656,kakyuusei_2,3,0
25657,shounen_jump,3,0
25658,ga-rei_zero,3,0
25659,urasekai_picnic,3,0
25660,andersen's_fairy_tales,3,0
25661,detroit:_become_human,3,0
25662,kamen_rider_gavv_(series),3,0
25663,ninja_gaiden,3,0
25664,dosanko_gal_wa_namaramenkoi,3,0
25665,shine_post,3,0
25666,daiblos_core,3,0
25667,danganronpa/zero,3,0
25668,avatar:_aang_the_last_airbender,3,0
25669,magician's_aerial_dream,3,0
25670,amakano_2,3,0
25671,danball_senki,3,0
25672,king_(vocaloid),3,0
25673,ena:_dream_bbq,3,0
25674,bioshock_(series),3,0
25675,tetsuwan_atom,3,0
25676,tales_of_innocence,3,0
25677,dissidia_duellum_final_fantasy,3,0
25678,illustration.media,3,0
25679,hatsune_miku_happy_16th_birthday_-dear_creators-,3,0
25680,digimon_universe:_appli_monsters,3,0
25681,idol_land_pripara,3,0
25682,nurse_witch_komugi-chan,3,0
25683,hataraku_saibou_black,3,0
25684,rokudenashi_majutsu_koushi_to_akashic_record,3,0
25685,yuushakei_ni_shosu,3,0
25686,itai_no_wa_iya_nano_de_bougyoryoku_ni_kyokufuri_shitai_to_omoimasu,3,0
25687,wangzhe_rongyao,3,0
25688,gynoid_talk,3,0
25689,crystal_maiden_(series),3,0
25690,matai_toshi,3,0
25691,sora_yori_mo_tooi_basho,3,0
25692,warrior_cats,3,0
25693,kirby_air_ride,3,0
25694,watashi_no_oshi_wa_akuyaku_reijou,3,0
25695,c_(control),3,0
25696,natsume_yuujinchou,3,0
25697,ombok_diving_and_delivery_services,3,0
25698,antinomy_of_common_flowers,3,0
25699,super_mario_rpg,3,0
25700,iosys,3,0
25701,iron_man_(series),3,0
25702,pokemon_winds_and_waves,3,0
25703,onegai_my_melody,3,0
25704,hapymaher,3,0
25705,falkyrie_no_monshou,3,0
25706,usseewa,3,0
25707,rikai_no_aru_karen-chan,3,0
25708,blade_runner_(series),3,0
25709,bakuon!!,3,0
25710,vivid_strike!,3,0
25711,code_vein,3,0
25712,shantae_and_the_pirate's_curse,3,0
25713,ys_viii:_lacrimosa_of_dana,3,0
25714,code_geass:_boukoku_no_akito,3,0
25715,ts_magical_girl_nao,3,0
25716,dragon_ball_xenoverse,3,0
25717,the_legend_of_zelda:_spirit_tracks,3,0
25718,transformers:_prime,3,0
25719,hololive_alternative,3,0
25720,soukou_kihei_votoms,3,0
25721,jinrui_wa_suitai_shimashita,3,0
25722,maken-ki!,3,0
25723,invader_zim,3,0
25724,dragon_quest_ix,3,0
25725,choukou_sennin_haruka,3,0
25726,the_super_mario_bros._movie,3,0
25727,queen's_blade_grimoire,3,0
25728,devil_survivor_2,3,0
25729,dragon_musume_ni_naritakunai!,3,0
25730,fallout_4,3,0
25731,paper_mario:_the_origami_king,3,0
25732,cuphead_(game),3,0
25733,hyakka_ryouran_samurai_girls,3,0
25734,me!me!me!,3,0
25735,houkago_teibou_nisshi,3,0
25736,bandai_namco,3,0
25737,super_mario_3d_world,3,0
25738,maimai_(game),3,0
25739,good_omens,3,0
25740,little_tail_bronx,3,0
25741,shimoneta_to_iu_gainen_ga_sonzai_shinai_taikutsu_na_sekai,3,0
25742,tiktok,3,0
25743,dream_hunter_rem,3,0
25744,amaryllis_gumi,3,0
25745,joshi_kousei_rich_thots,3,0
25746,yowamushi_pedal,3,0
25747,tsumamigui_(series),3,0
25748,monobeno,3,0
25749,castlevania:_rondo_of_blood,3,0
25750,melon_girls,3,0
25751,cinderella_(disney_movie),3,0
25752,summon_night_2,3,0
25753,rabbit_and_steel,3,0
25754,osu!,3,0
25755,atelier_ayesha,3,0
25756,duet_night_abyss,3,0
25757,galaxy_angel_rune,3,0
25758,punch-out!!,3,0
25759,comiket_93,3,0
25760,dragon's_dogma_(series),3,0
25761,choujin_x,3,0
25762,ooe_(game),3,0
25763,tom_clancy's_the_division,3,0
25764,anyamal_tantei_kirumin_zoo,3,0
25765,the_legend_of_zelda:_link's_awakening,3,0
25766,the_king_of_fighters_xiii,3,0
25767,pokemon_sleep,3,0
25768,devil_summoner:_soul_hackers,3,0
25769,lotus_land_story,3,0
25770,fantasy_earth,3,0
25771,captain_america:_the_winter_soldier,3,0
25772,starcraft,3,0
25773,ame_to_kimi_to,3,0
25774,makai_tenshi_djibril,3,0
25775,sinsekai_record,3,0
25776,chuugoku_yome_nikki,3,0
25777,fire_emblem_gaiden,3,0
25778,project_hail_mary,3,0
25779,kamen_rider_kabuto_(series),3,0
25780,valkyrie_no_densetsu,3,0
25781,sengoku_taisen,3,0
25782,kaze_no_klonoa,3,0
25783,strike_witches:_katayoku_no_majo-tachi,3,0
25784,tom_and_jerry,3,0
25785,mystic_square,3,0
25786,twin_angel,3,0
25787,gachimuchi,3,0
25788,muse_dash,3,0
25789,ichigo_100%,3,0
25790,sonic_adventure,3,0
25791,yami_to_boushi_to_hon_no_tabibito,3,0
25792,fromsoftware,3,0
25793,virtuareal_link,3,0
25794,druaga_no_tou,3,0
25795,summer_wars,3,0
25796,jet_set_radio,3,0
25797,danganronpa_another,3,0
25798,phoenix_wright:_ace_attorney,3,0
25799,sonic_the_hedgehog_(archie_comics),3,0
25800,wendy's,3,0
25801,djmax_respect,3,0
25802,ginga_tetsudou_999,3,0
25803,brave_girl_ravens,3,0
25804,comic_lo,3,0
25805,goho_mafia!_kajita-kun,3,0
25806,uchi_no_kuroneko_onnanoko,3,0
25807,ryuu_ga_gotoku_0,3,0
25808,paripi_koumei,3,0
25809,red_velvet_(group),3,0
25810,kamen_rider_drive_(series),3,0
25811,bkub,1,0
25812,hammer_(sunset_beach),1,0
25813,ebifurya,1,0
25814,haruyama_kazunori,1,0
25815,itomugi-kun,1,0
25816,ruu_(tksymkw),1,0
25817,kanon_(kurogane_knights),1,0
25818,yaegashi_nan,1,0
25819,mizuki_hitoshi,1,0
25820,kouji_(campus_life),1,0
25821,kou_hiyoyo,1,0
25822,rebecca_(keinelove),1,0
25823,tani_takeshi,1,0
25824,ojipon,1,0
25825,dairi,1,0
25826,pageratta,1,0
25827,matsunaga_kouyou,1,0
25828,onikobe_rin,1,0
25829,bow_(bhp),1,0
25830,bb_(baalbuddy),1,0
25831,naga_u,1,0
25832,tony_taka,1,0
25833,chihuri,1,0
25834,hungry_clicker,1,0
25835,futa_(nabezoko),1,0
25836,gomashio_(goma_feet),1,0
25837,a1_(initial-g),1,0
25838,blade_(galaxist),1,0
25839,hara_(harayutaka),1,0
25840,hisahiko,1,0
25841,minaba_hideo,1,0
25842,qp:flapper,1,0
25843,kirisawa_juuzou,1,0
25844,ramchi,1,0
25845,dd_(ijigendd),1,0
25846,yohane,1,0
25847,namori,1,0
25848,tsukudani_(coke-buta),1,0
25849,colorful_palette,1,0
25850,nanashi_(nlo),1,0
25851,nyantcha,1,0
25852,hiroki_(yyqw7151),1,0
25853,boris_(noborhys),1,0
25854,kato_takuji,1,0
25855,ido_(teketeke),1,0
25856,milkpanda,1,0
25857,mizumizuni,1,0
25858,mitarashi_neko,1,0
25859,drawfag,1,0
25860,ichimi,1,0
25861,dagasi,1,0
25862,carnelian,1,0
25863,zounose,1,0
25864,m-da_s-tarou,1,0
25865,kantoku,1,0
25866,abubu,1,0
25867,yukie_(kusaka_shi),1,0
25868,avogado6,1,0
25869,hisona_(suaritesumi),1,0
25870,ixy,1,0
25871,izumi_tsubasu,1,0
25872,rokugou_daisuke,1,0
25873,sincos,1,0
25874,tsukishiro_saika,1,0
25875,youyume-kun,1,0
25876,anti_(untea9),1,0
25877,yua_(checkmate),1,0
25878,kani_biimu,1,0
25879,slugbox,1,0
25880,rariatto_(ganguri),1,0
25881,warugaki_(sk-ii),1,0
25882,iesupa,1,0
25883,tsunako,1,0
25884,ueyama_michirou,1,0
25885,konoshige_(ryuun),1,0
25886,hamu_koutarou,1,0
25887,gonzarez,1,0
25888,tsuruse,1,0
25889,kouno_(masao),1,0
25890,takafumi,1,0
25891,torotei,1,0
25892,koyama_shigeru,1,0
25893,hews,1,0
25894,agawa_ryou,1,0
25895,nekotoufu,1,0
25896,diva_(hyxpk),1,0
25897,shiseki_hirame,1,0
25898,hizaka,1,0
25899,kotomaru_(kotokoto_kottan),1,0
25900,houtengeki,1,0
25901,shino_(ponjiyuusu),1,0
25902,echo_(circa),1,0
25903,yamamoto_souichirou,1,0
25904,kanikama,1,0
25905,wa_(genryusui),1,0
25906,hana_kazari,1,0
25907,fujima_takuya,1,0
25908,fumihiko_(fu_mihi_ko),1,0
25909,taisa_(kari),1,0
25910,kaamin_(mariarose753),1,0
25911,rotte_(1109),1,0
25912,mattaku_mousuke,1,0
25913,takeuchi_takashi,1,0
25914,lolita_channel,1,0
25915,sofra,1,0
25916,horosuke,1,0
25917,hinghoi,1,0
25918,gweda,1,0
25919,kitsunerider,1,0
25920,yuuji_(and),1,0
25921,neocoill,1,0
25922,beni_shake,1,0
25923,kanduki_kamibukuro,1,0
25924,tomose_shunsaku,1,0
25925,menma_(enaic31),1,0
25926,mochi_au_lait,1,0
25927,sayori_(neko_works),1,0
25928,null_(nyanpyoun),1,0
25929,nikorashi-ka,1,0
25930,sumiyao_(amam),1,0
25931,ayu_(mog),1,0
25932,toosaka_asagi,1,0
25933,enkyo_yuuichirou,1,0
25934,imu_sanjo,1,0
25935,takiki,1,0
25936,zen_(kamuro),1,0
25937,kashikaze,1,0
25938,buzzlyears,1,0
25939,ichikawa_feesu,1,0
25940,miyo_(ranthath),1,0
25941,clearite,1,0
25942,ini_(inunabe00),1,0
25943,goma_(gomasamune),1,0
25944,yuureidoushi_(yuurei6214),1,0
25945,kamille_(vcx68),1,0
25946,yuichirou,1,0
25947,tsuda_nanafushi,1,0
25948,fusu_(a95101221),1,0
25949,aaaa_(quad-a),1,0
25950,minami_(colorful_palette),1,0
25951,koruri,1,0
25952,haruhisky,1,0
25953,wanta_(futoshi),1,0
25954,ohisashiburi,1,0
25955,kurukurumagical,1,0
25956,shiromanta,1,0
25957,yd_(orange_maru),1,0
25958,personal_ami,1,0
25959,ginhaha,1,0
25960,tukiwani,1,0
25961,phantom_cross,1,0
25962,rappa_(rappaya),1,0
25963,ebora,1,0
25964,ishikei,1,0
25965,agahari,1,0
25966,shimada_fumikane,1,0
25967,inoino,1,0
25968,ha_akabouzu,1,0
25969,xinzoruo,1,0
25970,horideiyasumi,1,0
25971,chigusa_minori,1,0
25972,dokomon,1,0
25973,fuuzasa,1,0
25974,sorimachi-doufu,1,0
25975,kawaanago,1,0
25976,onigirikun,1,0
25977,mizuki_makoto,1,0
25978,kankan33333,1,0
25979,maru_(marg0613),1,0
25980,ikeuchi_tanuma,1,0
25981,saiguchi_otoufu,1,0
25982,kaigen_1025,1,0
25983,oouso,1,0
25984,kame_(kamepan44231),1,0
25985,lets0020,1,0
25986,jako_(jakoo21),1,0
25987,pokemoa,1,0
25988,karukan_(monjya),1,0
25989,kinkymation,1,0
25990,fumio_(rsqkr),1,0
25991,butcha-u,1,0
25992,chikuwa.,1,0
25993,kawamochi_(kawauti919),1,0
25994,yukito_(dreamrider),1,0
25995,usashiro_mani,1,0
25996,beer_hsk,1,0
25997,e.o.,1,0
25998,riyo_(lyomsnpmp),1,0
25999,shimazaki_mujirushi,1,0
26000,hori_(hori_no_su),1,0
26001,piromizu,1,0
26002,chanta_(ayatakaoisii),1,0
26003,gurande_(g-size),1,0
26004,yuuhagi_(amaretto-no-natsu),1,0
26005,sheya,1,0
26006,eromame,1,0
26007,mauve,1,0
26008,shirosato,1,0
26009,k-suwabe,1,0
26010,murakami_suigun,1,0
26011,afrobull,1,0
26012,katahira_masashi,1,0
26013,cato_(monocatienus),1,0
26014,kuromiya,1,0
26015,yopparai_oni,1,0
26016,cle_masahiro,1,0
26017,mizumoto_tadashi,1,0
26018,sakura_oriko,1,0
26019,mizuhara_aki,1,0
26020,dr_rex,1,0
26021,kilye_kairi,1,0
26022,cutesexyrobutts,1,0
26023,cougar_(cougar1404),1,0
26024,gibagiba,1,0
26025,dishwasher1910,1,0
26026,ogami_kazuki,1,0
26027,ebi_193,1,0
26028,aldehyde,1,0
26029,samneco,1,0
26030,b-ginga,1,0
26031,jokanhiyou,1,0
26032,tonda,1,0
26033,optionaltypo,1,0
26034,oryo_(oryo04),1,0
26035,mitya,1,0
26036,furaggu_(frag_0416),1,0
26037,kanzakietc,1,0
26038,heripantomorrow,1,0
26039,meito_(maze),1,0
26040,homare_(fool's_art),1,0
26041,otokuyou,1,0
26042,rino_cnc,1,0
26043,akairiot,1,0
26044,mk_(mod0),1,0
26045,re_ghotion,1,0
26046,merryweather,1,0
26047,matsuryuu,1,0
26048,kukie-nyan,1,0
26049,mishima_kurone,1,0
26050,bubukka,1,0
26051,kanade_(kanade_3344),1,0
26052,asanagi,1,0
26053,merunyaa,1,0
26054,momoko_(momopoco),1,0
26055,himura_kiseki,1,0
26056,ajitarou_(setsu),1,0
26057,mossacannibalis,1,0
26058,yukitake_(bullfalk),1,0
26059,horn/wood,1,0
26060,ilya_kuvshinov,1,0
26061,suzuhira_hiro,1,0
26062,sekina,1,0
26063,jjune,1,0
26064,yanyo_(ogino_atsuki),1,0
26065,nishi_koutarou,1,0
26066,tonee,1,0
26067,kawashina_(momen_silicon),1,0
26068,ito_noizi,1,0
26069,meow_(nekodenki),1,0
26070,sky-freedom,1,0
26071,satou_kibi,1,0
26072,uccow,1,0
26073,yoshi_tama,1,0
26074,moyazou_(kitaguni_moyashi_seizoujo),1,0
26075,as109,1,0
26076,izawa_(bhive003),1,0
26077,wakabayashi_toshiya,1,0
26078,asamura_hiori,1,0
26079,masukuza_j,1,0
26080,himajin_noizu,1,0
26081,sakiecho,1,0
26082,kujou_karasuma,1,0
26083,hidefu_kitayan,1,0
26084,dei_shirou,1,0
26085,nori_tamago,1,0
26086,kairunoburogu,1,0
26087,dikko,1,0
26088,jmg,1,0
26089,asutora,1,0
26090,makuwauri,1,0
26091,nanakusa_suzuna,1,0
26092,yabuki_kentarou,1,0
26093,engiyoshi,1,0
26094,karaagetarou,1,0
26095,ryuuichi_(f_dragon),1,0
26096,swd3e2,1,0
26097,ririko_(zhuoyandesailaer),1,0
26098,nanase_nao,1,0
26099,creayus,1,0
26100,massakasama,1,0
26101,misaki_kurehito,1,0
26102,happoubi_jin,1,0
26103,jinguu_(4839ms),1,0
26104,huke,1,0
26105,takeuchi_ryousuke,1,0
26106,watanabe_akio,1,0
26107,colonel_aki,1,0
26108,niwatazumi,1,0
26109,yokochou,1,0
26110,jazz_jack,1,0
26111,isshiki_(ffmania7),1,0
26112,kasumi_(skchkko),1,0
26113,unya,1,0
26114,gunjyou_(gunjyou_00),1,0
26115,yomu_(sgt_epper),1,0
26116,noai_nioshi,1,0
26117,bee_(deadflow),1,0
26118,meyoco,1,0
26119,takato_kurosuke,1,0
26120,ootsuki_wataru,1,0
26121,moisture_(chichi),1,0
26122,yunamaro,1,0
26123,cait_aron,1,0
26124,kazenokaze,1,0
26125,ootomo_takuji,1,0
26126,mikozin,1,0
26127,yamashita_shun'ya,1,0
26128,jcm2,1,0
26129,imizu_(nitro_unknown),1,0
26130,oekakizuki,1,0
26131,tsubobot,1,0
26132,gaoo_(frpjx283),1,0
26133,aoki_(fumomo),1,0
26134,serizawa_serizane,1,0
26135,kaisen_chuui,1,0
26136,mikeou,1,0
26137,niliu_chahui,1,0
26138,goma_(yoku_yatta_hou_jane),1,0
26139,eu03,1,0
26140,kemachiku,1,0
26141,ninahachi,1,0
26142,kagami_hirotaka,1,0
26143,maturiuta_sorato,1,0
26144,harada_takehito,1,0
26145,mikage_takashi,1,0
26146,akitsuki_karasu,1,0
26147,seraziel,1,0
26148,odawara_hakone,1,0
26149,oyari_ashito,1,0
26150,asteroid_ill,1,0
26151,ama_mitsuki,1,0
26152,mery_(yangmalgage),1,0
26153,aoshima,1,0
26154,frapowa,1,0
26155,kishida_mel,1,0
26156,nii_manabu,1,0
26157,umanosuke,1,0
26158,riichu,1,0
26159,kazuma_muramasa,1,0
26160,sakazaki_freddy,1,0
26161,urushihara_satoshi,1,0
26162,mota,1,0
26163,waero,1,0
26164,meremero,1,0
26165,yano_toshinori,1,0
26166,samip,1,0
26167,elf_(stroll_in_the_woods),1,0
26168,mudou_eichi,1,0
26169,kawayabug,1,0
26170,kabayaki_(kabayaki_eel),1,0
26171,dandon_fuga,1,0
26172,taromarun,1,0
26173,lee_(dragon_garou),1,0
26174,kotatsu-mazoku,1,0
26175,pentagon_(railgun_ky1206),1,0
26176,gomennasai,1,0
26177,serebi_ryousangata,1,0
26178,kamogawa_tanuki,1,0
26179,hizuki_yayoi,1,0
26180,engo_(aquawatery),1,0
26181,rtil,1,0
26182,lpip,1,0
26183,do_m_kaeru,1,0
26184,lack,1,0
26185,moke_ro,1,0
26186,unasaka_ryou,1,0
26187,pote_(ptkan),1,0
26188,milkshakework,1,0
26189,obiwan,1,0
26190,yukimoto_shuuji_(gurigura),1,0
26191,tanaka_kusao,1,0
26192,ma_rukan,1,0
26193,satou_yuuki,1,0
26194,fu-ta,1,0
26195,criis-chan,1,0
26196,hoshizuki_(seigetsu),1,0
26197,asaya_minoru,1,0
26198,6_(yuchae),1,0
26199,kirishima_satoshi,1,0
26200,spacezin,1,0
26201,koyorin,1,0
26202,zanntetu,1,0
26203,niwarhythm,1,0
26204,sousouman,1,0
26205,suzuki_toto,1,0
26206,omachi_(slabco),1,0
26207,mozukuzu_(manukedori),1,0
26208,kaiman_garupan,1,0
26209,kichihachi,1,0
26210,kuro_kosyou,1,0
26211,blacknirrow,1,0
26212,em_(totsuzen_no_hakike),1,0
26213,saku_usako_(rabbit),1,0
26214,ikuchan_kaoru,1,0
26215,gmkj,1,0
26216,ergot,1,0
26217,abmayo,1,0
26218,happy_elements,1,0
26219,jin_(mugenjin),1,0
26220,kitahama_(siroimakeinu831),1,0
26221,nonohara_miki,1,0
26222,mamerakkkkko,1,0
26223,koto_inari,1,0
26224,magukappu,1,0
26225,kashiwamochi_yomogi,1,0
26226,harada_(sansei_rain),1,0
26227,inaba_shiki,1,0
26228,waterring,1,0
26229,kase_daiki,1,0
26230,tk8d32,1,0
26231,sunnysideup,1,0
26232,tenken_(gotannda),1,0
26233,mogudan,1,0
26234,ryoji_(nomura_ryouji),1,0
26235,ragho_no_erika,1,0
26236,youko-shima,1,0
26237,ayamy,1,0
26238,kanpa_(campagne_9),1,0
26239,rororo,1,0
26240,ikari_manatsu,1,0
26241,yuuji_(yukimimi),1,0
26242,daram_(shappydude),1,0
26243,haimura_kiyotaka,1,0
26244,setz,1,0
26245,bbb_(friskuser),1,0
26246,kloah,1,0
26247,papa_(shimeguru),1,0
26248,umigarasu_(kitsune1963),1,0
26249,lamb-oic029,1,0
26250,erere,1,0
26251,hotathino,1,0
26252,niichi_(komorebi-palette),1,0
26253,guin_guin,1,0
26254,aestheticc-meme,1,0
26255,jeno,1,0
26256,coroha,1,0
26257,annin_musou,1,0
26258,peach88,1,0
26259,yoshio_(55level),1,0
26260,rinka_(qqqrinkappp),1,0
26261,minato_ojitan,1,0
26262,kusaka_souji,1,0
26263,haru_(nakajou-28),1,0
26264,akinbo_(hyouka_fuyou),1,0
26265,ryouma_(galley),1,0
26266,peso_(cheese_company),1,0
26267,ominaeshi_(takenoko),1,0
26268,tima,1,0
26269,kurikara,1,0
26270,shichimenchou,1,0
26271,starshadowmagician,1,0
26272,meme_(sleepsheep),1,0
26273,scottie_(phantom2),1,0
26274,masuyama_ryou,1,0
26275,lindaroze,1,0
26276,sakuraba_yuuki,1,0
26277,chan_co,1,0
26278,tf_cafe,1,0
26279,g_(genesis1556),1,0
26280,arinu,1,0
26281,inkerton-kun,1,0
26282,aster_crowley,1,0
26283,huyumitsu,1,0
26284,minakami_(flyingman555),1,0
26285,catstudioinc_(punepuni),1,0
26286,no+bi=,1,0
26287,matsuo_yukihiro,1,0
26288,mel_(melty_pot),1,0
26289,chengongzi123,1,0
26290,awa,1,0
26291,distr,1,0
26292,cluseller,1,0
26293,roke_(taikodon),1,0
26294,doitsuken,1,0
26295,jun_(navigavi),1,0
26296,foxyreine,1,0
26297,nironiro,1,0
26298,akkijin,1,0
26299,ban!_(bansankan),1,0
26300,kutan,1,0
26301,sakurazawa_izumi,1,0
26302,bigrbear,1,0
26303,zyugoya,1,0
26304,oimanji,1,0
26305,nishieda,1,0
26306,okina_ika,1,0
26307,rui_(sugar3),1,0
26308,hella_p,1,0
26309,iizuki_tasuku,1,0
26310,tsurui,1,0
26311,greem_bang,1,0
26312,fkey,1,0
26313,utano,1,0
26314,itini-sanshi,1,0
26315,misumi_(macaroni),1,0
26316,ru_zhai,1,0
26317,hot_vr,1,0
26318,shirabi,1,0
26319,pipi_(m1x_mix),1,0
26320,rokuwata_tomoe,1,0
26321,kishida_shiki,1,0
26322,m&m_(mickey_and_mackey),1,0
26323,satou_kuuki,1,0
26324,rangycrow,1,0
26325,jack_dempa,1,0
26326,pochimaru_(marumaru_wanwan),1,0
26327,ulrich_(tagaragakuin),1,0
26328,komone_ushio,1,0
26329,a_re,1,0
26330,takasuma_hiro,1,0
26331,kiritto,1,0
26332,nardack,1,0
26333,ouchi_kaeru,1,0
26334,mitsumoto_jouji,1,0
26335,jjanda,1,0
26336,hibiki_(zerocodo),1,0
26337,syhan,1,0
26338,aono3,1,0
26339,adsouto,1,0
26340,apple_caramel,1,0
26341,seo_tatsuya,1,0
26342,yuuki_hagure,1,0
26343,kyata_ti666,1,0
26344,sei_(kaien_kien),1,0
26345,kuavera,1,0
26346,raptor7,1,0
26347,negom,1,0
26348,isshi_pyuma,1,0
26349,nigari_(ngari_0115),1,0
26350,eiri_(eirri),1,0
26351,choufu_shimin,1,0
26352,lambda_(kusowarota),1,0
26353,fuji_(pixiv24804665),1,0
26354,kopaka_(karda_nui),1,0
26355,eudetenis,1,0
26356,shirow_masamune,1,0
26357,hase_yu,1,0
26358,club3,1,0
26359,otohime_(youngest_princess),1,0
26360,morino_hon,1,0
26361,tandohark,1,0
26362,hospital_king,1,0
26363,i.u.y,1,0
26364,yume_no_owari,1,0
26365,pas_(paxiti),1,0
26366,neoartcore,1,0
26367,kei_jiei,1,0
26368,ittokyu,1,0
26369,chai_(drawingchisanne),1,0
26370,yoshizaki_mine,1,0
26371,7010,1,0
26372,yaneko_uta,1,0
26373,bosshi,1,0
26374,ray.s,1,0
26375,miyagoe_yoshitsuki,1,0
26376,shexyo,1,0
26377,miuku_(marine_sapphire),1,0
26378,shibasaki_shouji,1,0
26379,belko,1,0
26380,e20,1,0
26381,maruki_(punchiki),1,0
26382,deyui,1,0
26383,vahn_yourdoom,1,0
26384,mika_pikazo,1,0
26385,sazaki_ichiri,1,0
26386,rakugaki-biyori,1,0
26387,fuzichoco,1,0
26388,darumoon,1,0
26389,welt_(kinsei_koutenkyoku),1,0
26390,himiya_jouzu,1,0
26391,twin_(tt_lsh),1,0
26392,menotama,1,0
26393,nagian,1,0
26394,nyaru_(nyaru_4126),1,0
26395,hikawa_shou,1,0
26396,tsukareta_san,1,0
26397,horiguchi_yukiko,1,0
26398,kousei_(public_planet),1,0
26399,saru,1,0
26400,deadnooodles,1,0
26401,shigino_sohuzi,1,0
26402,yuune_(ayanepuna),1,0
26403,92m,1,0
26404,ino_(magloid),1,0
26405,rikatan,1,0
26406,nonco,1,0
26407,cedar_(cedar_japonica),1,0
26408,hanazora_satsuki,1,0
26409,iwbitu,1,0
26410,sakino_shingetsu,1,0
26411,hizake_mozu,1,0
26412,eonsang,1,0
26413,ke-ta,1,0
26414,yukataro,1,0
26415,fukidashi_cotton,1,0
26416,hanzou,1,0
26417,no-kan,1,0
26418,mimonel,1,0
26419,niiko_(gonnzou),1,0
26420,kabocha_torute,1,0
26421,kamelie,1,0
26422,decrilus,1,0
26423,na-ga,1,0
26424,xenon_(for_achieve),1,0
26425,kenkou_cross,1,0
26426,sakiyamama,1,0
26427,ishii_hisao,1,0
26428,aztodio,1,0
26429,mtu_(orewamuzituda),1,0
26430,myth1carts,1,0
26431,nagare,1,0
26432,porforever,1,0
26433,lvl_(sentrythe2310),1,0
26434,yoo_tenchi,1,0
26435,kamiya_maneki,1,0
26436,comodox,1,0
26437,mamaloni,1,0
26438,youkan,1,0
26439,nanao_naru,1,0
26440,mattari_yufi,1,0
26441,40hara,1,0
26442,geewhy,1,0
26443,harigane_shinshi,1,0
26444,shibacha,1,0
26445,liya,1,0
26446,ashiyama_yoshinori,1,0
26447,usa37107692,1,0
26448,eto_(ikumika),1,0
26449,kaho_0102,1,0
26450,nozo_(hitomiz),1,0
26451,zandra,1,0
26452,shin_(new),1,0
26453,madcore,1,0
26454,ryusei_hashida,1,0
26455,muririn,1,0
26456,kazutake_hazano,1,0
26457,hong_(white_spider),1,0
26458,capriccio,1,0
26459,wada_arco,1,0
26460,akina_tsukako,1,0
26461,gakky,1,0
26462,mashiro_yukiya,1,0
26463,u_u_zan,1,0
26464,blew_andwhite,1,0
26465,aikawa_ryou,1,0
26466,meimaru_inuchiyo,1,0
26467,untue,1,0
26468,kuzuryuu_kennosuke,1,0
26469,donguri_suzume,1,0
26470,unfairr,1,0
26471,komeshiro_kasu,1,0
26472,dopey_(dopq),1,0
26473,piyodera_mucha,1,0
26474,pako_(pakosun),1,0
26475,momio,1,0
26476,wisespeak,1,0
26477,liang_xing,1,0
26478,redrop,1,0
26479,gotoh_(nekocat),1,0
26480,kfr,1,0
26481,mignon,1,0
26482,gryebooks,1,0
26483,marugoshi_(54burger),1,0
26484,shashaki,1,0
26485,koyuki_(kotatsu358),1,0
26486,satou_daiji,1,0
26487,kara_(color),1,0
26488,komatsu_eiji,1,0
26489,iwashi_dorobou_-r-,1,0
26490,hayabusa_(vert_320),1,0
26491,fujisaki_hikari,1,0
26492,takayaki,1,0
26493,nanashiro_gorou,1,0
26494,at2.,1,0
26495,akara_kai,1,0
26496,waka_(wk4444),1,0
26497,born-to-die,1,0
26498,spam_(spamham4506),1,0
26499,kusanagi_tonbo,1,0
26500,minato_hitori,1,0
26501,neki_(wakiko),1,0
26502,gashi-gashi,1,0
26503,khyle.,1,0
26504,coffee-kizoku,1,0
26505,joy_ride,1,0
26506,lielos,1,0
26507,nt00,1,0
26508,rom_(20),1,0
26509,herada_mitsuru,1,0
26510,robaato,1,0
26511,morisobo,1,0
26512,k_hiro,1,0
26513,liz_(piyoko_piyop),1,0
26514,op_na_yarou,1,0
26515,tofuubear,1,0
26516,allurmilk,1,0
26517,syope,1,0
26518,atelier-moo,1,0
26519,nekoya_(liu),1,0
26520,mashutarou_(neko_no_oyashiro),1,0
26521,shuri_(84k),1,0
26522,murata_range,1,0
26523,komusou_(jinrikisha),1,0
26524,monety,1,0
26525,gaou_(umaiyo_puyoman),1,0
26526,yt_(wai-tei),1,0
26527,sano_toshihide,1,0
26528,reia_76,1,0
26529,genyaky,1,0
26530,cuboon,1,0
26531,yamashichi_(mtseven),1,0
26532,yuki00yo,1,0
26533,kafun,1,0
26534,keenh,1,0
26535,nassukun,1,0
26536,meopun_(meopen429),1,0
26537,mikazuki_akira!,1,0
26538,cis_(carcharias),1,0
26539,norman_maggot,1,0
26540,kapatarou,1,0
26541,suujiniku,1,0
26542,sutahiro_(donta),1,0
26543,tsukiman,1,0
26544,ucmm,1,0
26545,pononozo,1,0
26546,daiaru,1,0
26547,shiratama_(shiratamaco),1,0
26548,pekeko_(pepekekeko),1,0
26549,shengtian,1,0
26550,hitsukuya,1,0
26551,sugimori_ken,1,0
26552,kobuichi,1,0
26553,hagoonha,1,0
26554,hayashiya_zankurou,1,0
26555,norasuko,1,0
26556,mamuru,1,0
26557,saishosaisekojo,1,0
26558,bison_cangshu,1,0
26559,lokulo_no_mawashimono,1,0
26560,melon22,1,0
26561,774_(nanashi),1,0
26562,finalcake,1,0
26563,shimmer,1,0
26564,yamu_(reverse_noise),1,0
26565,mae_(maesanpicture),1,0
26566,haoro,1,0
26567,y.ssanoha,1,0
26568,nottytiffy,1,0
26569,chita_(ketchup),1,0
26570,ameno_(a_meno0),1,0
26571,miyase_mahiro,1,0
26572,yamato_nadeshiko_(nadeshiko0328),1,0
26573,wata_do_chinkuru,1,0
26574,tetsu_(kimuchi),1,0
26575,zucchini,1,0
26576,alpha_(yukai_na_nakamatachi),1,0
26577,ryuusei_(mark_ii),1,0
26578,shinama,1,0
26579,fumio_(ura_fmo),1,0
26580,hemogurobin_a1c,1,0
26581,lemon89h,1,0
26582,t2r,1,0
26583,kiyama_satoshi,1,0
26584,lm_(legoman),1,0
26585,donburi_(donburikazoku),1,0
26586,kou_mashiro,1,0
26587,sukoyaka_(100hituzi),1,0
26588,omone_hokoma_agm,1,0
26589,junkzero,1,0
26590,sydus,1,0
26591,surio,1,0
26592,halcon,1,0
26593,shibori_kasu,1,0
26594,aozora_market,1,0
26595,lasterk,1,0
26596,tanabe_(fueisei),1,0
26597,tama_(tamago),1,0
26598,akino_shuu,1,0
26599,non_(z-art),1,0
26600,sugimura_tomokazu,1,0
26601,hetza_(hellshock),1,0
26602,hiten_(hitenkei),1,0
26603,komaku_juushoku,1,0
26604,urin,1,0
26605,katayama_kei,1,0
26606,berusuke_(beru_no_su),1,0
26607,hamao,1,0
26608,azasuke,1,0
26609,boa_(brianoa),1,0
26610,mitsumi_misato,1,0
26611,dermar,1,0
26612,porurin,1,0
26613,kuroboshi_kouhaku,1,0
26614,mukakin,1,0
26615,blushyspicy,1,0
26616,ibuki_notsu,1,0
26617,syuri22,1,0
26618,mataro_(matarou),1,0
26619,abe_kanari,1,0
26620,amasora_taichi,1,0
26621,mpien,1,0
26622,makuran,1,0
26623,xiujia_yihuizi,1,0
26624,sooon,1,0
26625,iahfy,1,0
26626,nishikujic,1,0
26627,jtveemo,1,0
26628,sciamano240,1,0
26629,bai_lao_shu,1,0
26630,ruukii_drift,1,0
26631,ryouka_(suzuya),1,0
26632,mahoro_(minase_mahoro),1,0
26633,kurou_(quadruple_zero),1,0
26634,bigkwl,1,0
26635,jetto_komusou,1,0
26636,hm_(hmongt),1,0
26637,zankuro,1,0
26638,ewa_(seraphhuiyu),1,0
26639,poch4n,1,0
26640,jingai_modoki,1,0
26641,gotyou,1,0
26642,nannacy7,1,0
26643,yone_kinji,1,0
26644,akagashi_hagane,1,0
26645,himeyamato,1,0
26646,kyouda_suzuka,1,0
26647,kurokoshou_(emuburemu123),1,0
26648,namaniku_atk,1,0
26649,makicha_(sasurainopink),1,0
26650,tsuji_santa,1,0
26651,ichiba_youichi,1,0
26652,konbu_wakame,1,0
26653,munmu-san,1,0
26654,at_classics,1,0
26655,jyt,1,0
26656,fujigaya_arctia,1,0
26657,sumeragi_kohaku,1,0
26658,baba_(baba_seimaijo),1,0
26659,reverse_(bluefencer),1,0
26660,konpeto,1,0
26661,nogi_takayoshi,1,0
26662,hellandheaven,1,0
26663,sakimori_(hououbds),1,0
26664,habsida_(habsida_hpy),1,0
26665,minamura_haruki,1,0
26666,barbariank,1,0
26667,tama_(tamatamo),1,0
26668,oroborus,1,0
26669,miranofuudoria,1,0
26670,furukawa_(yomawari),1,0
26671,fumitan_(humitan),1,0
26672,m.m,1,0
26673,mosho,1,0
26674,modare,1,0
26675,soejima_shigenori,1,0
26676,shimouki_izui,1,0
26677,shikito_(yawa0w0),1,0
26678,kouno_hikaru,1,0
26679,nanami_(nunnun_0410),1,0
26680,yukia_(firstaid0),1,0
26681,cool-kyou_shinja,1,0
26682,diesel-turbo,1,0
26683,osiimi,1,0
26684,kurozawa_yui,1,0
26685,caffein,1,0
26686,arnest,1,0
26687,moyoron,1,0
26688,onsoku_inu,1,0
26689,yume_shokunin,1,0
26690,petenshi_(dr._vermilion),1,0
26691,kotobuki_(tiny_life),1,0
26692,popqn,1,0
26693,neon-tetora,1,0
26694,machismo_fuji,1,0
26695,tsukiyo_(skymint),1,0
26696,tenshin_amaguri_(inobeeto),1,0
26697,xiacheng_tatsuya,1,0
26698,torinone,1,0
26699,muuran,1,0
26700,hatano_kiyoshi,1,0
26701,onija_tarou,1,0
26702,amazon_(taitaitaira),1,0
26703,ransusan,1,0
26704,momiji_mao,1,0
26705,sen_(astronomy),1,0
26706,greenteaneko,1,0
26707,yagisaka_seto,1,0
26708,whoosaku,1,0
26709,mawaru_(mawaru),1,0
26710,miclot,1,0
26711,torisan,1,0
26712,karory,1,0
26713,kotoyama,1,0
26714,seneto,1,0
26715,ringeko-chan,1,0
26716,inu_(aerodog),1,0
26717,sakimori_dan,1,0
26718,hirasaka_makoto,1,0
26719,deetamu,1,0
26720,falken_(yutozin),1,0
26721,nise_dorothia,1,0
26722,takahashi_kurage,1,0
26723,misumi_(niku-kyu),1,0
26724,ukata,1,0
26725,mata_(matasoup),1,0
26726,yonedatomo_mizu,1,0
26727,mina_cream,1,0
26728,umekichi,1,0
26729,amazuyu_tatsuki,1,0
26730,itou_yuuji,1,0
26731,melowh,1,0
26732,ramudia_(lamyun),1,0
26733,orphen_(pink_seito),1,0
26734,kokaki_mumose,1,0
26735,koku,1,0
26736,rei_(rei's_room),1,0
26737,hitotsuki_nebura,1,0
26738,dannex009,1,0
26739,mashuu_masaki,1,0
26740,pochincoff,1,0
26741,osashin_(osada),1,0
26742,socha,1,0
26743,givuchoko,1,0
26744,kawakami_rokkaku,1,0
26745,cofffee,1,0
26746,oni-noboru,1,0
26747,natsuki_teru,1,0
26748,aogisa,1,0
26749,yu-ta,1,0
26750,starraisins,1,0
26751,masara_(chuujou),1,0
26752,eroe,1,0
26753,gazacy_(dai),1,0
26754,jabara_tornado,1,0
26755,rotomdocs,1,0
26756,felutiahime,1,0
26757,greatm8,1,0
26758,daaku_(koizumi_arata),1,0
26759,alp,1,0
26760,jizeru_(giselebon),1,0
26761,seramikku,1,0
26762,asahina_yoshitoshi,1,0
26763,kuro_suto_sukii,1,0
26764,haoni,1,0
26765,kagematsuri,1,0
26766,yuki_arare,1,0
26767,cad_(caddo),1,0
26768,elfenlied22,1,0
26769,lazyartlazy12,1,0
26770,kojima_saya,1,0
26771,d-rex,1,0
26772,rioshi,1,0
26773,chamaji,1,0
26774,satou_shouji,1,0
26775,thomas_8000,1,0
26776,kitahara_tomoe_(kitahara_koubou),1,0
26777,kiri_futoshi,1,0
26778,binsen,1,0
26779,okpriko,1,0
26780,kakure_eria,1,0
26781,suyasuyabi,1,0
26782,baffu,1,0
26783,azumi_(myameco),1,0
26784,koutaro,1,0
26785,topu,1,0
26786,goto_p,1,0
26787,harusame_(unmei_no_ikasumi),1,0
26788,sunhyun,1,0
26789,mizuryu_kei,1,0
26790,mibu_natsuki,1,0
26791,boushi-ya,1,0
26792,daizu_(melon-lemon),1,0
26793,yoako,1,0
26794,mefomefo,1,0
26795,9rimson,1,0
26796,kobayashi_chisato,1,0
26797,mo_(kireinamo),1,0
26798,hirano_katsuyuki,1,0
26799,kawata_hisashi,1,0
26800,chacharan,1,0
26801,mushi024,1,0
26802,puddinghomhom,1,0
26803,aurahack,1,0
26804,nakahira_guy,1,0
26805,swordsouls,1,0
26806,echj,1,0
26807,advarcher,1,0
26808,watarui,1,0
26809,seihekiog,1,0
26810,matsuda_(matsukichi),1,0
26811,yuuma_(skirthike),1,0
26812,hajika,1,0
26813,xingzhi_lv,1,0
26814,momo_no_sukebe,1,0
26815,mutsuki_(moonknives),1,0
26816,katou_shinobu,1,0
26817,kamisimo_90,1,0
26818,yakob_labo,1,0
26819,unowen,1,0
26820,shinapuu,1,0
26821,ricegnat,1,0
26822,rakeemspoon,1,0
26823,shiratama_(hockey),1,0
26824,konosuba!_fantastic_days_art_team,1,0
26825,luke_(dydansgur),1,0
26826,fun_bo,1,0
26827,tottotonero,1,0
26828,migolu,1,0
26829,musouzuki,1,0
26830,gazing_eye,1,0
26831,fuukadia_(narcolepsy),1,0
26832,harumina_mau,1,0
26833,haru_(konomi_150),1,0
26834,tanaka_ryou,1,0
26835,ri-net,1,0
26836,kamitsurugi_ouka,1,0
26837,nodachi_(nodati51),1,0
26838,natsuya_(kuttuki),1,0
26839,gentsuki,1,0
26840,miwa_shirow,1,0
26841,pochi_(pochi-goya),1,0
26842,gawako,1,0
26843,hiememiko,1,0
26844,orizen,1,0
26845,yanagi_wakana,1,0
26846,dede_(qwea_00000),1,0
26847,yashin_(yasinz),1,0
26848,wss_(nicoseiga19993411),1,0
26849,iwasi_29,1,0
26850,deaver,1,0
26851,bae_(baebae),1,0
26852,megao_3rd,1,0
26853,nitamako_(sakamalh),1,0
26854,riz,1,0
26855,culter,1,0
26856,akeyama_kitsune,1,0
26857,ponzu_rui,1,0
26858,yuri_kyanon,1,0
26859,huhi_(huhi_1211),1,0
26860,chado,1,0
26861,hiro_(hirohiro31),1,0
26862,monori_rogue,1,0
26863,saigado,1,0
26864,hairu,1,0
26865,udon_(shiratama),1,0
26866,kimoshi,1,0
26867,shinanoya_(satanicad),1,0
26868,amezawa_koma,1,0
26869,kupa_(jesterwii),1,0
26870,hisasi,1,0
26871,fuya_(tempupupu),1,0
26872,morikura_en,1,0
26873,yappen,1,0
26874,akitetsu,1,0
26875,ideolo,1,0
26876,naru_(wish_field),1,0
26877,cream_(nipakupa),1,0
26878,tasaka_shinnosuke,1,0
26879,ninai,1,0
26880,zekkyon,1,0
26881,maki_(seventh_heaven_maxion),1,0
26882,ao_banana,1,0
26883,kotoba_noriaki,1,0
26884,silence_girl,1,0
26885,nigou,1,0
26886,tab_head,1,0
26887,piripun,1,0
26888,kamikiririp,1,0
26889,tori_(minamopa),1,0
26890,kamiyoshi_rika,1,0
26891,sakimiya_(inschool),1,0
26892,mashima_hiro,1,0
26893,ejami,1,0
26894,aki99,1,0
26895,kaga3chi,1,0
26896,shirokuma_a,1,0
26897,pataneet,1,0
26898,nahaki,1,0
26899,ateoyh,1,0
26900,nakajima_yuka,1,0
26901,genzoman,1,0
26902,nollety,1,0
26903,takanashi_kei_(hitsujikan),1,0
26904,nanoless,1,0
26905,nora_higuma,1,0
26906,camonome,1,0
26907,yomosaka,1,0
26908,hxd,1,0
26909,saitou_natsuki,1,0
26910,kasuga_yukihito,1,0
26911,kuroi_mimei,1,0
26912,23_(real_xxiii),1,0
26913,taketora_suzume,1,0
26914,teddypocky,1,0
26915,themaestronoob,1,0
26916,sakaki_imasato,1,0
26917,mizuumi_(bb),1,0
26918,yukichi_(eikichi),1,0
26919,matsumoto_tomoyohi,1,0
26920,darkmaya,1,0
26921,ddolbang,1,0
26922,yamabukiiro,1,0
26923,bacius,1,0
26924,prywinko,1,0
26925,exlic,1,0
26926,masami_chie,1,0
26927,mokufuu,1,0
26928,rebe11,1,0
26929,rinotuna,1,0
26930,hotate-chan,1,0
26931,fugtrup,1,0
26932,kajimakoto,1,0
26933,wokada,1,0
26934,woodonly,1,0
26935,mondi_hl,1,0
26936,less,1,0
26937,redcomet,1,0
26938,azumi_kazuki,1,0
26939,ameyama_denshin,1,0
26940,montemasa,1,0
26941,totokichi,1,0
26942,kararage_tsune,1,0
26943,cian_yo,1,0
26944,centurii-chan,1,0
26945,nullma,1,0
26946,akadako,1,0
26947,kuena,1,0
26948,kumadano,1,0
26949,kenshin187,1,0
26950,shpo,1,0
26951,kumiko_shiba,1,0
26952,infukun,1,0
26953,hayashi_custom,1,0
26954,oldsickkim,1,0
26955,zunusama,1,0
26956,bunbun,1,0
26957,ouma_tokiichi,1,0
26958,kokudou_juunigou,1,0
26959,festa11307070,1,0
26960,erubo,1,0
26961,9law,1,0
26962,fuantei,1,0
26963,sousou_(sousouworks),1,0
26964,miura-n315,1,0
26965,aile_(crossroads),1,0
26966,poronegi,1,0
26967,kotochi_re,1,0
26968,takepoison,1,0
26969,seki_(red_shine),1,0
26970,guweiz,1,0
26971,boppin,1,0
26972,neko_majin,1,0
26973,kamishima_kanon,1,0
26974,mikoyan,1,0
26975,kisetsu,1,0
26976,asazuki_norito,1,0
26977,darjeeling_(reley),1,0
26978,robo_mikan,1,0
26979,hu_dako,1,0
26980,shiroshi_(denpa_eshidan),1,0
26981,nagase_haruhito,1,0
26982,varniskarnis,1,0
26983,rouka_(akatyann),1,0
26984,ndgd,1,0
26985,dars_(recolors),1,0
26986,hitotose_rin,1,0
26987,derauea,1,0
26988,casino_(casinoep),1,0
26989,konnyaku_(kk-monmon),1,0
26990,hyde_(tabakko),1,0
26991,anbe_yoshirou,1,0
26992,michael_f91,1,0
26993,noyama_takenoko,1,0
26994,kamezaemon,1,0
26995,haniwa_(leaf_garden),1,0
26996,cura,1,0
26997,pan_(mimi),1,0
26998,techi_(techi35499),1,0
26999,redjet,1,0
27000,sugano_manami,1,0
27001,nyong_nyong,1,0
27002,akiyama_enma,1,0
27003,yaomai,1,0
27004,shepherd0821,1,0
27005,tamtamdi,1,0
27006,yakisobapan_tarou_&_negitoro-ko,1,0
27007,araneesama,1,0
27008,kawai_ritsu_(rits_meg),1,0
27009,mochizuki_kei,1,0
27010,yasume_yukito,1,0
27011,suurin_(ksyaro),1,0
27012,aningay,1,0
27013,fukahire_(ruinon),1,0
27014,suo_bu_ye_feng,1,0
27015,kikumaru_bunta,1,0
27016,saki_chisuzu,1,0
27017,toraishi_666,1,0
27018,yamanashi_taiki,1,0
27019,yoru_nai,1,0
27020,sako_(bosscoffee),1,0
27021,bluefield,1,0
27022,kamizono_(spookyhouse),1,0
27023,korie_riko,1,0
27024,shikushiku_(amamori_weekly),1,0
27025,torimaru,1,0
27026,bekkankou,1,0
27027,kaiga,1,0
27028,beijuu,1,0
27029,sugiyuu,1,0
27030,onsen_tamago_(hs_egg),1,0
27031,ge-b,1,0
27032,sasucchi95,1,0
27033,mikazuki_neko,1,0
27034,infinote,1,0
27035,twrlare,1,0
27036,nanaroku_(fortress76),1,0
27037,asakuraf,1,0
27038,mayo_riyo,1,0
27039,yuto_(dialique),1,0
27040,krudears,1,0
27041,gishiki_(gshk),1,0
27042,shiwasu_no_okina,1,0
27043,seijun,1,0
27044,newo_(shinra-p),1,0
27045,mizikayo,1,0
27046,mikan_(chipstar182),1,0
27047,takatsuki_nato,1,0
27048,hatsunatsu,1,0
27049,noah_(tettsui-sole),1,0
27050,yun_cao_bing,1,0
27051,john_doe_(jdart),1,0
27052,noripachi,1,0
27053,mikagami_hiyori,1,0
27054,torako_(toramaru),1,0
27055,zannen_na_hito,1,0
27056,kelvin_hiu,1,0
27057,possummachine,1,0
27058,nagami_yuu,1,0
27059,takeshima_eku,1,0
27060,yonu_(yonurime),1,0
27061,tomu_(tomubobu),1,0
27062,kotatsu_(g-rough),1,0
27063,onyhakase,1,0
27064,suwaneko,1,0
27065,ohasi,1,0
27066,hiiragi_yuuichi,1,0
27067,nedia_(nedia_region),1,0
27068,matanonki,1,0
27069,moketa,1,0
27070,tokkakyou,1,0
27071,suzunone_rena,1,0
27072,you_(noanoamoemoe),1,0
27073,taira_yuuki,1,0
27074,vamos_mk,1,0
27075,fir3born,1,0
27076,emily_(pure_dream),1,0
27077,aoi_nagisa_(metalder),1,0
27078,akashio_(loli_ace),1,0
27079,aosora2823,1,0
27080,seiran_(mousouchiku),1,0
27081,vilde_loh_hocen,1,0
27082,naokomama,1,0
27083,yoi_naosuke,1,0
27084,machi_(machi0910),1,0
27085,takatsuki_ichi,1,0
27086,duke_(inu_daimyou),1,0
27087,natsume_eri,1,0
27088,teoi_(good_chaos),1,0
27089,siu_(siu0207),1,0
27090,studionice2011,1,0
27091,inanaki_shiki,1,0
27092,namauni,1,0
27093,misaki_nonaka,1,0
27094,sukja,1,0
27095,ng1sh8,1,0
27096,sachito,1,0
27097,stanley_lau,1,0
27098,soranamae,1,0
27099,nagishiro_mito,1,0
27100,kamukamu_(ars),1,0
27101,kadeart,1,0
27102,raine_(acke2445),1,0
27103,necro_(nekurodayo),1,0
27104,kinona,1,0
27105,jrpencil,1,0
27106,eichi_yuu,1,0
27107,kozaki_yuusuke,1,0
27108,hyurasan,1,0
27109,gaston18,1,0
27110,edarow,1,0
27111,wakura_(gcdan),1,0
27112,gemu555,1,0
27113,itto_(mentaiko),1,0
27114,mi_taro333,1,0
27115,v-mag,1,0
27116,akagi_kurage,1,0
27117,fathom,1,0
27118,oso_(toolate),1,0
27119,aoki_shizumi,1,0
27120,ainy,1,0
27121,ishikkoro,1,0
27122,totatokeke,1,0
27123,chiimako,1,0
27124,kikuyoshi_(tracco),1,0
27125,rei_(sanbonzakura),1,0
27126,gomtang,1,0
27127,nishii_(damnedrive),1,0
27128,hanekoto,1,0
27129,takashia,1,0
27130,harimoji,1,0
27131,y2,1,0
27132,pudgeruffian,1,0
27133,lunacle,1,0
27134,shima_(wansyon144),1,0
27135,tony_guisado,1,0
27136,mosha,1,0
27137,molu_stranger,1,0
27138,haruri,1,0
27139,shirotsumekusa,1,0
27140,sasanon_(sasapoliton),1,0
27141,846-gou,1,0
27142,mitarashi_kousei,1,0
27143,piyokichi,1,0
27144,crow_(siranui),1,0
27145,gabriel_evangel,1,0
27146,shone,1,0
27147,combos_&_doodles,1,0
27148,shika_miso,1,0
27149,homura_subaru,1,0
27150,shinshin,1,0
27151,tomobe_kinuko,1,0
27152,redi_(rasec_asdjh),1,0
27153,nikki_kyousuke,1,0
27154,nameo_(judgemasterkou),1,0
27155,haguhagu_(rinjuu_circus),1,0
27156,spindle_(aidenr0),1,0
27157,yanagi_(nurikoboshi),1,0
27158,tatsumi_ray,1,0
27159,aoi_(annbi),1,0
27160,kuya_(hey36253625),1,0
27161,yasaikakiage,1,0
27162,shirako_(kirupi),1,0
27163,hizuki_akira,1,0
27164,maco22,1,0
27165,shiwasu_horio,1,0
27166,doyouwantto,1,0
27167,akasaai,1,0
27168,sazanami_mio,1,0
27169,koyubi_(littlefinger1988),1,0
27170,illu_(illu_stratos),1,0
27171,misteor,1,0
27172,deco_(geigeki_honey),1,0
27173,eretto,1,0
27174,jeneral,1,0
27175,ironlily,1,0
27176,nyuu_(manekin-eko),1,0
27177,houraku,1,0
27178,miri_(ago550421),1,0
27179,baileys_(tranquillity650),1,0
27180,christian_young,1,0
27181,mitsurugi_sugar,1,0
27182,betanonbeet,1,0
27183,ryo_(tg290),1,0
27184,cromachina,1,0
27185,lansane,1,0
27186,6u_(eternal_land),1,0
27187,umishima_senbon,1,0
27188,ekrea_jan,1,0
27189,saitou_masatsugu,1,0
27190,sirokuma_shake,1,0
27191,ekz_(robotekz),1,0
27192,ayakura_juu,1,0
27193,koflif,1,0
27194,kawai_(purplrpouni),1,0
27195,murata_tefu,1,0
27196,kibisake,1,0
27197,zasshu,1,0
27198,anmi,1,0
27199,ashiomi_masato,1,0
27200,midorikawa_you,1,0
27201,misekai_555,1,0
27202,noco_(adamas),1,0
27203,momisan,1,0
27204,yadokari_genpachirou,1,0
27205,konishi_(koconatu),1,0
27206,redlhzz,1,0
27207,m_k,1,0
27208,hanauna,1,0
27209,cafekun,1,0
27210,amazuki_jou,1,0
27211,atg_(wttoo0202),1,0
27212,shibafu_(glock23),1,0
27213,somebody_(leiking00),1,0
27214,mikazuchi_zeus,1,0
27215,torriet,1,0
27216,uranaishi_(miraura),1,0
27217,natsu_(anta_tte_hitoha),1,0
27218,mocha_(cotton),1,0
27219,kozue_akari,1,0
27220,kurione_(zassou),1,0
27221,tksand,1,0
27222,tilt-shift_(azalanz),1,0
27223,mirin_chikuwa,1,0
27224,yuuki_rika,1,0
27225,aki_(neyuki41028),1,0
27226,shiina_excel,1,0
27227,paragasu_(parags112),1,0
27228,sorani_(kaeru0768),1,0
27229,kojima_takeshi,1,0
27230,qiandaiyiyu,1,0
27231,sakuya_tsuitachi,1,0
27232,otoi_rekomaru,1,0
27233,nploser,1,0
27234,nuu_(nu-nyu),1,0
27235,tp_p_pt,1,0
27236,lpikamasi,1,0
27237,sak_(lemondisk),1,0
27238,nekono_matatabi,1,0
27239,mu46016419,1,0
27240,arano_oki,1,0
27241,neit_ni_sei,1,0
27242,yutakasan-love,1,0
27243,dsmile,1,0
27244,tomimon,1,0
27245,ebiblue,1,0
27246,ssalbulre,1,0
27247,weee_(raemz),1,0
27248,konno_tohiro,1,0
27249,michairu,1,0
27250,muchi_maro,1,0
27251,michii_yuuki,1,0
27252,senomoto_hisashi,1,0
27253,enjaku_izuku,1,0
27254,monikano,1,0
27255,honjou_raita,1,0
27256,bellhenge,1,0
27257,hisen_kaede,1,0
27258,kajin_(kajinman),1,0
27259,skeptycally,1,0
27260,tanashi_(mk2),1,0
27261,the_golden_smurf,1,0
27262,inoue_sora,1,0
27263,tsuranukko,1,0
27264,pigeon666,1,0
27265,gibun_(sozoshu),1,0
27266,nobita_(makoto7060355),1,0
27267,junsuina_fujunbutsu,1,0
27268,butterchalk,1,0
27269,kei_(keigarou),1,0
27270,kakizaki_(chou_neji),1,0
27271,koi_(koisan),1,0
27272,miyako_hito,1,0
27273,ryuki_(ryukisukune),1,0
27274,f4samurai,1,0
27275,umyonge_(lkakeu),1,0
27276,quick_waipa,1,0
27277,toka_(marchlizard),1,0
27278,kurachi_mizuki,1,0
27279,komi_zumiko,1,0
27280,nakatani_nio,1,0
27281,papajay_(jennygin2),1,0
27282,amagi_(amagi626),1,0
27283,kiku_hitomoji,1,0
27284,hanasaka_houcha,1,0
27285,azusa_(hws),1,0
27286,coffeekite,1,0
27287,shabana_may,1,0
27288,glassy0302,1,0
27289,noriuma,1,0
27290,sasaame,1,0
27291,kutsuki_kai,1,0
27292,ayagi_daifuku,1,0
27293,shnva,1,0
27294,hidari_(left_side),1,0
27295,akai_sashimi,1,0
27296,ougi_hina,1,0
27297,pottsness,1,0
27298,kanniiepan,1,0
27299,uni8,1,0
27300,mvv,1,0
27301,zuwai_kani,1,0
27302,takaman_(gaffe),1,0
27303,iyokan_momiji,1,0
27304,tomari_(veryberry00),1,0
27305,nanase_miori,1,0
27306,hokuro_ryuuseigun,1,0
27307,non_(kumakawayusu),1,0
27308,hi_you_(flying_bear),1,0
27309,omaru_gyuunyuu,1,0
27310,kunabishi,1,0
27311,nia_(nia4294),1,0
27312,jonsun,1,0
27313,fukuro_(maruaru00),1,0
27314,ame.,1,0
27315,yuzuna99,1,0
27316,asanagi_shion,1,0
27317,kannko_bokujou,1,0
27318,uenomigi,1,0
27319,yamada_rei_(rou),1,0
27320,azuma_meri,1,0
27321,pallad,1,0
27322,mimimi_(mimimim9999),1,0
27323,eufoniuz,1,0
27324,wool_(miwol),1,0
27325,oda_ken'ichi,1,0
27326,teshima_nari,1,0
27327,ryuu.,1,0
27328,kuro_(toi_et_moi),1,0
27329,sseopik,1,0
27330,echo_saber,1,0
27331,speedl00ver,1,0
27332,hwansang,1,0
27333,nakabayashi_zun,1,0
27334,kazuma_(kazumav),1,0
27335,mochirong,1,0
27336,goback,1,0
27337,fuuma_nagi,1,0
27338,murabito_c,1,0
27339,gearous,1,0
27340,soon_(c-u-soon),1,0
27341,ginko_(silver_fox),1,0
27342,watanabe_yoshihiro,1,0
27343,imoko_(imonatsuki),1,0
27344,ro_g_(oowack),1,0
27345,blvefo9,1,0
27346,chipa_(arutana),1,0
27347,synecdoche,1,0
27348,kikurage_(crayon_arts),1,0
27349,terada_tera,1,0
27350,yano_mitsuki_(nanairo),1,0
27351,gachou,1,0
27352,mitha,1,0
27353,himura_moritaka,1,0
27354,terrajin,1,0
27355,hakusai_(tiahszld),1,0
27356,goshiki_suzu,1,0
27357,amane_hasuhito,1,0
27358,bococho,1,0
27359,minew,1,0
27360,nakkar,1,0
27361,yajirushi_(chanoma),1,0
27362,xter,1,0
27363,shiro9jira,1,0
27364,isaki_(gomi),1,0
27365,momose_(oqo),1,0
27366,efe,1,0
27367,jellytits-7,1,0
27368,batta_16-sei,1,0
27369,dasdokter,1,0
27370,matsuda_yuusuke,1,0
27371,nikoo,1,0
27372,mcgunngu,1,0
27373,henyaan_(oreizm),1,0
27374,fukai_ryosuke,1,0
27375,kugimiya_atsuki,1,0
27376,saipaco,1,0
27377,silly_(marinkomoe),1,0
27378,rindou_(radical_dream),1,0
27379,herohero_(higashi_no_dou),1,0
27380,shitacemayo,1,0
27381,munakata_(sekimizu_kazuki),1,0
27382,osakana_(denpa_yun'yun),1,0
27383,karutamo,1,0
27384,mumyou_ishi,1,0
27385,uneg,1,0
27386,takayama_toshinori,1,0
27387,kisaragi_nana,1,0
27388,rin_yuu,1,0
27389,muku_(muku-coffee),1,0
27390,ohta_yuichi,1,0
27391,amisu,1,0
27392,nishimata_aoi,1,0
27393,chamaruk,1,0
27394,senri_gan,1,0
27395,giraffe_(ilconte),1,0
27396,tsukumo_(soar99),1,0
27397,pairan,1,0
27398,taka_(takahirokun),1,0
27399,sonson_(eleven),1,0
27400,nakamura_regura,1,0
27401,fujitaka_nasu,1,0
27402,yamamomo_(plank),1,0
27403,parsley-f,1,0
27404,chahan_(fried_rice0614),1,0
27405,clamp_(circle),1,0
27406,fagi_(kakikaki),1,0
27407,sapphire_(nine),1,0
27408,rune_(dualhart),1,0
27409,greatmosu,1,0
27410,okiraku_nikku,1,0
27411,csyday,1,0
27412,alphonse_(white_datura),1,0
27413,okuri_banto,1,0
27414,ichihaya,1,0
27415,t1kosewad,1,0
27416,yasuyuki,1,0
27417,hxxg,1,0
27418,daydarion,1,0
27419,kurona,1,0
27420,nanashino,1,0
27421,fuyumi_kazuki,1,0
27422,nishihara_isao,1,0
27423,imamiya_pinoko,1,0
27424,cocomayo29_(tomato),1,0
27425,meis_(terameisu),1,0
27426,imaichi,1,0
27427,necomi,1,0
27428,kasai_shin,1,0
27429,takanashi_ringo,1,0
27430,choco_chip,1,0
27431,funamusea_(artist),1,0
27432,kadose_ara,1,0
27433,kurotofu,1,0
27434,reku,1,0
27435,kanno_takanori,1,0
27436,dr.p,1,0
27437,jourd4n,1,0
27438,ouno_(nounai_disintegration),1,0
27439,takaharu,1,0
27440,j7w,1,0
27441,doushimasho,1,0
27442,rento_(rukeai),1,0
27443,miwabe_sakura,1,0
27444,caryo,1,0
27445,minashirazu,1,0
27446,chiharu_(9654784),1,0
27447,surippa1010,1,0
27448,gabiran,1,0
27449,dino_(dinoartforame),1,0
27450,tsuruyama_(tenten),1,0
27451,miyasu_risa,1,0
27452,kiikii_(kitsukedokoro),1,0
27453,a-ka,1,0
27454,azuma_aya,1,0
27455,timbougami,1,0
27456,mei_(maysroom),1,0
27457,hirayama_kanna,1,0
27458,pokoten_(pokoten718),1,0
27459,akatsuki_hijiri,1,0
27460,kyuuba_melo,1,0
27461,crumbles,1,0
27462,coro_fae,1,0
27463,tsukasawa_takamatsu,1,0
27464,0lightsource,1,0
27465,hanabusaoekaki,1,0
27466,medu_(rubish),1,0
27467,futatsuki_hisame,1,0
27468,saiste,1,0
27469,tokita_(jyabarachan),1,0
27470,tokuura,1,0
27471,toutenkou,1,0
27472,kyuu_(plastic_night_q),1,0
27473,geshumaro,1,0
27474,ancesra,1,0
27475,vertigris,1,0
27476,saitou_naoki,1,0
27477,a.x.,1,0
27478,batta_(ijigen_debris),1,0
27479,zerocat,1,0
27480,mazjojo,1,0
27481,box_wonderland,1,0
27482,niku_(ni23ku),1,0
27483,monobe_yuri,1,0
27484,blue-senpai,1,0
27485,muk_(monsieur),1,0
27486,momoshiki_tsubaki,1,0
27487,uenoryoma,1,0
27488,hyuuga_azuri,1,0
27489,poprication,1,0
27490,katagiri_hachigou,1,0
27491,fjsmu,1,0
27492,marumikan,1,0
27493,poyo_(hellmayuge),1,0
27494,waligner,1,0
27495,hijiri_rei,1,0
27496,hounori,1,0
27497,komori_kuzuyu,1,0
27498,dan_(kumadan),1,0
27499,super_masara,1,0
27500,na-suke,1,0
27501,itou_(onsoku_tassha),1,0
27502,toritora,1,0
27503,kita_senri,1,0
27504,sazanami_konami,1,0
27505,tajima_ryuushi,1,0
27506,capriccyo,1,0
27507,amagai_tarou,1,0
27508,souryu,1,0
27509,juurouta,1,0
27510,simoyuki,1,0
27511,abara_heiki,1,0
27512,michibata_65,1,0
27513,amano_kouki,1,0
27514,oosaka_kanagawa,1,0
27515,emurin,1,0
27516,hima,1,0
27517,cloba,1,0
27518,kurihara_sakura,1,0
27519,alex_ahad,1,0
27520,madcocoon,1,0
27521,yuugen,1,0
27522,suke_(singekijyosei),1,0
27523,lee_(colt),1,0
27524,gsusart,1,0
27525,gin'ichi_(akacia),1,0
27526,kochiya_(gothope),1,0
27527,han_(jackpot),1,0
27528,squchan,1,0
27529,oniilus,1,0
27530,krekkov,1,0
27531,ryosios,1,0
27532,btmr_game,1,0
27533,yamashita_takahiro,1,0
27534,caburi,1,0
27535,task_(s_task80),1,0
27536,nagioka,1,0
27537,chyko,1,0
27538,zaxwu,1,0
27539,misaka_12003-gou,1,0
27540,hanpenmaru,1,0
27541,kurot,1,0
27542,luicent,1,0
27543,na_tarapisu153,1,0
27544,yuzu_momo,1,0
27545,sempon_(doppio_note),1,0
27546,nigo_(aozoragarou),1,0
27547,fujikawa,1,0
27548,nekoume,1,0
27549,syroh,1,0
27550,h_kasei,1,0
27551,akashieru,1,0
27552,akchu,1,0
27553,sankuma,1,0
27554,shin'yashiki,1,0
27555,ayakashi_(monkeypanch),1,0
27556,mochizuki_shiina,1,0
27557,shingyou_(alexander-13),1,0
27558,amano_don,1,0
27559,kurashima_tomoyasu,1,0
27560,toshishikisai,1,0
27561,andou_shuki,1,0
27562,hanomido,1,0
27563,yapo_(croquis_side),1,0
27564,namiorii,1,0
27565,izumi_sai,1,0
27566,babalilo,1,0
27567,nilitsu,1,0
27568,haruakira,1,0
27569,takana_shinno,1,0
27570,seiru_(prairie),1,0
27571,squeezable_(squeezabledraws),1,0
27572,harris_hero,1,0
27573,muku_jirushi,1,0
27574,tonpuu,1,0
27575,fi-san,1,0
27576,warashi,1,0
27577,toujou_sakana,1,0
27578,kink_(tortoiseshell),1,0
27579,saraki,1,0
27580,gofu,1,0
27581,peroponesosu.,1,0
27582,kanzarin,1,0
27583,kurata_rine,1,0
27584,ji_no,1,0
27585,papino,1,0
27586,puchiman,1,0
27587,tomohiro_kai,1,0
27588,kurotama,1,0
27589,cirenk,1,0
27590,mimikaki_(men_bow),1,0
27591,matrix16,1,0
27592,ajishio,1,0
27593,haneru,1,0
27594,fumitsuki_(minaduki_6),1,0
27595,nichika_(nitikapo),1,0
27596,wahiko_(black_bastard),1,0
27597,moonlight_0423,1,0
27598,anato_finnstark,1,0
27599,tyako_089,1,0
27600,hiraga_matsuri,1,0
27601,hood_(james_x),1,0
27602,rampa93,1,0
27603,missile228,1,0
27604,kakage,1,0
27605,okitakung,1,0
27606,ree_(re-19),1,0
27607,kokomi_(aniesuakkaman),1,0
27608,hosizora_mikoto,1,0
27609,lyy,1,0
27610,akino_sora,1,0
27611,r-binon,1,0
27612,kaetzchen,1,0
27613,sesield,1,0
27614,tonarikeru,1,0
27615,blazpu,1,0
27616,kkopoli,1,0
27617,parari_(parari000),1,0
27618,omar_dogan,1,0
27619,luminous_slime,1,0
27620,otosama,1,0
27621,abandon_ranka,1,0
27622,henshako,1,0
27623,kouda_suzu,1,0
27624,con_potata,1,0
27625,koyomania,1,0
27626,ratatatat74,1,0
27627,chiwino,1,0
27628,konshin,1,0
27629,ran'ou_(tamago_no_kimi),1,0
27630,shouji_nigou,1,0
27631,s-a-murai,1,0
27632,blue_borscht,1,0
27633,tenten_(chan4545),1,0
27634,ryuuxin,1,0
27635,hamchan69,1,0
27636,feguimel,1,0
27637,yumesato_makura,1,0
27638,kayabakoro,1,0
27639,oofushi_ao,1,0
27640,san-pon,1,0
27641,shirotategosha,1,0
27642,yuimisu,1,0
27643,tenmaso,1,0
27644,trefle_r,1,0
27645,nonono_mino,1,0
27646,fuchi_(nightmare),1,0
27647,kasugai_(de-tteiu),1,0
27648,onono_imoko,1,0
27649,ai_takurou,1,0
27650,sugimotty_nova,1,0
27651,tama_launcher,1,0
27652,ryo_(botugo),1,0
27653,eho_(icbm),1,0
27654,ryuuzaki_ichi,1,0
27655,chameleon_(ryokucha_combo),1,0
27656,miko_(royal_milk),1,0
27657,po-ju,1,0
27658,parororo,1,0
27659,koume_keito,1,0
27660,jill_07km,1,0
27661,tsukudani_norio,1,0
27662,kerorira,1,0
27663,kurasuke,1,0
27664,hendra,1,0
27665,shintarou,1,0
27666,shin'ya_(shin'yanchi),1,0
27667,rodong8,1,0
27668,mr.romance,1,0
27669,eisu_(eith),1,0
27670,roropull,1,0
27671,utsusumi_kio,1,0
27672,efukei,1,0
27673,kukumomo,1,0
27674,saint_laurent_paris,1,0
27675,niina_ryou,1,0
27676,kakao_(chocolate_land),1,0
27677,takase_muh,1,0
27678,mujinbensin,1,0
27679,naruse_mai,1,0
27680,azuki_osamitsu,1,0
27681,erkaz,1,0
27682,nasuno_(nasuno42),1,0
27683,ask_(askzy),1,0
27684,moral_cacoethes,1,0
27685,yumaru_(marumarumaru),1,0
27686,akayama_yukihe,1,0
27687,kekemotsu,1,0
27688,kamiya_tomoe,1,0
27689,fuuen_(akagaminanoka),1,0
27690,ganesagi,1,0
27691,maze_(gochama_ze_gohan),1,0
27692,tsuzuri_(tuzuri),1,0
27693,jiji_(aardvark),1,0
27694,eko,1,0
27695,kyo_(kuroichigo),1,0
27696,goe_(g-o-e),1,0
27697,lainart,1,0
27698,tonomiya68,1,0
27699,kyogoku_shin,1,0
27700,inuinui,1,0
27701,cessa,1,0
27702,tiemu_(man190),1,0
27703,maruto_(marutohonpo),1,0
27704,swkl:d,1,0
27705,tsurusaki_takahiro,1,0
27706,demizu_posuka,1,0
27707,oda_non,1,0
27708,kirero,1,0
27709,sawao,1,0
27710,yujup,1,0
27711,akaneya,1,0
27712,naoki_(2rzmcaizerails6),1,0
27713,gogiga_gagagigo,1,0
27714,narue,1,0
27715,gar32,1,0
27716,mleth,1,0
27717,yoshizawa_tsubaki,1,0
27718,60mai,1,0
27719,gokuu_(acoloredpencil),1,0
27720,shellvi,1,0
27721,chigasaki_yukari,1,0
27722,biyon,1,0
27723,gensoukoumuten,1,0
27724,yuiga_naoha,1,0
27725,sakura_hiyori,1,0
27726,feint721,1,0
27727,mitsumomo_mamu,1,0
27728,narumi_arata,1,0
27729,roki_(hirokix),1,0
27730,idkuroi,1,0
27731,hibana_(hibana_ztlv),1,0
27732,difman,1,0
27733,zaphn,1,0
27734,nanao_(mahaya),1,0
27735,mac_star,1,0
27736,yoshida_hideyuki,1,0
27737,miazi,1,0
27738,sei_shoujo,1,0
27739,metata,1,0
27740,naso4,1,0
27741,coa_(chroo_x),1,0
27742,matilda_fiship,1,0
27743,subachi,1,0
27744,tsubasa_tsubasa,1,0
27745,ham_(points),1,0
27746,popopoka,1,0
27747,skai_kun,1,0
27748,shamakho,1,0
27749,rasukaru,1,0
27750,kanmiya_shinobu,1,0
27751,hero_neisan,1,0
27752,hanpetos,1,0
27753,shougun_(chuckni1),1,0
27754,tajima_yuuki,1,0
27755,tsurusaki_yuu,1,0
27756,randomboobguy,1,0
27757,tenjin_hidetaka,1,0
27758,kedama_milk,1,0
27759,donmin_h,1,0
27760,watanon_(gakushokutei),1,0
27761,yukie_(peach_candy),1,0
27762,aelion_draws,1,0
27763,chinomaron,1,0
27764,yoban,1,0
27765,somechime_(sometime1209),1,0
27766,corn_kuten,1,0
27767,f.s.,1,0
27768,sakura_yuki_(clochette),1,0
27769,negresco,1,0
27770,sasamori_tomoe,1,0
27771,yukiwo,1,0
27772,walzrj,1,0
27773,mame1645,1,0
27774,kashiwada_kiiho,1,0
27775,ataru_(ataru-littlebird),1,0
27776,beifeng_han,1,0
27777,komakoma_(magicaltale),1,0
27778,mofumaa,1,0
27779,merc_storia_art_team,1,0
27780,hightguy,1,0
27781,ponponmaru,1,0
27782,beeru_(veil8801),1,0
27783,lumo_1121,1,0
27784,rui_shi_(rayze_ray),1,0
27785,shikitani_asuka,1,0
27786,masakichi_(crossroad),1,0
27787,kousaki_rui,1,0
27788,piyodesu,1,0
27789,kakone,1,0
27790,akou_roushi,1,0
27791,ookuma_nekosuke,1,0
27792,mappaninatta,1,0
27793,butter-t,1,0
27794,baku-p,1,0
27795,kutone_shirika,1,0
27796,koumei_(twinameless),1,0
27797,flipper,1,0
27798,akaneya_(akaneya1484),1,0
27799,ebinku,1,0
27800,yayoi_maka,1,0
27801,mafuyu_(chibi21),1,0
27802,nakayama_miyuki,1,0
27803,kiritoma,1,0
27804,kanden_sky,1,0
27805,scott_malin,1,0
27806,yuzuno_nana,1,0
27807,kimura_takahiro,1,0
27808,chups,1,0
27809,kujou_ichiso,1,0
27810,puuzaki_puuna,1,0
27811,hijiri_(resetter),1,0
27812,nyoro_(nyoronyoro000),1,0
27813,atahuta,1,0
27814,daichi_(tokoya),1,0
27815,sabamen,1,0
27816,sugue_tettou,1,0
27817,greatodoggo,1,0
27818,nikichen,1,0
27819,kitaku_(nakamachi_machi),1,0
27820,hamaken._(novelize),1,0
27821,ittla,1,0
27822,re:shimashima,1,0
27823,classic_(zildjian33),1,0
27824,bluethebone,1,0
27825,sh_(shinh),1,0
27826,jilu,1,0
27827,z.taiga,1,0
27828,nekoda_(maoda),1,0
27829,chueog,1,0
27830,cheer_(cheerpuppy14),1,0
27831,ume_(plumblossom),1,0
27832,gouta_(nagishiro6624),1,0
27833,arim0k0,1,0
27834,kuromayu,1,0
27835,naozuri,1,0
27836,min_(myna8247),1,0
27837,suzutsuki_kurara,1,0
27838,kuroda_akimi,1,0
27839,lala_(sputnik),1,0
27840,jema,1,0
27841,natsukaze_shigure,1,0
27842,nakamura_takeshi,1,0
27843,solokitsune,1,0
27844,snegovski,1,0
27845,twistedscarlett60,1,0
27846,kosmos_beta,1,0
27847,sam_yang,1,0
27848,tsukui_kachou,1,0
27849,shiguma_(signalmass),1,0
27850,hagure_kedama,1,0
27851,mitsugu,1,0
27852,noshimurin,1,0
27853,mitsuba_minoru,1,0
27854,hinagi_(fox_priest),1,0
27855,mocchi_(mocchichani),1,0
27856,kkato,1,0
27857,risui_(suzu_rks),1,0
27858,aoi_kumiko,1,0
27859,maccha_(mochancc),1,0
27860,tiihatanono,1,0
27861,tateha_(marvelous_grace),1,0
27862,kuga_tsuniya,1,0
27863,minarai,1,0
27864,kawachi_koorogi,1,0
27865,lillly,1,0
27866,pop_(electromagneticwave),1,0
27867,asiri_senpai,1,0
27868,inuno_rakugaki,1,0
27869,hashira_14,1,0
27870,yudepii,1,0
27871,suihei_sen,1,0
27872,suminagashi,1,0
27873,shigatake,1,0
27874,hikage_eiji,1,0
27875,shiraha_maru,1,0
27876,kuro_chairo_no_neko,1,0
27877,meth_(emethmeth),1,0
27878,kso,1,0
27879,nai_ga,1,0
27880,mashiro_aa,1,0
27881,mizuki_maya,1,0
27882,yan_(nicknikg),1,0
27883,rnna,1,0
27884,zd_(pixiv6210083),1,0
27885,ukokkei,1,0
27886,genek,1,0
27887,kotoribako,1,0
27888,suruga_(xsurugax),1,0
27889,ica,1,0
27890,pantsu-ripper,1,0
27891,sakimichan,1,0
27892,umikochannart,1,0
27893,gogalking,1,0
27894,ryota_(ry_o_ta),1,0
27895,ogipote,1,0
27896,e_volution,1,0
27897,clear_glass_(mildmild1311),1,0
27898,shokuyou_mogura,1,0
27899,fluffydango,1,0
27900,zunkome,1,0
27901,mobu,1,0
27902,janong,1,0
27903,asyura_kumo,1,0
27904,taishi_(picchiridou),1,0
27905,tokiani,1,0
27906,mito_(go!go!king!),1,0
27907,offbeat,1,0
27908,ysys,1,0
27909,baba_arumi,1,0
27910,karintoun,1,0
27911,urutsu_sahari,1,0
27912,ken_(koala),1,0
27913,hibioes,1,0
27914,panqlao,1,0
27915,miwano_rag,1,0
27916,shift_(waage),1,0
27917,colo_(nagrolaz),1,0
27918,dayama,1,0
27919,yakihebi,1,0
27920,baretto_(karasi07),1,0
27921,atelier_bono,1,0
27922,shiokonbu,1,0
27923,tamago_(yotsumi_works),1,0
27924,yajuu,1,0
27925,ameto_yuki,1,0
27926,rourou_(been),1,0
27927,takahero,1,0
27928,nekomata_naomi,1,0
27929,3_small_spiders,1,0
27930,iwao178,1,0
27931,kyaku_tasu,1,0
27932,kabuyama_kaigi,1,0
27933,sixten,1,0
27934,some1else45,1,0
27935,koya_(koya_x_00),1,0
27936,mitsuba_choco,1,0
27937,kuroi_susumu,1,0
27938,sakayama_shinta,1,0
27939,remsrar,1,0
27940,wakamatsu372,1,0
27941,dolustoy,1,0
27942,beudelb,1,0
27943,iroiro_yaru_hito,1,0
27944,apios,1,0
27945,amonitto,1,0
27946,yuano,1,0
27947,tusia,1,0
27948,kippu,1,0
27949,tsuno_no_hito,1,0
27950,marota,1,0
27951,ruton-niki,1,0
27952,deras,1,0
27953,ningen_mame,1,0
27954,jasony,1,0
27955,hero45439083942,1,0
27956,kutabireta_neko,1,0
27957,sakuraba_hikaru_(loveindog),1,0
27958,aventador,1,0
27959,miyama-zero,1,0
27960,yamasan,1,0
27961,alakoala,1,0
27962,goyain,1,0
27963,dakku_(ogitsune),1,0
27964,tokunou_shoutarou,1,0
27965,nekobaka,1,0
27966,toudori,1,0
27967,rekaerb_maerd,1,0
27968,shinozuka_jouji,1,0
27969,wata_(attaka_towel),1,0
27970,huyandere,1,0
27971,hoshimiya_aki,1,0
27972,free_style_(yohan1754),1,0
27973,hirunagi,1,0
27974,tarakanovich,1,0
27975,namie-kun,1,0
27976,nyama,1,0
27977,sadamoto_yoshiyuki,1,0
27978,deego_(omochi_bazooka),1,0
27979,nakamura_yukitoshi,1,0
27980,negi_(ulog'be),1,0
27981,ryogo,1,0
27982,asa_no_ha_(awayuki),1,0
27983,lockheart,1,0
27984,shouhou-san_daisuki_teitoku,1,0
27985,nakano_maru,1,0
27986,kitajima_yuuki,1,0
27987,revolverwing,1,0
27988,shigure_ryuunosuke,1,0
27989,jigatei_(omijin),1,0
27990,kibihimi,1,0
27991,nuezou,1,0
27992,diforland,1,0
27993,suhamaya,1,0
27994,tebi_(tbd11),1,0
27995,pikaole,1,0
27996,aengdohwa,1,0
27997,arthur_ko,1,0
27998,yuizaki_kazuya,1,0
27999,sakurai_makoto_(custom_size),1,0
28000,miyamoto_issa,1,0
28001,laserflip,1,0
28002,yuumei,1,0
28003,orion_(orionproject),1,0
28004,klaius,1,0
28005,wasabi_(legemd),1,0
28006,raika9,1,0
28007,yana_(nekoarashi),1,0
28008,hidulume,1,0
28009,aroma_sensei,1,0
28010,marugoshi_teppei,1,0
28011,henria,1,0
28012,mitsu_(mitsu_art),1,0
28013,suito,1,0
28014,isa_(peien516),1,0
28015,kokihanada,1,0
28016,tsukumiya_amane,1,0
28017,qys3,1,0
28018,tro_(trombe),1,0
28019,kuppipi_ramutarou,1,0
28020,aduti_momoyama,1,0
28021,nenobi_(nenorium),1,0
28022,hirune_(konekonelkk),1,0
28023,k0ng,1,0
28024,nagasioo,1,0
28025,regular_mow,1,0
28026,xiaoxi0619,1,0
28027,okuda_yasuhiro,1,0
28028,noumen,1,0
28029,nico-mo,1,0
28030,lzh,1,0
28031,kuboken,1,0
28032,beeeeen,1,0
28033,sadahiro_(chicken_nugget_gyuuniku_aji),1,0
28034,kawase_seiki,1,0
28035,cslucaris,1,0
28036,itinana,1,0
28037,fengling_(furin-jp),1,0
28038,meiji_ken,1,0
28039,hinata_yuu,1,0
28040,kirigakure_(kirigakure_tantei_jimusho),1,0
28041,ahenn,1,0
28042,tiv,1,0
28043,kokuzou,1,0
28044,kame_(3t),1,0
28045,teruki_kuma,1,0
28046,sakizaki_saki-p,1,0
28047,masanaga_(tsukasa),1,0
28048,kohsaka_jun,1,0
28049,yusha_m,1,0
28050,retsumaru,1,0
28051,kakapomilk,1,0
28052,rohitsuka,1,0
28053,fukuda_tomonori,1,0
28054,shennai_misha,1,0
28055,syunzou,1,0
28056,kougi_hiroshi,1,0
28057,siirakannu,1,0
28058,testa,1,0
28059,pot-de,1,0
28060,rucchiifu,1,0
28061,dora_ita,1,0
28062,shikei,1,0
28063,zen33n,1,0
28064,freng,1,0
28065,mao_lian_(nekokao),1,0
28066,yuihico,1,0
28067,noya_makoto,1,0
28068,pizza_(pizzania_company),1,0
28069,hayashi_kewi,1,0
28070,ramanda,1,0
28071,ks_(xephyrks),1,0
28072,hinata_(hinnyata),1,0
28073,marukyuu_ameya,1,0
28074,yuu_(higashi_no_penguin),1,0
28075,eiwa,1,0
28076,sameha_ikuya,1,0
28077,morii_shizuki,1,0
28078,sen_(sansui),1,0
28079,sido_(slipknot),1,0
28080,magion02,1,0
28081,nekobungi_sumire,1,0
28082,harunoha,1,0
28083,core_(mayomayo),1,0
28084,neko_neko_koneko,1,0
28085,massala,1,0
28086,iroyopon,1,0
28087,wada_kazu,1,0
28088,muu_(mumumer),1,0
28089,discount-supervillain,1,0
28090,sankuro_(agoitei),1,0
28091,ikuhashi_muiko,1,0
28092,midnight_(banyex),1,0
28093,suzuho_hotaru,1,0
28094,hans.b,1,0
28095,mizuga,1,0
28096,akino_ell,1,0
28097,shinjitsu_no_kuchi,1,0
28098,7saki,1,0
28099,aramori_susumu,1,0
28100,saku_(kudrove),1,0
28101,shounen_(hogehoge),1,0
28102,es_(eisis),1,0
28103,takatisakana,1,0
28104,shan,1,0
28105,wanitaroo._(waniwani_panic),1,0
28106,izumi_mahiru,1,0
28107,satsumapotato,1,0
28108,kanzaki_hiro,1,0
28109,abo_(hechouchou),1,0
28110,cross_(crossryou),1,0
28111,barbarian_tk,1,0
28112,kani_bonara,1,0
28113,selcky,1,0
28114,chima_q,1,0
28115,akagi_(fmttps),1,0
28116,easonx,1,0
28117,atoki,1,0
28118,naegi_(naegidokoro),1,0
28119,minust,1,0
28120,langbazi,1,0
28121,rkrk,1,0
28122,sora_72-iro,1,0
28123,niiya,1,0
28124,amania_orz,1,0
28125,tft_(tft7822),1,0
28126,baram,1,0
28127,shingyouji_tatsuya,1,0
28128,flasher_(flasher_ura),1,0
28129,enma_(enmanuelart),1,0
28130,ponpu_(pumpkinsinclair),1,0
28131,ninoko,1,0
28132,marumoru,1,0
28133,mugita_konomi,1,0
28134,ormille,1,0
28135,takemura_sessyu,1,0
28136,hioyami,1,0
28137,sato_ame,1,0
28138,buran_buta,1,0
28139,yachima_tana,1,0
28140,torichamaru,1,0
28141,mogu_(au1127),1,0
28142,far_tarooo,1,0
28143,megateru,1,0
28144,sunna_(nilsunna),1,0
28145,navy_(navy.blue),1,0
28146,jason_(kaiten_kussaku_kikou),1,0
28147,egami,1,0
28148,kotatu_(akaki01aoki00),1,0
28149,kotobuki_(momoko_factory),1,0
28150,blackbox_(blackbox9158),1,0
28151,hazuki_(nyorosuke),1,0
28152,bengus,1,0
28153,ferret-san,1,0
28154,koh_(minagi_kou),1,0
28155,hashi,1,0
28156,edobox,1,0
28157,yamasaki_wataru,1,0
28158,leonat,1,0
28159,gin'you_haru,1,0
28160,r3dfive,1,0
28161,kamo_kamen,1,0
28162,kodachi_(kuroyuri_shoukougun),1,0
28163,chocolat_(momoiro_piano),1,0
28164,ebihara_beniko,1,0
28165,aria_(koiiroharemoyou),1,0
28166,tina_fate,1,0
28167,kuroi_(liar-player),1,0
28168,yuuyu_(777),1,0
28169,serizawa_(serizawaroom),1,0
28170,fenyon,1,0
28171,saburou_(hgmg),1,0
28172,alexmaster,1,0
28173,azuma_yuki,1,0
28174,tenneko_yuuri,1,0
28175,huanxiang_huifeng,1,0
28176,aoi_masami,1,0
28177,sunaba_suzume,1,0
28178,comah,1,0
28179,matemi,1,0
28180,scarlet_(wv0102),1,0
28181,tamayan,1,0
28182,imazon,1,0
28183,haruki_(colorful_macaron),1,0
28184,radishkek,1,0
28185,todding,1,0
28186,ken_(coffee_michikusa),1,0
28187,shamo_(koumakantv),1,0
28188,blacksaikou,1,0
28189,hyakumangoku_masurao,1,0
28190,sage_joh,1,0
28191,yamanokami_eaka,1,0
28192,namonashi,1,0
28193,mark_gavatino,1,0
28194,kiryu_manzoku,1,0
28195,disco_brando,1,0
28196,nanohana_(november.),1,0
28197,shakemi_(sake_mgmgmg),1,0
28198,shi_chimi,1,0
28199,nat_the_lich,1,0
28200,norigure18,1,0
28201,shichigatsu,1,0
28202,kaname_aomame,1,0
28203,haganef,1,0
28204,shiitake_taishi,1,0
28205,namamo_nanase,1,0
28206,koharu2.5,1,0
28207,sw_(taco),1,0
28208,mm_(mm_chair),1,0
28209,tantanmen72,1,0
28210,pizzasi,1,0
28211,tsukemon,1,0
28212,sorai_shin'ya,1,0
28213,loliconder,1,0
28214,senju_(snz0),1,0
28215,wanaata,1,0
28216,tsubasa_(abchipika),1,0
28217,kurone_rinka,1,0
28218,thomasz,1,0
28219,magister,1,0
28220,tostantan,1,0
28221,softmode,1,0
28222,kinoshita_ichi,1,0
28223,k_mugura,1,0
28224,kedamono_kangoku-tou,1,0
28225,kienbiu,1,0
28226,kojirou_(mesurf1),1,0
28227,hachiko_(hati12),1,0
28228,ichiyou_moka,1,0
28229,e10,1,0
28230,homunculus_(alchemynote),1,0
28231,rasusurasu,1,0
28232,gia,1,0
28233,yuzuki_gao,1,0
28234,ugatsu_matsuki,1,0
28235,sparrowl,1,0
28236,azuuru,1,0
28237,c_(theta),1,0
28238,taikyoku_tsurugi,1,0
28239,bambi2000line,1,0
28240,makihitsuji,1,0
28241,q_(ed69),1,0
28242,aoi_ogata,1,0
28243,kawacy,1,0
28244,huanxiang_heitu,1,0
28245,shiki_(psychedelic_g2),1,0
28246,komori_kei,1,0
28247,rakugakiraid,1,0
28248,vihua6,1,0
28249,chiyo_(pk19981234),1,0
28250,kisaragi_kaya,1,0
28251,kinocopro,1,0
28252,senukin,1,0
28253,mirai_hikari,1,0
28254,eggman_(ni_tamagoex),1,0
28255,huu_(dighapdlxm12),1,0
28256,koretsuki_azuma,1,0
28257,sbs,1,0
28258,nakamura_hinato,1,0
28259,maguro27,1,0
28260,masoq,1,0
28261,n:go,1,0
28262,ld_(luna_dial398),1,0
28263,torii_sumi,1,0
28264,john_kafka,1,0
28265,megahiyo,1,0
28266,limgae,1,0
28267,lamb_(hitsujiniku),1,0
28268,hayama_eishi,1,0
28269,haraya_manawari,1,0
28270,omochi_(mochi_skymega),1,0
28271,jony_(avion_mura),1,0
28272,samidare_(hoshi),1,0
28273,kakeru_(dbskakeru),1,0
28274,hsin,1,0
28275,tomozero,1,0
28276,silver_(chenwen),1,0
28277,danmakuman,1,0
28278,takitarou,1,0
28279,takeda_hiromitsu,1,0
28280,kirai_yu,1,0
28281,zenshin,1,0
28282,nui_(nuinui0300),1,0
28283,sasayuki,1,0
28284,coubalty,1,0
28285,cocoballking,1,0
28286,makigai,1,0
28287,shuga_(soranote),1,0
28288,mdf_an,1,0
28289,gorgeous_mushroom,1,0
28290,atte_nanakusa,1,0
28291,l_hakase,1,0
28292,suisogenshi,1,0
28293,yunekoko,1,0
28294,kinta_(distortion),1,0
28295,nagu,1,0
28296,kuuchuu_yousai,1,0
28297,mochimiko,1,0
28298,dismaiden,1,0
28299,norza,1,0
28300,calin,1,0
28301,greenopi,1,0
28302,inishie_kumo,1,0
28303,segami_daisuke,1,0
28304,niko_(tama),1,0
28305,chicago-x,1,0
28306,ponytail_korosuke,1,0
28307,cyancapsule,1,0
28308,sukage,1,0
28309,silverxp,1,0
28310,djheycha,1,0
28311,dogs_(dlrkdejr26),1,0
28312,sumisu_(mondo),1,0
28313,jin_(oihlf),1,0
28314,haruyuki_(gffewuoutgblubh),1,0
28315,koyashaka,1,0
28316,wataame27,1,0
28317,sasai_saji,1,0
28318,birii,1,0
28319,kagami_uekusa,1,0
28320,sana_(37pisana),1,0
28321,hazakura_hinata,1,0
28322,kinbakuman,1,0
28323,kiira,1,0
28324,atdan,1,0
28325,romi_(346_ura),1,0
28326,ama-tou,1,0
28327,yoruny,1,0
28328,s4ika,1,0
28329,furau,1,0
28330,reeh_(yukuri130),1,0
28331,pettan_p,1,0
28332,daive,1,0
28333,akatsuki_akane,1,0
28334,tomokichi,1,0
28335,chaesu,1,0
28336,nejikyuu,1,0
28337,masuishi_kinoto,1,0
28338,mura_karuki,1,0
28339,lk149,1,0
28340,mikagami_sou,1,0
28341,tachimi_(basue),1,0
28342,glitchedpuppet,1,0
28343,kei_(soundcross),1,0
28344,tenako_(mugu77),1,0
28345,ehrrr,1,0
28346,ebifly,1,0
28347,hone_kawa,1,0
28348,daimaou_ruaeru,1,0
28349,guchico,1,0
28350,suna_(s73d),1,0
28351,hi_(ibisf5umauma),1,0
28352,yan_kodiac,1,0
28353,nonaka_ritsu,1,0
28354,pako_(pousse-cafe),1,0
28355,kaos_art,1,0
28356,eurasia_(wtp09ptw14),1,0
28357,gatchan,1,0
28358,nikaidou_kou,1,0
28359,ikazu401,1,0
28360,shizuma_yoshinori,1,0
28361,neropaso,1,0
28362,inugami_kira,1,0
28363,roswell_ss,1,0
28364,amasawa_natsuhisa,1,0
28365,sekira_ame,1,0
28366,harano,1,0
28367,myusha,1,0
28368,tetsurou_(fe+),1,0
28369,hagiya_masakage,1,0
28370,durindana_7,1,0
28371,aomushi_(mushamusha),1,0
28372,woofycakes,1,0
28373,hatori_mia,1,0
28374,houzuki_(hotondo),1,0
28375,shishi_juuroku,1,0
28376,yoon_cook,1,0
28377,amane_ruri,1,0
28378,pepper0,1,0
28379,min-naraken,1,0
28380,ao_kaeru,1,0
28381,jun_(aousa0328),1,0
28382,ubanis,1,0
28383,gengorou,1,0
28384,sarukaiwolf,1,0
28385,zirba,1,0
28386,ayato,1,0
28387,non_non_moral,1,0
28388,nabeshima_tetsuhiro,1,0
28389,pomelomelon,1,0
28390,muramasa_mikado,1,0
28391,hitomaru,1,0
28392,rob_ishi,1,0
28393,hato_haru,1,0
28394,d-m_(dii_emu),1,0
28395,coldcat.,1,0
28396,jiru_(jirufun),1,0
28397,tappa_(esperanza),1,0
28398,andava,1,0
28399,inudori,1,0
28400,chuunioniika,1,0
28401,ya-man,1,0
28402,danimaru,1,0
28403,nagayori,1,0
28404,yetworldview_kaze,1,0
28405,neco,1,0
28406,chimunge,1,0
28407,cccpo,1,0
28408,valtor,1,0
28409,yokota_mamoru,1,0
28410,kujira_naoto,1,0
28411,ziro_(zirorong),1,0
28412,yourfreakyneighbourh,1,0
28413,lewdamone,1,0
28414,aihara-rina,1,0
28415,saramiao-chan,1,0
28416,sakuragi_ren,1,0
28417,lam_(ramdayo),1,0
28418,sakanaya_(sakanaya952),1,0
28419,da-negi,1,0
28420,niwaikanai,1,0
28421,metaljelly,1,0
28422,erica_(naze1940),1,0
28423,murata_yuusuke,1,0
28424,momozu_komamochi,1,0
28425,purin_jiisan,1,0
28426,nucomas,1,0
28427,torino_aqua,1,0
28428,dyson_(edaokunnsaikouya),1,0
28429,hakonnbo,1,0
28430,shiraue_yuu,1,0
28431,miyako_(naotsugu),1,0
28432,zurikishi,1,0
28433,kyou_(fr39),1,0
28434,errant,1,0
28435,muromaki,1,0
28436,niwatori_kokezou,1,0
28437,syunichi,1,0
28438,shooka,1,0
28439,kairakuen_umenoka,1,0
28440,youta,1,0
28441,sho-n-d,1,0
28442,henriiku_(ahemaru),1,0
28443,caidychen,1,0
28444,panties_(pantsu-pirate),1,0
28445,luminyu,1,0
28446,hyanna-natsu,1,0
28447,ryeon_(naturesan),1,0
28448,hata4564,1,0
28449,yuugure_pairo,1,0
28450,ko_yu,1,0
28451,mirei,1,0
28452,kiman,1,0
28453,sheita,1,0
28454,nemo_(leafnight),1,0
28455,chocomiru,1,0
28456,gin_moku,1,0
28457,aleriia_v,1,0
28458,tsuki_tokage,1,0
28459,kawagishi_keitarou,1,0
28460,saku_anna,1,0
28461,sekai_saisoku_no_panda,1,0
28462,kilesha,1,0
28463,yamada_(gotyui),1,0
28464,pumpkinpan,1,0
28465,da-kuro,1,0
28466,zuizi,1,0
28467,the_only_shoe,1,0
28468,urabi_(tomatohouse),1,0
28469,maeshima_shigeki,1,0
28470,amedamacon,1,0
28471,mizuta_kenji,1,0
28472,lee_mae_hyang,1,0
28473,pokachu,1,0
28474,rella,1,0
28475,pepe_(jonasan),1,0
28476,tadano_magu,1,0
28477,fakepucco,1,0
28478,nyaa_(nnekoron),1,0
28479,shirokitsune,1,0
28480,mikeran_(mikelan),1,0
28481,wsman,1,0
28482,faustsketcher,1,0
28483,fumutarou,1,0
28484,kazenoko,1,0
28485,kanaria_hisagi,1,0
28486,kaoling,1,0
28487,kamioka_shun'ya,1,0
28488,hane_yuki,1,0
28489,shirogane_(platinum),1,0
28490,mel/a,1,0
28491,arizuka_(catacombe),1,0
28492,itsuka_neru,1,0
28493,dodai_shouji,1,0
28494,mx2j,1,0
28495,huqu,1,0
28496,monyami,1,0
28497,sasairebun,1,0
28498,ame_(amechan17391739),1,0
28499,arikawa_satoru,1,0
28500,ikegami_akane,1,0
28501,beleven,1,0
28502,kito_(sorahate),1,0
28503,philipp_urlich,1,0
28504,ken_(shutenndouji1),1,0
28505,gin00,1,0
28506,kanzaki_muyu,1,0
28507,tachitsu_teto,1,0
28508,monrooru,1,0
28509,takamine_nadare,1,0
28510,sankakusui,1,0
28511,hitec,1,0
28512,sun_iiinu,1,0
28513,shirogane_hina,1,0
28514,shiki_(shikki46),1,0
28515,keisea,1,0
28516,feral_lemma,1,0
28517,miri_(cherryjelly),1,0
28518,trente,1,0
28519,makoto_daikichi,1,0
28520,marushin_(denwa0214),1,0
28521,suwa_yasai,1,0
28522,sarukana,1,0
28523,nav_(itsnav),1,0
28524,anonymous_(japanese),1,0
28525,nauribon,1,0
28526,keita_naruzawa,1,0
28527,yu_yu,1,0
28528,branch_(blackrabbits),1,0
28529,haku89,1,0
28530,robinson_(day_l_full),1,0
28531,dra_(area-s),1,0
28532,automatic_giraffe,1,0
28533,mil_(xration),1,0
28534,kannatsuki_noboru,1,0
28535,manino_(mofuritaionaka),1,0
28536,tachibana_roku,1,0
28537,shugao,1,0
28538,nagayama_yuunon,1,0
28539,nez-box,1,0
28540,gggg,1,0
28541,ao_usagi,1,0
28542,kion-kun,1,0
28543,oyatsu_(mk2),1,0
28544,shimejinameko,1,0
28545,tatahai,1,0
28546,chata_maru_(irori_sabou),1,0
28547,kaguyuzu,1,0
28548,nashidrop,1,0
28549,ranf,1,0
28550,zozozoshion,1,0
28551,ina_(gokihoihoi),1,0
28552,kalmahul,1,0
28553,noto_kurumi,1,0
28554,tobi_(one),1,0
28555,dakemakura-koubou,1,0
28556,kamidan,1,0
28557,tokyo_(great_akuta),1,0
28558,mcpc_zamurai,1,0
28559,oda_takayuki,1,0
28560,robaco,1,0
28561,raskasar,1,0
28562,abazu-red,1,0
28563,fellatrix,1,0
28564,kuronuko_neero,1,0
28565,kobaji,1,0
28566,kisairo_kaede,1,0
28567,yutazou,1,0
28568,moribuden,1,0
28569,throtem,1,0
28570,n.g.,1,0
28571,shinmai_(kyata),1,0
28572,kanna_(plum),1,0
28573,miya_(miyaruta),1,0
28574,marimo_danshaku,1,0
28575,osisio,1,0
28576,animanghayo,1,0
28577,takunomi,1,0
28578,mana_(remana),1,0
28579,satoupote,1,0
28580,niy_(nenenoa),1,0
28581,shundou_heishirou,1,0
28582,shin'ya_(nanp),1,0
28583,norizou_type-r,1,0
28584,everyntrge,1,0
28585,nekozuki_yuki,1,0
28586,ninimo_nimo,1,0
28587,tukino_neru,1,0
28588,akisora,1,0
28589,yoshida_keiji,1,0
28590,gyouza_(mhea5724),1,0
28591,artsy-rc,1,0
28592,akitokage,1,0
28593,likunea,1,0
28594,inuyama_nanami,1,0
28595,higuchi_isami,1,0
28596,inker_comics,1,0
28597,akaneko_(redakanekocat),1,0
28598,naoto_(tulip),1,0
28599,mataichi_mataro,1,0
28600,osuwaani,1,0
28601,island_(kossori),1,0
28602,fujikawa_daichi,1,0
28603,akisome_hatsuka,1,0
28604,nyororiso_(muyaa),1,0
28605,karasusou_nano,1,0
28606,hanada_hyou,1,0
28607,mabanna,1,0
28608,kl_(dgzonbi),1,0
28609,salt_(salty),1,0
28610,yagami_(mukage),1,0
28611,enpe,1,0
28612,mochiyuki,1,0
28613,tinker_bell_(pixiv_10956015),1,0
28614,raiou,1,0
28615,nyan_(reinyan_007),1,0
28616,bonkara_(sokuseki_maou),1,0
28617,haze_(7h4ze),1,0
28618,mizutama,1,0
28619,h2so4,1,0
28620,betock,1,0
28621,taiki_(6240taiki),1,0
28622,bakushi_(smys2017),1,0
28623,beritabo,1,0
28624,micosiva,1,0
28625,meecosme,1,0
28626,weno,1,0
28627,teranen,1,0
28628,iwamoto_eiri,1,0
28629,natuna_natu,1,0
28630,amog,1,0
28631,suiso_(owp),1,0
28632,achiki,1,0
28633,okitsugu,1,0
28634,milliani,1,0
28635,nero_augustus,1,0
28636,tokumi_yuiko,1,0
28637,nishizawa,1,0
28638,zellam,1,0
28639,pisagi,1,0
28640,yuugo_(atmosphere),1,0
28641,greenmarine,1,0
28642,naruko_hanaharu,1,0
28643,himitsu_(hi_mi_tsu_2),1,0
28644,kusano_(torisukerabasu),1,0
28645,sawada_yuusuke,1,0
28646,curakuru,1,0
28647,makochan42,1,0
28648,redjuice,1,0
28649,meng_xi_xuan,1,0
28650,dema_hmw,1,0
28651,momendoufu,1,0
28652,momoji_(lobolobo2010),1,0
28653,ui_frara,1,0
28654,otokamu,1,0
28655,nanashii_(soregasisan),1,0
28656,mamimi_(mamamimi),1,0
28657,guilegaze,1,0
28658,ast,1,0
28659,mizunashi_(second_run),1,0
28660,kisaragi_yuu_(fallen_sky),1,0
28661,sukemyon,1,0
28662,bukimi_isan,1,0
28663,alterkyon,1,0
28664,eckert&eich,1,0
28665,ruhika,1,0
28666,rifyu,1,0
28667,menyoujan,1,0
28668,nannung,1,0
28669,yana_mori,1,0
28670,t_k_g,1,0
28671,leogust,1,0
28672,jinkei,1,0
28673,niwashiro,1,0
28674,poco_(asahi_age),1,0
28675,mike_inel,1,0
28676,fujishima_shinnosuke,1,0
28677,morizono_shiki,1,0
28678,gomipomi,1,0
28679,youzaiyouzai112,1,0
28680,mibry_(phrysm),1,0
28681,sawaya_(mizukazu),1,0
28682,tidsean,1,0
28683,redkite333,1,0
28684,conto,1,0
28685,takehana_note,1,0
28686,mitomumitomu,1,0
28687,kuroonehalf,1,0
28688,cherry-gig,1,0
28689,nokoppa,1,0
28690,fud,1,0
28691,nagabe,1,0
28692,yamiochi_umekichi,1,0
28693,kotobuki_(stealth_sendan),1,0
28694,suterii,1,0
28695,yuama,1,0
28696,tenchisouha,1,0
28697,mizukikushou,1,0
28698,qosic,1,0
28699,hiyuu_(hiyualice),1,0
28700,nicchi,1,0
28701,tonbi,1,0
28702,bbc-chan,1,0
28703,nekomamire,1,0
28704,119,1,0
28705,gojarun,1,0
28706,buriki,1,0
28707,dyun,1,0
28708,doradorakingyo,1,0
28709,swav,1,0
28710,ry_(yagoyago),1,0
28711,rise_(rise19851203),1,0
28712,kuresento,1,0
28713,yoko_juusuke,1,0
28714,lilish,1,0
28715,takamichi,1,0
28716,unime_seaflower,1,0
28717,kouda_tomohiro,1,0
28718,myama,1,0
28719,akabane_(zebrasmise),1,0
28720,horikou,1,0
28721,sakura_chiyo_(konachi000),1,0
28722,ai-wa,1,0
28723,p19,1,0
28724,kimishima_ao,1,0
28725,inutose,1,0
28726,damda,1,0
28727,ka_(996beshi),1,0
28728,noukatu,1,0
28729,mizukoshi_(marumi),1,0
28730,lubya,1,0
28731,tsuutenkaaku,1,0
28732,tsukikage_oyama,1,0
28733,aoi_manabu,1,0
28734,kaminagi_(kaminagi-tei),1,0
28735,hitoto,1,0
28736,hirowa_nagi,1,0
28737,helloimtea,1,0
28738,lulu-chan92,1,0
28739,chamchami,1,0
28740,hoshi_(snacherubi),1,0
28741,ment,1,0
28742,zepher_(makegumi_club),1,0
28743,akableak,1,0
28744,rat_huang,1,0
28745,doushi_tatsu_to_dekkai_no,1,0
28746,soramuko,1,0
28747,porqueloin,1,0
28748,guriguri_(arayotto4351),1,0
28749,interstellar,1,0
28750,moca_(mocaa_iai),1,0
28751,ruru_(rurumagi),1,0
28752,in_(ain),1,0
28753,st.germain-sal,1,0
28754,landacdeus,1,0
28755,tamagogayu1998,1,0
28756,suzushiro_kurumi,1,0
28757,547th_sy,1,0
28758,shinmon_akika,1,0
28759,lm7_(op-center),1,0
28760,yuasan,1,0
28761,urode,1,0
28762,katagiri_hinata,1,0
28763,shipii_(jigglypuff),1,0
28764,ayase_hazuki,1,0
28765,magowasabi,1,0
28766,letdie1414,1,0
28767,hakika,1,0
28768,mosako,1,0
28769,suzaku_(zaku6584),1,0
28770,sakuramochi_(sakura_frappe),1,0
28771,takemori_shintarou,1,0
28772,capura_lin,1,0
28773,orinze,1,0
28774,love_cacao,1,0
28775,takaya_n,1,0
28776,shinozuka_atsuto,1,0
28777,kyousaru,1,0
28778,hoppege,1,0
28779,zenrakishi,1,0
28780,om_(nk2007),1,0
28781,mutsu_(layergreen),1,0
28782,sanpachishiki_(gyokusai-jima),1,0
28783,bekotarou,1,0
28784,takahashi_tetsuya,1,0
28785,sakai_kyuuta,1,0
28786,bongftah,1,0
28787,ruri_rarako,1,0
28788,endou_hiroto,1,0
28789,deku_suke,1,0
28790,raigou,1,0
28791,jaku_sono,1,0
28792,masa_masa,1,0
28793,pupps,1,0
28794,siraha,1,0
28795,shinishi_chiho,1,0
28796,hanada_yanochi,1,0
28797,tnr_(horiko1525),1,0
28798,sanshoku_amido,1,0
28799,karamoneeze,1,0
28800,fantongjun,1,0
28801,tadano_kagekichi,1,0
28802,chomikuplus,1,0
28803,marui_koishi,1,0
28804,tokonone,1,0
28805,moshimoshibe,1,0
28806,gintarou_(kurousagi108),1,0
28807,kafu_(logaemon),1,0
28808,ichizen_(o_tori),1,0
28809,chicke_iii,1,0
28810,kanabun,1,0
28811,kshimu,1,0
28812,mistray-art,1,0
28813,kaidou_zx,1,0
28814,ohgi910,1,0
28815,isegawa_yasutaka,1,0
28816,elizabeth_(tomas21),1,0
28817,feiyu30903448,1,0
28818,neve_(morris-minicooper),1,0
28819,kokka_han,1,0
28820,ruteko_(ruko220),1,0
28821,bseibutsu,1,0
28822,laser-lance,1,0
28823,dandara_(karakure),1,0
28824,hanamiya_natsuka,1,0
28825,yamari_(ya_mari_6363),1,0
28826,ayanakitori,1,0
28827,asterisk_kome,1,0
28828,hama!_(3toshinhmkz),1,0
28829,maratang,1,0
28830,utsurogi_angu,1,0
28831,kazuharu_kina,1,0
28832,potg_(piotegu),1,0
28833,suien,1,0
28834,nada_namie,1,0
28835,ereka,1,0
28836,norakura_(nr_kura),1,0
28837,kuroshinki,1,0
28838,boshi_(a-ieba),1,0
28839,sp0i0ppp,1,0
28840,muroku_(aimichiyo0526),1,0
28841,kokone_(coconeeeco),1,0
28842,hamushima,1,0
28843,sama_samasa,1,0
28844,maou_alba,1,0
28845,terazip,1,0
28846,mile_(off8mile),1,0
28847,goom_(goomyparty),1,0
28848,shironeko_yuuki,1,0
28849,abbystea,1,0
28850,gunp,1,0
28851,mayura_(lucadia),1,0
28852,km_yama,1,0
28853,sa-ya2,1,0
28854,crote,1,0
28855,inoshira,1,0
28856,samegami,1,0
28857,majoccoid,1,0
28858,ankkoyom,1,0
28859,shinoasa,1,0
28860,rerrere,1,0
28861,sawayaka_samehada,1,0
28862,doremi_(doremi4704),1,0
28863,kippuru,1,0
28864,go-1,1,0
28865,tabigarasu,1,0
28866,47agdragon,1,0
28867,knifedragon,1,0
28868,tata_(tataice),1,0
28869,hiiragi_hazime,1,0
28870,moekibara_fumitake,1,0
28871,vivinos,1,0
28872,shizuna_kaede,1,0
28873,maullarmaullar,1,0
28874,itolife,1,0
28875,monchan_rev3,1,0
28876,dismassd,1,0
28877,kuune_rin,1,0
28878,yuran,1,0
28879,sakakiba_misogi,1,0
28880,onegingek,1,0
28881,rei_hinketsu,1,0
28882,yomogi_(black-elf),1,0
28883,pudding_(skymint_028),1,0
28884,judo_fuu,1,0
28885,shigetake_(buroira),1,0
28886,maccha,1,0
28887,yaruku,1,0
28888,himehachi_(hime8manga),1,0
28889,ebizome,1,0
28890,kanekiyo_miwa,1,0
28891,sekiya_asami,1,0
28892,ura_(hamburg_oniku),1,0
28893,curse_(023),1,0
28894,tama_(hiroshige_36),1,0
28895,mizushina_minato,1,0
28896,ayuma_sayu,1,0
28897,nohito,1,0
28898,moribe_(rabumanyo),1,0
28899,ryunnu,1,0
28900,arsenixc,1,0
28901,leon_(mikiri_hassha),1,0
28902,shirosuzu,1,0
28903,siiqa_vivi,1,0
28904,vivo_(vivo_sun_0222),1,0
28905,ichirugi,1,0
28906,sasaki_mutsumi,1,0
28907,uof,1,0
28908,tokyogenso,1,0
28909,natsu_no_koucha,1,0
28910,mizuki_(flowerlanguage),1,0
28911,yukineko1018,1,0
28912,rioka_(southern_blue_sky),1,0
28913,hana_mori,1,0
28914,sayakata_katsumi,1,0
28915,snm_(sunimi),1,0
28916,zaofeng,1,0
28917,kuurunaitsu,1,0
28918,olchas,1,0
28919,ikeshita_moyuko,1,0
28920,osananajimi_neko,1,0
28921,shinomu_(cinomoon),1,0
28922,lynus,1,0
28923,tatami_to_hinoki,1,0
28924,wanderjegson,1,0
28925,piyopoyo,1,0
28926,himadera,1,0
28927,zashima,1,0
28928,mukka,1,0
28929,domo_(domo_kizusuki),1,0
28930,goldowl,1,0
28931,emyo,1,0
28932,irohara,1,0
28933,pinta_(ayashii_bochi),1,0
28934,kuroi_suna,1,0
28935,kaedeko_(kaedelic),1,0
28936,gurimjang,1,0
28937,ooyun,1,0
28938,suichuu_hanabi,1,0
28939,bigdead,1,0
28940,rinndouk,1,0
28941,kon-kit,1,0
28942,hatoyama_itsuru,1,0
28943,tokkyu,1,0
28944,ireading,1,0
28945,shinonome_sakura,1,0
28946,hadashi_no_kenji,1,0
28947,kyokucho,1,0
28948,kakiko210,1,0
28949,goomyloid,1,0
28950,enami_hakase,1,0
28951,fuwa_daisuke,1,0
28952,akiman,1,0
28953,wasabi60,1,0
28954,ranma_(kamenrideroz),1,0
28955,shiren_(ourboy83),1,0
28956,kino_(m6t2a),1,0
28957,kohinata_hoshimi,1,0
28958,ncontrail_(mgax7527),1,0
28959,mofu_namako,1,0
28960,aliceyawnin,1,0
28961,saikawa_yusa,1,0
28962,denhijou_niki,1,0
28963,watage_modoki,1,0
28964,bo_(774berry),1,0
28965,satou_atsuki,1,0
28966,liduke,1,0
28967,oza_osuwari,1,0
28968,mizuki_(koko_lost),1,0
28969,matsushita_yuu,1,0
28970,hiyama_yuu_(wee259hiyama),1,0
28971,toriniku_senshi_chikinman,1,0
28972,raru_(remsor076),1,0
28973,kurogarasu,1,0
28974,ekita_kuro,1,0
28975,suenari_(peace),1,0
28976,yumiya,1,0
28977,nonoyama,1,0
28978,kasuga_yuuki,1,0
28979,ayanero_taicho,1,0
28980,shuuko_(s_h_uuko),1,0
28981,aikei_ake,1,0
28982,kawagoe_pochi,1,0
28983,maruto!,1,0
28984,aohashi_ame,1,0
28985,assha_(schector),1,0
28986,pongldr,1,0
28987,imigimuru,1,0
28988,fbc,1,0
28989,usoneko,1,0
28990,tsukumo_kazuita,1,0
28991,ddangbi,1,0
28992,studiozombie,1,0
28993,devilukez,1,0
28994,mizuhara_yuu,1,0
28995,gulp5959,1,0
28996,loodncrood,1,0
28997,shu-mai,1,0
28998,mimofu_(fullhighkick),1,0
28999,alexander_dinh,1,0
29000,ayasugi_tsubaki,1,0
29001,ringo_sui,1,0
29002,putcher,1,0
29003,kago_no_tori,1,0
29004,ao_oni_(onioni-aoi),1,0
29005,doran_(doran7280),1,0
29006,tyrone,1,0
29007,saeki_tatsuya,1,0
29008,nephlite,1,0
29009,daidai_ookami,1,0
29010,maruro,1,0
29011,ootsuka_shin'ichirou,1,0
29012,aak_(chalie363),1,0
29013,leonmandala,1,0
29014,ikeda_ruriko,1,0
29015,yuusuke-kun,1,0
29016,tem10,1,0
29017,richard_(richaball),1,0
29018,cocozasa,1,0
29019,so-bin,1,0
29020,simao_(x_x36131422),1,0
29021,chorimokki,1,0
29022,doroshe_(sdpw8474),1,0
29023,saeki_hokuto,1,0
29024,naitou_kouse,1,0
29025,oninuer,1,0
29026,mikkoukun,1,0
29027,kokukyukeo,1,0
29028,hitowa,1,0
29029,silvertsuki,1,0
29030,shigure_ui,1,0
29031,jk_arts,1,0
29032,isedaichi_ken,1,0
29033,shiba_itsuki,1,0
29034,yae_(mono110),1,0
29035,fuooooo,1,0
29036,heebee,1,0
29037,unsfrau,1,0
29038,aki_(akikaze_asparagus),1,0
29039,cyclone_(reizei),1,0
29040,asuzemu,1,0
29041,ina_(1813576),1,0
29042,sashizume_soutarou,1,0
29043,vent_arbre,1,0
29044,monorus,1,0
29045,chikado,1,0
29046,hebitsukai-san,1,0
29047,yamaguchi_yuu,1,0
29048,epiphone_(flet06),1,0
29049,hazuki_natsu,1,0
29050,mamiyama,1,0
29051,kuhotaka,1,0
29052,nnyara,1,0
29053,shiroshisu,1,0
29054,gorilla_(bun0615),1,0
29055,isamu-ki_(yuuki),1,0
29056,flasso,1,0
29057,aki_poi,1,0
29058,hyudora,1,0
29059,ebonyxh,1,0
29060,keuma,1,0
29061,kentaurosu,1,0
29062,bifidus,1,0
29063,yakitomato,1,0
29064,watsuki_ayamo,1,0
29065,amashiro_natsuki,1,0
29066,minami_koyogi,1,0
29067,chitetan,1,0
29068,rantana_(lalalalackluster),1,0
29069,gzei,1,0
29070,sameyama_jiro,1,0
29071,koikawa_minoru,1,0
29072,4shi,1,0
29073,j@ck,1,0
29074,luke_(b10a3123m),1,0
29075,izuoku,1,0
29076,tomajiyama,1,0
29077,sasahara_yuuki,1,0
29078,shiming_liangjing,1,0
29079,yewang19,1,0
29080,rea_loixacra,1,0
29081,jouzaburou_(joe3),1,0
29082,zanamaoria,1,0
29083,nanahime,1,0
29084,shouji_ayumu,1,0
29085,bitseon,1,0
29086,nago_purin,1,0
29087,dangomushi,1,0
29088,comiching,1,0
29089,prat_rat,1,0
29090,try_(lsc),1,0
29091,nonoririn,1,0
29092,nishizuki_shino,1,0
29093,tirasi_(so),1,0
29094,zawameki,1,0
29095,toho10min,1,0
29096,himegi,1,0
29097,super_zombie,1,0
29098,bomhat,1,0
29099,gustav_(telomere_na),1,0
29100,hachi_(chihagura),1,0
29101,akita_hika,1,0
29102,hainchu,1,0
29103,sonao,1,0
29104,kazu_(muchuukai),1,0
29105,tamu_(mad_works),1,0
29106,nyamota,1,0
29107,tea_(nakenashi),1,0
29108,aida_takanobu,1,0
29109,bunchi,1,0
29110,mizushima_(p201112),1,0
29111,murakami_hisashi,1,0
29112,envenomist_(gengoroumaru),1,0
29113,muoto,1,0
29114,huangdanlan,1,0
29115,kazuma_kaneko,1,0
29116,kirishima_riona,1,0
29117,orenjipiiru,1,0
29118,aoi_riko,1,0
29119,029,1,0
29120,man_(man-room),1,0
29121,igayan,1,0
29122,kurono_yuzuko,1,0
29123,wacchi,1,0
29124,midori_(misuriru8),1,0
29125,chitosezaka_suzu,1,0
29126,baran._(ba_ra_ran),1,0
29127,powerlesssong,1,0
29128,rinzo,1,0
29129,benitama,1,0
29130,airisubaka,1,0
29131,ama0805,1,0
29132,sebu_illust,1,0
29133,zono_(inokura_syuzo029),1,0
29134,rei_kun,1,0
29135,koyama_hirokazu,1,0
29136,ray-k,1,0
29137,tsumikitsuki_(katsuobushi),1,0
29138,nodoameyatou,1,0
29139,teranekosu,1,0
29140,dakusuta,1,0
29141,ie_(raarami),1,0
29142,shusuchii,1,0
29143,indesign,1,0
29144,kizaki_yuuri,1,0
29145,folks_(nabokof),1,0
29146,cowfee,1,0
29147,kodamari,1,0
29148,sky_above_me,1,0
29149,piukute062,1,0
29150,azatychan,1,0
29151,reinama,1,0
29152,isuka,1,0
29153,yotsumi_shiro,1,0
29154,obui,1,0
29155,miyabi_akino,1,0
29156,kataokasan,1,0
29157,maiqo,1,0
29158,gao_(gaolukchup),1,0
29159,yostxxx,1,0
29160,bien_(djpwjd1),1,0
29161,akino_komichi,1,0
29162,cierra_(ra-bit),1,0
29163,c-button,1,0
29164,naz_(garyuuya),1,0
29165,easy_(aqk7bdqt),1,0
29166,harunatsu_akito,1,0
29167,saku_(osake_love),1,0
29168,edoya_inuhachi,1,0
29169,gishu,1,0
29170,tyomimas,1,0
29171,tokoroten_(hmmuk),1,0
29172,caisena,1,0
29173,mountain_han,1,0
29174,kumiyabe,1,0
29175,tokita_monta,1,0
29176,fujishima-sei_ichi-gou,1,0
29177,weidashming,1,0
29178,sob_(submar1089),1,0
29179,yokoshima_(euphoria),1,0
29180,allenes,1,0
29181,fuumi_(radial_engine),1,0
29182,ishida_umi,1,0
29183,yutsu,1,0
29184,nokuhashi,1,0
29185,nemu_(nebusokugimi),1,0
29186,ichinomiya_(blantte),1,0
29187,nagi_ryou,1,0
29188,hater_(hatater),1,0
29189,kiriya_(552260),1,0
29190,salmon88,1,0
29191,takeda_yukimura,1,0
29192,nosuku,1,0
29193,harukigenia,1,0
29194,kazetto,1,0
29195,meng_ziya,1,0
29196,e.c.ho,1,0
29197,matsuba_mattsu,1,0
29198,circussion,1,0
29199,13_(spice!!),1,0
29200,carlo_montie,1,0
29201,lotosu,1,0
29202,usagi_(786113654),1,0
29203,satori_(aosky9077),1,0
29204,muraryo,1,0
29205,oosaki_shin'ya,1,0
29206,yuuki_(yuyuki000),1,0
29207,fushitasu,1,0
29208,tomatto_(@ma!),1,0
29209,relaxjon,1,0
29210,nac000,1,0
29211,sgk,1,0
29212,nidaime_(doronbo),1,0
29213,spykeee,1,0
29214,hijiri_tsukasa,1,0
29215,ekao,1,0
29216,tabata_hisayuki,1,0
29217,alto2019,1,0
29218,tooo,1,0
29219,sakiyo_cake,1,0
29220,himuro_shunsuke,1,0
29221,deel_(rkeg),1,0
29222,goku_suzume,1,0
29223,horokusa_(korai),1,0
29224,ringoanu,1,0
29225,kamata_yuuya,1,0
29226,tsukigi,1,0
29227,sabaku_chitai,1,0
29228,ponsuke_(pon00000),1,0
29229,ushiki_yoshitaka,1,0
29230,bakugadou,1,0
29231,kishiyo,1,0
29232,seisui_bar,1,0
29233,gotou_hisashi,1,0
29234,aikome_(haikome),1,0
29235,pandea_work,1,0
29236,jadenkaiba,1,0
29237,murakami_yuichi,1,0
29238,namiki_(remiter00),1,0
29239,nidy,1,0
29240,mon_momu,1,0
29241,harukaze_unipo,1,0
29242,nabe_puyo,1,0
29243,razalor,1,0
29244,maniacpaint,1,0
29245,akira_(coffee_curry),1,0
29246,rafaelaaa,1,0
29247,mashima_shima,1,0
29248,maru_ccy,1,0
29249,shirocha_tei,1,0
29250,signalviolet,1,0
29251,mono_(moiky),1,0
29252,uumaru,1,0
29253,valefal_coneri,1,0
29254,11kkr,1,0
29255,maggea22,1,0
29256,siw0n,1,0
29257,haruyuki_(yukichasoba),1,0
29258,cyicheng,1,0
29259,abenattou,1,0
29260,dantewontdie,1,0
29261,senji_(tegone_spike),1,0
29262,boyano,1,0
29263,kuma-bound,1,0
29264,neruzou,1,0
29265,takano_yuki_(allegro_mistic),1,0
29266,ino_(tellu0120),1,0
29267,nonamejd,1,0
29268,itohana,1,0
29269,sakura_no_tomoru_hi_e,1,0
29270,r-king,1,0
29271,popon_ta,1,0
29272,georugu13,1,0
29273,eibon,1,0
29274,kuronyan,1,0
29275,kabaji,1,0
29276,qing_wu,1,0
29277,minosu,1,0
29278,radish_p,1,0
29279,akane_souichi,1,0
29280,asakawa_(outeq),1,0
29281,wingedwasabi,1,0
29282,yamamoto_arifred,1,0
29283,hijikawa_arashi,1,0
29284,opi,1,0
29285,tokuno_yuika,1,0
29286,hirai_yuzuki,1,0
29287,ech,1,0
29288,uzuki_mei,1,0
29289,nakatokung,1,0
29290,nekofish666,1,0
29291,orihi_chihiro,1,0
29292,kazepana,1,0
29293,suou-sensei,1,0
29294,bobobo1345,1,0
29295,wewe,1,0
29296,hominamia,1,0
29297,tenjou_ryuka,1,0
29298,rejean_dubois,1,0
29299,shirushiki,1,0
29300,chihiro_(kemonomichi),1,0
29301,moudoku_(decopon3rd),1,0
29302,himonoata,1,0
29303,kieed,1,0
29304,umakuchi_shouyu,1,0
29305,akaga_hirotaka,1,0
29306,amino_(tn7135),1,0
29307,zuo_daoxing,1,0
29308,ao_(flowerclasse),1,0
29309,flaw_eight,1,0
29310,lakilolom,1,0
29311,brll,1,0
29312,mana_(tsurubeji),1,0
29313,meziosaur,1,0
29314,sohin,1,0
29315,tsukumizu,1,0
29316,aumann,1,0
29317,miyao_ryuu,1,0
29318,fyuo,1,0
29319,cosmic_(crownclowncosmic),1,0
29320,mikage_sekizai,1,0
29321,fouriasensei,1,0
29322,takara_akihito,1,0
29323,shisei_(kyuushoku_banchou),1,0
29324,syatey,1,0
29325,ariga_hitoshi,1,0
29326,ebimomo,1,0
29327,gomu_(chewinggom),1,0
29328,shukinuko,1,0
29329,10mo,1,0
29330,fuusuke_(fusuke208),1,0
29331,dorahdew,1,0
29332,polilla,1,0
29333,inuzumi_masaki,1,0
29334,gin_(shioyude),1,0
29335,harakawa_mitsuhiro,1,0
29336,mikimoto_haruhiko,1,0
29337,u35,1,0
29338,smgold,1,0
29339,arimura_yuu,1,0
29340,ryou-san,1,0
29341,kurenaiz_(kuayrenaiz),1,0
29342,toshimichi_yukari,1,0
29343,tama_(soon32281),1,0
29344,shun_(rokudena-shi),1,0
29345,picter,1,0
29346,tansuan_(ensj3875),1,0
29347,pole_(ppp1409),1,0
29348,sasaki_akira_(ugc),1,0
29349,keita_(tundereyuina),1,0
29350,amikoiiko,1,0
29351,kawaruhi,1,0
29352,imaikuy0,1,0
29353,shirako_miso,1,0
29354,sen_(sen0910),1,0
29355,sody,1,0
29356,hekomii,1,0
29357,fizintine,1,0
29358,hanekuri_(nnainain),1,0
29359,temari_momiji,1,0
29360,aya_shachou,1,0
29361,rangu,1,0
29362,zetsumame,1,0
29363,racer_(magnet),1,0
29364,kaorihero,1,0
29365,haidao_mao,1,0
29366,rosuuri,1,0
29367,mogumo,1,0
29368,aoto_mei,1,0
29369,chikaretsu,1,0
29370,giorgio_(yo_sumire_sola1),1,0
29371,yoye_(pastel_white),1,0
29372,takoyaki_(roast),1,0
29373,kitayama_miuki,1,0
29374,rizento,1,0
29375,gucchiann,1,0
29376,paddy_field,1,0
29377,kyuuso_inukami,1,0
29378,nakaaki_masashi,1,0
29379,yaki_apple,1,0
29380,bucchake_(asami),1,0
29381,bakkanki,1,0
29382,hacco_mayu,1,0
29383,mikagami_mamizu,1,0
29384,puuakachan,1,0
29385,ekakibito,1,0
29386,eitopondo,1,0
29387,nekoguruma,1,0
29388,kita_(kitairoha),1,0
29389,sabata_saba,1,0
29390,yagi2013,1,0
29391,chronozbergh,1,0
29392,toridamono,1,0
29393,goomrrat,1,0
29394,saeki_sora,1,0
29395,kani_fish,1,0
29396,okame_nin,1,0
29397,fei_(maidoll),1,0
29398,fujieda_uzuki,1,0
29399,volyz,1,0
29400,toy-black,1,0
29401,yagi_(ningen),1,0
29402,harumachi_nagaaki,1,0
29403,yamano_rokamizu,1,0
29404,diisuke,1,0
29405,choborau_nyopomi,1,0
29406,yasojima_nejiro,1,0
29407,miyoshi_yoshimi,1,0
29408,owasaki,1,0
29409,jinkoika,1,0
29410,tsurukame,1,0
29411,tyone,1,0
29412,hai_ookami,1,0
29413,cesar_art456,1,0
29414,onedoo,1,0
29415,kowai_(iamkowai),1,0
29416,matoyama,1,0
29417,fuji_fujino,1,0
29418,nns_(sobchan),1,0
29419,citron80citron,1,0
29420,minatsuki_randoseru,1,0
29421,jndfh,1,0
29422,258n,1,0
29423,byulzzi,1,0
29424,accio,1,0
29425,aoki_ume,1,0
29426,tan_(tangent),1,0
29427,xipa,1,0
29428,suou_(sdurorhr),1,0
29429,chance8000,1,0
29430,aquastar_inc.,1,0
29431,tokio_(okt0w0),1,0
29432,succuboos,1,0
29433,bang-you,1,0
29434,tateishi_kureha,1,0
29435,kuragari,1,0
29436,hinoshita_akame,1,0
29437,kanola_u,1,0
29438,agetama,1,0
29439,giuniu,1,0
29440,kisaragi_tsurugi,1,0
29441,usagihime,1,0
29442,koahri,1,0
29443,eruu_(eruuman),1,0
29444,aetherion,1,0
29445,hogeroh,1,0
29446,kurose_kousuke,1,0
29447,goki_buri,1,0
29448,nekono_rin,1,0
29449,k10k,1,0
29450,sune_(mugendai),1,0
29451,xo_(xo17800108),1,0
29452,kakao_(noise-111),1,0
29453,yui_toshiki,1,0
29454,shino_(eefy),1,0
29455,ueda_ryou,1,0
29456,teruui,1,0
29457,neneneji,1,0
29458,ochinsama,1,0
29459,watanuki_(enu),1,0
29460,tonami_kanji,1,0
29461,kimura_shiki,1,0
29462,nekometaru,1,0
29463,fair6805_(rkrk12),1,0
29464,gayarou,1,0
29465,okama,1,0
29466,lasengle,1,0
29467,rikuguma,1,0
29468,fluegel_(gumi710),1,0
29469,shirase_(shirose),1,0
29470,5danny1206,1,0
29471,sarasadou_dan,1,0
29472,yuuzii,1,0
29473,hideko_(l33l3b),1,0
29474,tansuke,1,0
29475,shefu,1,0
29476,hashimoto_takashi,1,0
29477,usagi_nui,1,0
29478,sasaki_tomomi,1,0
29479,kyou_039,1,0
29480,mitsuyo_(mituyo324),1,0
29481,ddal,1,0
29482,kim_eb,1,0
29483,aoba_(smartbeat),1,0
29484,devilhs,1,0
29485,hanny_(uirusu_chan),1,0
29486,igusaharu,1,0
29487,junpaku_karen,1,0
29488,bokoboko_(pandagapanda1),1,0
29489,shirokuma_(nankyoku),1,0
29490,painterliuhao,1,0
29491,makaroll,1,0
29492,maruma_(maruma_gic),1,0
29493,kurowa,1,0
29494,yaman,1,0
29495,kaede_(sayappa),1,0
29496,dduck_kong,1,0
29497,nejime,1,0
29498,mado_(mukade_tou),1,0
29499,tetsujin_momoko,1,0
29500,melaton,1,0
29501,pu-en,1,0
29502,ruka_(blueplus84),1,0
29503,pukara,1,0
29504,unacchi_(nyusankin),1,0
29505,gurami_(zangizarang),1,0
29506,raichiyo33,1,0
29507,amibazh,1,0
29508,blueorca,1,0
29509,enokuma_uuta,1,0
29510,nou_(nounknown),1,0
29511,qtian,1,0
29512,miata_(miata8674),1,0
29513,eidenjyou1997,1,0
29514,nakadori_(movgnsk),1,0
29515,h2o_(ddks2923),1,0
29516,mayo_(becky2006),1,0
29517,uousa-ou,1,0
29518,artpatient,1,0
29519,li_sakura,1,0
29520,paopao,1,0
29521,tinnies,1,0
29522,mimyo,1,0
29523,toto_nemigi,1,0
29524,shimo_(depthbomb),1,0
29525,shiratsuki_shiori,1,0
29526,tekehiro,1,0
29527,onineko,1,0
29528,arcie_albano,1,0
29529,taurine_8000mg,1,0
29530,hiroki_ree,1,0
29531,gou_lianlian_dogface,1,0
29532,mo23,1,0
29533,jack_(wkm74959),1,0
29534,kat_(bu-kunn),1,0
29535,ett,1,0
29536,thin_(suzuneya),1,0
29537,ario,1,0
29538,hakai_shin,1,0
29539,morino_donguri,1,0
29540,omutatsu,1,0
29541,kiriyama_taichi,1,0
29542,saya_(mychristian2),1,0
29543,furahata_gen,1,0
29544,cotono_(nazekun),1,0
29545,chii_(tsumami_tsumamare),1,0
29546,migihidari_(puwako),1,0
29547,rum_raisin_(chihiromakita19),1,0
29548,maewix_(artist),1,0
29549,sasahara_wakaba,1,0
29550,keyaki_chimaki,1,0
29551,notora,1,0
29552,atie1225,1,0
29553,deogho_(liujinzy9854),1,0
29554,chihunhentai,1,0
29555,mogskg,1,0
29556,bibi02,1,0
29557,nekoshoko,1,0
29558,setu_kurokawa,1,0
29559,myeolchi,1,0
29560,itatatata,1,0
29561,motomiya_mitsuki,1,0
29562,sorapoi,1,0
29563,torigoe_takumi,1,0
29564,key_(gaigaigai123),1,0
29565,hogara,1,0
29566,rimuu,1,0
29567,kankitsunabe_(citrus),1,0
29568,tedain,1,0
29569,gale_kawaii,1,0
29570,yuuki_tatsuya,1,0
29571,sca_jam,1,0
29572,ibaraki_natou,1,0
29573,xfate,1,0
29574,minami_saki,1,0
29575,pmchell_04,1,0
29576,sen1986,1,0
29577,yasashii_naizou,1,0
29578,hamada_yoshikazu,1,0
29579,shirasu_uni,1,0
29580,poa_mellhen,1,0
29581,poaro,1,0
29582,ishida_aya,1,0
29583,uchuu_no_mozuku,1,0
29584,yoshioka_yoshiko,1,0
29585,nathaniel_pennel,1,0
29586,nekominase,1,0
29587,ebido,1,0
29588,kaptivate,1,0
29589,hanya_(hanya_yashiki),1,0
29590,ningen_(ningen96),1,0
29591,fushirun_rung,1,0
29592,chagen_kokimu,1,0
29593,haruichi_(komikal),1,0
29594,kaoming,1,0
29595,jouhou,1,0
29596,tachikoma_(mousou_teikoku),1,0
29597,nemoto_yuuma,1,0
29598,meme50,1,0
29599,toi8,1,0
29600,himeko_(nico6v6pachi),1,0
29601,mameshiba_(pixiv_59310),1,0
29602,hide_(hideout),1,0
29603,megadeko,1,0
29604,enami_katsumi,1,0
29605,sahara386,1,0
29606,suerte,1,0
29607,goguma_wagamja,1,0
29608,sin_mal0909,1,0
29609,nanaken_nana,1,0
29610,baji_toufuu_(bajitohfu),1,0
29611,david_liu,1,0
29612,ashiroku_(miracle_hinacle),1,0
29613,doppel_(bonnypir),1,0
29614,rotix,1,0
29615,nixeu,1,0
29616,sunday_aki,1,0
29617,uona_telepin,1,0
29618,kousaka_0v0,1,0
29619,zhibuji_loom,1,0
29620,hechi,1,0
29621,sakurame,1,0
29622,suiren_yurei,1,0
29623,hoshino_ouka,1,0
29624,yepnean,1,0
29625,fal_maro,1,0
29626,nekopuchi,1,0
29627,taneda_yuuta,1,0
29628,zan_(harukahime),1,0
29629,watarase_piro,1,0
29630,asaga_aoi,1,0
29631,u-non_(annon'an),1,0
29632,myuu_(arisumeria),1,0
29633,mochitose_aguri,1,0
29634,miyai_sen,1,0
29635,marisasu_(marisa0904),1,0
29636,kanoe_soushi,1,0
29637,tunamayo_(dsasd751),1,0
29638,cirilla_lin,1,0
29639,brat_(brabrabrat00),1,0
29640,nanashin_naomi,1,0
29641,fumiko_(mesushi),1,0
29642,ikurauni,1,0
29643,sou_(soutennkouchi),1,0
29644,thanabis,1,0
29645,dosugon,1,0
29646,logan_cure,1,0
29647,unholymilk,1,0
29648,handsome_wataru,1,0
29649,ri_(qrcode),1,0
29650,nerukichikatafukuma,1,0
29651,gegesan,1,0
29652,haruneharu,1,0
29653,matsurika_youko,1,0
29654,udukikosuke,1,0
29655,asuka_(junerabitts),1,0
29656,moebell,1,0
29657,rustle,1,0
29658,jelly_shrimp,1,0
29659,aposine,1,0
29660,mizusoba,1,0
29661,akinaie,1,0
29662,top-exerou,1,0
29663,purinpurin,1,0
29664,satsuki_neko,1,0
29665,icehotmilktea,1,0
29666,sakamoto_mineji,1,0
29667,satomura_kyou,1,0
29668,woolrool,1,0
29669,matsuda_hikari,1,0
29670,nekobell,1,0
29671,aoi_tete,1,0
29672,fly_(marguerite),1,0
29673,takorice,1,0
29674,ttanuu.,1,0
29675,ayakumo,1,0
29676,kkix25,1,0
29677,cafin,1,0
29678,recklessdraw,1,0
29679,bomber_grape,1,0
29680,oyu_udon,1,0
29681,ogata_tei,1,0
29682,hhh_(wave),1,0
29683,azu-taro,1,0
29684,kibanda_gohan,1,0
29685,take_shinobu,1,0
29686,gyozanuko,1,0
29687,gijang,1,0
29688,ringsel,1,0
29689,kaoruru_(sakuno2911),1,0
29690,cypress_(hinokidou),1,0
29691,rensyu,1,0
29692,puppeteer7777,1,0
29693,yan-yam,1,0
29694,keihh,1,0
29695,aga_marino,1,0
29696,katwo,1,0
29697,refeia,1,0
29698,narutaki_shin,1,0
29699,ark_kan,1,0
29700,noeyebrow_(mauve),1,0
29701,redrabbit44,1,0
29702,haseru_(ginku_mh),1,0
29703,ricochet-gou,1,0
29704,asura_(asurauser),1,0
29705,park_ongjol,1,0
29706,unagiman,1,0
29707,tako-chan_(hub_dump),1,0
29708,ano_(gccx8784),1,0
29709,shikino_yuki,1,0
29710,agnamore,1,0
29711,elliemaplefox,1,0
29712,ichimura_kanata,1,0
29713,tanaka_shoutarou,1,0
29714,nishimura_kinu,1,0
29715,yukiu_con,1,0
29716,shiden_(sashimi_no_wife),1,0
29717,muimui_(4242564muimui),1,0
29718,arisaka_ako,1,0
29719,sinzan,1,0
29720,can_(canzume),1,0
29721,phamoz,1,0
29722,mouyi,1,0
29723,azuma_shino,1,0
29724,drew_(drew213g),1,0
29725,dean_(momodean),1,0
29726,fed_(giba),1,0
29727,muta_poo,1,0
29728,kinfuji,1,0
29729,asahina_hikage,1,0
29730,ursica,1,0
29731,hime_takeo,1,0
29732,hagioshi,1,0
29733,arind_yudha,1,0
29734,otokucha,1,0
29735,jejejunum,1,0
29736,shuvi_(shuvi1125),1,0
29737,mizuki_kotora,1,0
29738,krokobyaka,1,0
29739,utopia_(utopiavl),1,0
29740,besmiled,1,0
29741,dancho_(dancyo),1,0
29742,juexing_(moemoe3345),1,0
29743,lemontyoisy_r18,1,0
29744,nyanzai-sensei,1,0
29745,ushiyama_ame,1,0
29746,mayogii,1,0
29747,mamyouda,1,0
29748,ketsumaimo,1,0
29749,weisuoxin,1,0
29750,maromi_(am97),1,0
29751,yunkaiming,1,0
29752,chiaki_rakutarou,1,0
29753,tomo_(sjim),1,0
29754,kelvin-trainerk,1,0
29755,zangemiya,1,0
29756,hori_shin,1,0
29757,yamauchi_kouen,1,0
29758,nejikirio,1,0
29759,hiranko,1,0
29760,erakin,1,0
29761,maruyo,1,0
29762,tomato_rice,1,0
29763,hisha_(kan_moko),1,0
29764,yamauchi_noriyasu,1,0
29765,achan_(blue_semi),1,0
29766,kagachi_saku,1,0
29767,hayakawa_harui,1,0
29768,toplow,1,0
29769,ikari_(aor3507),1,0
29770,sorimura_youji,1,0
29771,uni_souchou,1,0
29772,anzu_(o6v6o),1,0
29773,ikemen'na_ore-shi,1,0
29774,microa,1,0
29775,moyori,1,0
29776,tsukino_(nakajimaseiki),1,0
29777,yzr_(yzr99),1,0
29778,pupi_(rain_prophet),1,0
29779,ai_dongdong,1,0
29780,yamamori_kinako,1,0
29781,irvinetope,1,0
29782,henreader,1,0
29783,ringozaka_mariko,1,0
29784,hazuki_(sutasuta),1,0
29785,masha,1,0
29786,chorefuji,1,0
29787,wlop,1,0
29788,quasarcake,1,0
29789,suimya,1,0
29790,tanasuke,1,0
29791,tsu_(lovesick1964),1,0
29792,ayul_(ayulneri_92),1,0
29793,nagineko,1,0
29794,kitsuneno_denpachi,1,0
29795,kakumayu,1,0
29796,kirisame_mia,1,0
29797,sagami_jon,1,0
29798,heriyama,1,0
29799,karakari,1,0
29800,tottoto_tomekichi,1,0
29801,mirufi_(milfiiiiyu),1,0
29802,tousen,1,0
29803,puge,1,0
29804,toriyama_akira,1,0
29805,aka_tawashi,1,0
29806,kotteri,1,0
29807,tono_(rt0no),1,0
29808,joshua_(shisanli934),1,0
29809,3gs,1,0
29810,zakusi,1,0
29811,yampa,1,0
29812,spicy_moo,1,0
29813,uno_ryoku,1,0
29814,natori_youkai,1,0
29815,mak066,1,0
29816,dragon@harry,1,0
29817,tkgsize,1,0
29818,majunjuu,1,0
29819,koma_neko,1,0
29820,garnet,1,0
29821,mabing,1,0
29822,hiyori_(rindou66),1,0
29823,gofelem,1,0
29824,iumi_urura,1,0
29825,sandragh,1,0
29826,yugaa,1,0
29827,takatora,1,0
29828,u_u_ki_u_u,1,0
29829,awarinko,1,0
29830,naruse_hirofumi,1,0
29831,nagio_(kiona),1,0
29832,seri_(vyrlw),1,0
29833,joman,1,0
29834,poipoi_purin,1,0
29835,madotsukumo,1,0
29836,kikoka_(mizuumi),1,0
29837,ny_000a,1,0
29838,ariverkao,1,0
29839,yuuki_mix,1,0
29840,onomeshin,1,0
29841,inunoko.,1,0
29842,yasuda_suzuhito,1,0
29843,tsukinami_kousuke,1,0
29844,daito,1,0
29845,mishima_hiroji,1,0
29846,wangxiii,1,0
29847,rama_(yu-light8),1,0
29848,satou_aji,1,0
29849,chuu_ni,1,0
29850,super-mu,1,0
29851,vanilla_(miotanntann),1,0
29852,senmu_(0107),1,0
29853,gigamessy,1,0
29854,takecha,1,0
29855,ishida_akira,1,0
29856,rikudou_inuhiko,1,0
29857,kugelschreiber,1,0
29858,booota,1,0
29859,kinako_(shiratama_mochi),1,0
29860,chiba_toshirou,1,0
29861,nishimura_eri,1,0
29862,eikawa_suru,1,0
29863,fengmo,1,0
29864,hayama_kazusa,1,0
29865,anisdrawn,1,0
29866,witoi_(roa),1,0
29867,jikihatiman,1,0
29868,yamato_(muchuu_paradigm),1,0
29869,vinhnyu,1,0
29870,nima_(niru54),1,0
29871,yoshimoto_(dear_life),1,0
29872,aikir_(jml5160),1,0
29873,qusouzu_mogari,1,0
29874,niku-name,1,0
29875,hitsuki_rei,1,0
29876,suyohara,1,0
29877,makacoon,1,0
29878,shigure_s,1,0
29879,narisokonai,1,0
29880,hao_(patinnko),1,0
29881,pomu_(joynet),1,0
29882,naik,1,0
29883,gainoob,1,0
29884,ooranokohaku,1,0
29885,takenoko_no_you,1,0
29886,lobelia_(saclia),1,0
29887,ikuyoan,1,0
29888,shinonome_asu,1,0
29889,ooji,1,0
29890,kawai_makoto,1,0
29891,kiyomin,1,0
29892,amane_(7783),1,0
29893,libre,1,0
29894,riku_(rikkuru),1,0
29895,dorachan_r,1,0
29896,yamabuki_(yusuraume),1,0
29897,reoen,1,0
29898,kz_oji,1,0
29899,kobayashi_yuuji,1,0
29900,yonekura_hisaki,1,0
29901,rindou_(p41neko),1,0
29902,ndtwofives,1,0
29903,mocollie,1,0
29904,kagerou_(kers),1,0
29905,akahi_(akahi242),1,0
29906,hagiwara_daisuke,1,0
29907,name_omoitukan2,1,0
29908,sakura_ani,1,0
29909,eus_ing,1,0
29910,apt,1,0
29911,observerz,1,0
29912,sanemichi_hajime,1,0
29913,funitarefu,1,0
29914,kasuya_baian,1,0
29915,fractalmagnolia,1,0
29916,yongsadragon,1,0
29917,jj_(ssspulse),1,0
29918,onineko-chan,1,0
29919,dr_octojuice,1,0
29920,ling_s,1,0
29921,splashbrush,1,0
29922,nanateru,1,0
29923,lilac_(p-f_easy),1,0
29924,brikot,1,0
29925,take_(trude1945oneetyan),1,0
29926,inoue_takuya_(tactactak),1,0
29927,urec,1,0
29928,goumonsha,1,0
29929,idaten93,1,0
29930,sakamata_(sakamata4),1,0
29931,jan_(lightdragoon),1,0
29932,lasto,1,0
29933,nikuatsu_magician_shinbo,1,0
29934,daisi_gi,1,0
29935,463_jun,1,0
29936,itsumo_nokoru,1,0
29937,tanihara_natsuki,1,0
29938,kobamiso_(kobalt),1,0
29939,merrytail,1,0
29940,eiji_(eiji),1,0
29941,ame_(uten_cancel),1,0
29942,kurokuro,1,0
29943,ikeda_jun_(mizutamari),1,0
29944,kamikita_futago,1,0
29945,zun_(artist),1,0
29946,mochigome_(ununquadium),1,0
29947,umino_mokuzu_(shizumisou),1,0
29948,matsui_yasutsugu,1,0
29949,yu_65026,1,0
29950,nanana_(nanana_iz),1,0
29951,akakura,1,0
29952,yamato_koara,1,0
29953,koissa,1,0
29954,b1ack_illust,1,0
29955,chikuwa_savy,1,0
29956,ryochapu,1,0
29957,tomoshibi_hidekazu,1,0
29958,inamori_ryusa,1,0
29959,yui_(tamagohan),1,0
29960,z.i,1,0
29961,thor_(deep_rising),1,0
29962,toku_sonchou,1,0
29963,sookmo,1,0
29964,z282g,1,0
29965,chaki_(teasets),1,0
29966,ohland,1,0
29967,sila_(carpen),1,0
29968,bukkuri,1,0
29969,soyo1558686,1,0
29970,nicky_w,1,0
29971,sendo_(sendrawz),1,0
29972,ah-lyong_lee,1,0
29973,jikuno,1,0
29974,bimmy,1,0
29975,terupancake,1,0
29976,kujou_danbo,1,0
29977,nbee_ya,1,0
29978,itowo_(itowc),1,0
29979,incase,1,0
29980,fukuda_shuushi,1,0
29981,muffin_(sirumeria),1,0
29982,jikatarou,1,0
29983,bokuman,1,0
29984,xia_(ryugo),1,0
29985,chiwa_(chiwa0617),1,0
29986,jampen,1,0
29987,kumasyan1998,1,0
29988,ddari,1,0
29989,misg1111,1,0
29990,jianjia,1,0
29991,iroha_(iroha_matsurika),1,0
29992,cygnus_(cygnus7),1,0
29993,sabamori,1,0
29994,shiwa_(siwaa0419),1,0
29995,rakurakutei_ramen,1,0
29996,fishine,1,0
29997,haruhata_mutsuki,1,0
29998,honchu,1,0
29999,kouya_toufu,1,0
30000,kousuke0912,1,0
30001,yuki_(popopo),1,0
30002,hiroya_juuren,1,0
30003,ydpfa,1,0
30004,bowwow_(hamju94),1,0
30005,badcompzero,1,0
30006,imazawa,1,0
30007,berry_jou,1,0
30008,zeco,1,0
30009,stupa13a,1,0
30010,minazuki_juuzou,1,0
30011,konoe_ototsugu,1,0
30012,minafuni,1,0
30013,watanore,1,0
30014,graysheartart,1,0
30015,kazeno,1,0
30016,vickie_(cryingrobot),1,0
30017,nanahara_fuyuki,1,0
30018,bowalia,1,0
30019,kuwashima_rein,1,0
30020,sacraneco,1,0
30021,ume_(noraneko),1,0
30022,tarmo,1,0
30023,nochita_shin,1,0
30024,tsukimoto_kizuki,1,0
30025,kazo_(kazozakazo),1,0
30026,amogan,1,0
30027,tama_(songe),1,0
30028,winn,1,0
30029,coin_rand,1,0
30030,ohlia,1,0
30031,nhaliz,1,0
30032,donutman,1,0
30033,mocacoffee_1001,1,0
30034,niyane,1,0
30035,appleq,1,0
30036,kuro_(be_ok),1,0
30037,so-taro,1,0
30038,colon_br,1,0
30039,kionant,1,0
30040,morita_kazuaki,1,0
30041,monaka_curl,1,0
30042,nebusoku,1,0
30043,yoon_(dmsco1803),1,0
30044,konayama_kata,1,0
30045,wjs07,1,0
30046,ryuuneart,1,0
30047,ono_misao,1,0
30048,cloritin,1,0
30049,higa_(gominami),1,0
30050,formicid,1,0
30051,nisetanaka,1,0
30052,srpzk,1,0
30053,horuhara,1,0
30054,hikashima_(shiofune),1,0
30055,kito_koruta,1,0
30056,scavia10,1,0
30057,tonchinkan,1,0
30058,artsheops,1,0
30059,anidler91,1,0
30060,tengu_(tetuo_kun),1,0
30061,rururiaru,1,0
30062,matanukinuki,1,0
30063,hokou_sakuran,1,0
30064,rourou_ill,1,0
30065,nibiiro_shizuka,1,0
30066,fangdan_runiu,1,0
30067,courreges_ace,1,0
30068,yoruhachi,1,0
30069,efreezerarts,1,0
30070,chalseu,1,0
30071,kazukoto,1,0
30072,ribiadan,1,0
30073,cris_art,1,0
30074,aruman,1,0
30075,ssambatea,1,0
30076,kamimiya,1,0
30077,shimadoriru,1,0
30078,rasahan,1,0
30079,namidame,1,0
30080,shio_(futatsumami),1,0
30081,kanjy00u,1,0
30082,jan_azure,1,0
30083,osumoto1,1,0
30084,zooanime,1,0
30085,oro_(sumakaita),1,0
30086,racchi.,1,0
30087,wasabi_(sekai),1,0
30088,yam_(yamap_mako),1,0
30089,green322,1,0
30090,qkat_(arikawa-dou),1,0
30091,tomas_(kaosu22),1,0
30092,kuga_tsukasa,1,0
30093,hagino_kouta,1,0
30094,luizhtx,1,0
30095,ouri_(aya_pine),1,0
30096,tan_(inka),1,0
30097,ichi-go,1,0
30098,munashi_mujou,1,0
30099,johan_(johan13),1,0
30100,jadf,1,0
30101,setmen,1,0
30102,nvl,1,0
30103,nicoby,1,0
30104,gentlecat,1,0
30105,irohara_mitabi,1,0
30106,eredhen,1,0
30107,aochoku,1,0
30108,umiroku,1,0
30109,3_(sanyako1),1,0
30110,maiku,1,0
30111,kai_xin,1,0
30112,oshiki_hitoshi,1,0
30113,burisuke_(koujiro),1,0
30114,queasy_s,1,0
30115,sumisaki_yuzuna,1,0
30116,speh,1,0
30117,yotubeya,1,0
30118,pokimari,1,0
30119,hinami047,1,0
30120,jaho,1,0
30121,sazamiso_rx,1,0
30122,togekk0,1,0
30123,banchiku,1,0
30124,holy_meh,1,0
30125,kaede_(mmkeyy),1,0
30126,pa._(tatuya28001),1,0
30127,ex_idol,1,0
30128,nyanya,1,0
30129,oomori_(kswmr),1,0
30130,fujishiro_emyu,1,0
30131,jiang_ye_kiri,1,0
30132,amai_nekuta,1,0
30133,rib:y(uhki),1,0
30134,lunch_(shin_new),1,0
30135,uchuuneko,1,0
30136,nama_udon,1,0
30137,okayado,1,0
30138,twumi,1,0
30139,55bata6rou,1,0
30140,yuzuruka_(bougainvillea),1,0
30141,songchuan_li,1,0
30142,simz,1,0
30143,sills,1,0
30144,nishida_megane,1,0
30145,wataboku,1,0
30146,chomoran,1,0
30147,yugen99,1,0
30148,nunucco,1,0
30149,doko_tetora,1,0
30150,horikoshi_kouhei,1,0
30151,fadingz,1,0
30152,kurororo_rororo,1,0
30153,hinomoto_madoka,1,0
30154,rin-sin,1,0
30155,shiontaso,1,0
30156,pote_(pote_39),1,0
30157,keenbiscuit,1,0
30158,taiyang_yu,1,0
30159,xe_(execut3r),1,0
30160,toshizou_(0714),1,0
30161,akizora_momiji,1,0
30162,nekotarou_(nktr299),1,0
30163,kagiyama_shachou,1,0
30164,shipu_(gassyumaron),1,0
30165,hitorilily,1,0
30166,hita_(hitapita),1,0
30167,kagemusha,1,0
30168,sakura_ran,1,0
30169,kuguri_oimo,1,0
30170,negahami,1,0
30171,aono_shimo,1,0
30172,odmised,1,0
30173,david_revoy,1,0
30174,eluthel,1,0
30175,kuria_(clear_trip_second),1,0
30176,watao,1,0
30177,frikulu,1,0
30178,momo_(higanbana_and_girl),1,0
30179,mitake_eil,1,0
30180,sakura_ryuuken,1,0
30181,nhim,1,0
30182,lucknight,1,0
30183,chibirisu,1,0
30184,tapioka_(oekakitapioka),1,0
30185,nakamura_rohane,1,0
30186,flippy_(cripine111),1,0
30187,stormcow,1,0
30188,dodo_(dodobo),1,0
30189,hamedoragon,1,0
30190,meion,1,0
30191,minakata_sunao,1,0
30192,hagure_keg,1,0
30193,nababa,1,0
30194,kan'yu_(citron_82),1,0
30195,oopartz_yang,1,0
30196,yoshiwa_tomo,1,0
30197,kurano_kisuke,1,0
30198,ripu_(lipi),1,0
30199,longdq3008,1,0
30200,serino_itsuki,1,0
30201,folait,1,0
30202,hiramedousa,1,0
30203,nakasone_haiji,1,0
30204,vashperado,1,0
30205,yude,1,0
30206,usatarou,1,0
30207,shihou_(g-o-s),1,0
30208,poriuretan,1,0
30209,purin_a_la_mode_(popup),1,0
30210,ez6,1,0
30211,origami_aya,1,0
30212,geppewi,1,0
30213,nanin,1,0
30214,kosshii_(masa2243),1,0
30215,pinakes,1,0
30216,dk.senie,1,0
30217,maze_yuri,1,0
30218,katsuten,1,0
30219,norizc,1,0
30220,aoi_suzu,1,0
30221,yuuji_overall,1,0
30222,duoyuanjun,1,0
30223,furuyama_itaru,1,0
30224,halulu,1,0
30225,moe_(hamhamham),1,0
30226,aramaru,1,0
30227,bae.c,1,0
30228,mannack,1,0
30229,fukurou_(owl222),1,0
30230,blueberry_(5959),1,0
30231,x-t3al,1,0
30232,dal-gi,1,0
30233,yadapot,1,0
30234,chawan_(yultutari),1,0
30235,dise_(psychoro),1,0
30236,lix_(iroiro3843),1,0
30237,steed_(steed_enterprise),1,0
30238,tenobe,1,0
30239,aiuti,1,0
30240,orobou,1,0
30241,neku_(neku_draw),1,0
30242,iwamoto_zerogo,1,0
30243,dev_(dev0614),1,0
30244,elleciel.eud,1,0
30245,nico-neko,1,0
30246,brassica,1,0
30247,kesoshirou,1,0
30248,jarckius,1,0
30249,onnaski,1,0
30250,waterkuma,1,0
30251,sirokohi,1,0
30252,hanokage,1,0
30253,kugui_kiyunemu,1,0
30254,kane-neko,1,0
30255,keigi,1,0
30256,hiro_(pqtks113),1,0
30257,vivivoovoo,1,0
30258,kyuuri_(miyako),1,0
30259,nishiide_kengorou,1,0
30260,meitoro,1,0
30261,kaneni,1,0
30262,akni,1,0
30263,tof,1,0
30264,haori_io,1,0
30265,nksk,1,0
30266,chihiro_(khorosho),1,0
30267,pyon-kichi,1,0
30268,saihate_(d3),1,0
30269,hamsterfragment,1,0
30270,leviathan_(hikinito0902),1,0
30271,soresaki,1,0
30272,lemon_pan,1,0
30273,vyragami,1,0
30274,maett,1,0
30275,popopon26494249,1,0
30276,dos_(james30226),1,0
30277,randou,1,0
30278,fujii_eishun,1,0
30279,clipe,1,0
30280,terakoya,1,0
30281,lillithlauda,1,0
30282,osame,1,0
30283,akaza,1,0
30284,komb,1,0
30285,duoj_ji,1,0
30286,narumame,1,0
30287,nishida_asako,1,0
30288,nonbire,1,0
30289,tokiwa_midori_(kyokutou_funamushi),1,0
30290,ichiren_namiro,1,0
30291,turisasu,1,0
30292,miregeist,1,0
30293,nozomi_tsubame,1,0
30294,ikeda_kazumi,1,0
30295,cai_geng,1,0
30296,catnnn,1,0
30297,kani_club,1,0
30298,starheart,1,0
30299,nana_tetra,1,0
30300,harihisa,1,0
30301,chiffon,1,0
30302,buzz_(moi),1,0
30303,mochimura_sorata,1,0
30304,radioneet,1,0
30305,tazaki_masanobu,1,0
30306,mamedenkyuu_(berun),1,0
30307,tripdancer,1,0
30308,asameshi,1,0
30309,vento,1,0
30310,huan_li,1,0
30311,rirua_(kjom802),1,0
30312,macosee,1,0
30313,tommy_(kingdukeee),1,0
30314,yoracrab,1,0
30315,yuza,1,0
30316,sowel_(sk3),1,0
30317,tomoo_(tomo),1,0
30318,haga_yui,1,0
30319,sogabe_toshinori,1,0
30320,katsuwo_(cr66g),1,0
30321,take_(shokumu-taiman),1,0
30322,idoraad,1,0
30323,asa_(coco),1,0
30324,ikura_nagisa,1,0
30325,shanyao_jiang_tororo,1,0
30326,hatsuzuki_527,1,0
30327,flx,1,0
30328,eddybird55555,1,0
30329,maho_moco,1,0
30330,u_yuz_xx,1,0
30331,chocoan,1,0
30332,bubuzuke,1,0
30333,kageshio_(276006),1,0
30334,kabocya_na,1,0
30335,kekitopu,1,0
30336,sakuyu,1,0
30337,ishimiso_(ishimura),1,0
30338,abe_yoshitoshi,1,0
30339,yoichi_(umagoya),1,0
30340,10eki_(tenchou),1,0
30341,usamata,1,0
30342,mankai_kaika,1,0
30343,banishment,1,0
30344,naidong_(artist),1,0
30345,meunhongcha,1,0
30346,kazaana,1,0
30347,munlu_(wolupus),1,0
30348,ttomm,1,0
30349,yu-ri_(arium047),1,0
30350,choco_(chocolate_shop),1,0
30351,hamayumiba_sou,1,0
30352,andou_you,1,0
30353,yuuta_(monochrome),1,0
30354,kolshica,1,0
30355,rudoni,1,0
30356,yuyu_(00365676),1,0
30357,saboten_mushi,1,0
30358,nyori,1,0
30359,ogros,1,0
30360,hokuto_(scichil),1,0
30361,shin_(highest1192),1,0
30362,michihasu,1,0
30363,batsu,1,0
30364,fue_(rhomphair),1,0
30365,koruse,1,0
30366,chamuring,1,0
30367,shiodome_oji,1,0
30368,5rwpvc,1,0
30369,haryuu_(poetto),1,0
30370,peach_momoko,1,0
30371,tsurugi_hagane,1,0
30372,lao_meng,1,0
30373,kitada_mo,1,0
30374,vardan,1,0
30375,sakuremi,1,0
30376,wawamachi,1,0
30377,spirytus_tarou,1,0
30378,c.r.,1,0
30379,hiiringu,1,0
30380,loooyd,1,0
30381,aa211108,1,0
30382,igarashi_kyouhei,1,0
30383,si_farid,1,0
30384,datsha,1,0
30385,takeda_aranobu,1,0
30386,masaru.jp,1,0
30387,matsunaga_(haku),1,0
30388,pikacchi,1,0
30389,ko~cha,1,0
30390,mustee,1,0
30391,tanaka_rikimaru,1,0
30392,gotou_keiji,1,0
30393,kuroba_rapid,1,0
30394,akira_(kadokawa),1,0
30395,rou_(rou22),1,0
30396,shibenc16e4,1,0
30397,tsunoji,1,0
30398,kim_hyung_tae,1,0
30399,asada_hachi,1,0
30400,less_end,1,0
30401,packge,1,0
30402,dearmybrothers,1,0
30403,akaoni_(zumt3548),1,0
30404,to_(tototo_tk),1,0
30405,nanatsuta,1,0
30406,kamee_(kamee_f),1,0
30407,karochii,1,0
30408,anarogumaaa,1,0
30409,ichika_(ichika87),1,0
30410,chiri_(atlanta),1,0
30411,stmast,1,0
30412,ero_kaeru,1,0
30413,kobinbin,1,0
30414,yuta_agc,1,0
30415,akizuki_shigure,1,0
30416,muteppona_hito,1,0
30417,raya_(uk_0128),1,0
30418,bell_(oppore_coppore),1,0
30419,yoshiki,1,0
30420,noi_mine,1,0
30421,sinensian,1,0
30422,ataru_(cha2batake),1,0
30423,kurosususu,1,0
30424,hanazawa_suou,1,0
30425,reddizen,1,0
30426,housou-kun,1,0
30427,hinakisara,1,0
30428,junkpuyo,1,0
30429,hama_chon,1,0
30430,zamius,1,0
30431,fujiyama,1,0
30432,quasimodox,1,0
30433,konka,1,0
30434,umemaro_(siona0908),1,0
30435,ryu_(ryu's_form_site),1,0
30436,saruanu,1,0
30437,kaze_22,1,0
30438,gins_hanee,1,0
30439,kurebayashi_noe,1,0
30440,citemer,1,0
30441,st_(youx1119),1,0
30442,plum_(arch),1,0
30443,hiroe_rei,1,0
30444,usatsuka_eiji,1,0
30445,hou_(ppo),1,0
30446,narumiya_(narumiya),1,0
30447,marimo_(yousei_ranbu),1,0
30448,kangetsu_(fhalei),1,0
30449,0-den,1,0
30450,egawa_satsuki,1,0
30451,hako_roku,1,0
30452,aiuabo,1,0
30453,shamu_(peach11_01),1,0
30454,ress,1,0
30455,huwari_(dnwls3010),1,0
30456,tatsunami_youtoku,1,0
30457,frfr,1,0
30458,tarachine,1,0
30459,kamu_(geeenius),1,0
30460,h-new,1,0
30461,omelet_tomato,1,0
30462,shiromako,1,0
30463,mashayuki,1,0
30464,hey_taisyou,1,0
30465,wan'yan_aguda,1,0
30466,taiga_hiroyuki,1,0
30467,toyasu_aina,1,0
30468,dickfish_(fishismdick),1,0
30469,rougetsu_(eclipse),1,0
30470,risumi_(taka-fallcherryblossom),1,0
30471,negimiso1989,1,0
30472,z-ton,1,0
30473,chm_(macharge),1,0
30474,hitofutarai,1,0
30475,tako_(plastic_protein),1,0
30476,lufi_ays,1,0
30477,morimoto_kiyona,1,0
30478,hjl,1,0
30479,oimoto_jirou,1,0
30480,takeyuu,1,0
30481,anzu_ame,1,0
30482,cromwellb,1,0
30483,zenkou,1,0
30484,kasasagi_(futagodori888),1,0
30485,ogre_(illustogre),1,0
30486,anshinmama,1,0
30487,yug_(ekaki),1,0
30488,kawano_takuji,1,0
30489,doxy,1,0
30490,nightmare77zx,1,0
30491,gin_(ginshari),1,0
30492,creek_(moon-sky),1,0
30493,superbusty,1,0
30494,murayama_ryota,1,0
30495,lds_(dstwins97),1,0
30496,nishiuri,1,0
30497,soba_(saz),1,0
30498,toriga_naku,1,0
30499,amatsuji,1,0
30500,hidebou,1,0
30501,wuyu16,1,0
30502,kazami_karasu,1,0
30503,hyakuhachi_(over3),1,0
30504,dolri,1,0
30505,yuno_(suke_yuno),1,0
30506,kvlen,1,0
30507,30-06,1,0
30508,mutou_mato,1,0
30509,oyaji-sou,1,0
30510,dan_(orange_train),1,0
30511,kisaragi_zwei,1,0
30512,nightcat,1,0
30513,woofzilla,1,0
30514,kaenuco,1,0
30515,chamumi_(mochiumee),1,0
30516,pun2,1,0
30517,orushibu,1,0
30518,ishigaki_takashi,1,0
30519,demorzel,1,0
30520,dearonnus,1,0
30521,tenacitysaho,1,0
30522,vitaminechan,1,0
30523,nipi27,1,0
30524,daitai_konna_kanji,1,0
30525,yuura,1,0
30526,sso_s,1,0
30527,kaede_(yumesaki_kaede),1,0
30528,kaiza_(rider000),1,0
30529,kitsune-neko,1,0
30530,hz_(666v),1,0
30531,lemontea,1,0
30532,nuka_(nvkka),1,0
30533,shimhaq,1,0
30534,hajime_(hajime-ill-1st),1,0
30535,wajuniorbox,1,0
30536,carbon12th,1,0
30537,ssaf_seibeupail,1,0
30538,sou_(tuhut),1,0
30539,happyundergate,1,0
30540,re_(re_09),1,0
30541,chocojax,1,0
30542,zippo_(3756c),1,0
30543,wujurana,1,0
30544,minase_(takaoka_nanase),1,0
30545,ia_(ias1010),1,0
30546,kamia_(not_found),1,0
30547,hiruno,1,0
30548,yunimaru,1,0
30549,shimogamo_(shimomo_12),1,0
30550,amo_(shibu3),1,0
30551,musshu_(omu001),1,0
30552,arimon_(dfrgty12),1,0
30553,sakaki_(noi-gren),1,0
30554,matataku,1,0
30555,yuri_(fl0werspace),1,0
30556,ganari_ryuu,1,0
30557,irua,1,0
30558,kirigaya_yuuji,1,0
30559,kawasaki_(kwsk_8765),1,0
30560,tridisart,1,0
30561,oshiruko_(uminekotei),1,0
30562,solar_(happymonk),1,0
30563,ame-san,1,0
30564,lloule,1,0
30565,mytea_(soso),1,0
30566,hakkai,1,0
30567,anti_(0324),1,0
30568,ngetyan,1,0
30569,taka_t,1,0
30570,keiki8296,1,0
30571,ayuayu_(shouyu_no_sato),1,0
30572,nemuri_nemu,1,0
30573,feipin_zhanshi,1,0
30574,mitsuru_(uramitsuru1206),1,0
30575,xiangzi_box,1,0
30576,sbel02,1,0
30577,batazungharn,1,0
30578,iroha_(shiki),1,0
30579,nikuku_(kazedesune),1,0
30580,owa_(ishtail),1,0
30581,ataruman,1,0
30582,gaou_(babel),1,0
30583,isse,1,0
30584,tsuji_kazuho,1,0
30585,aotake_iro,1,0
30586,kuzuvine,1,0
30587,ikkyuu,1,0
30588,sutora_binsuke,1,0
30589,mousou_(mousou_temporary),1,0
30590,cuteg,1,0
30591,soara_shimomo,1,0
30592,onimaru_(onimal7802),1,0
30593,mendou_kusai,1,0
30594,ashinowoto,1,0
30595,band-width,1,0
30596,shouu-kun,1,0
30597,mimoto_(aszxdfcv),1,0
30598,ar_(rikuesuto),1,0
30599,indosou,1,0
30600,cream_cod,1,0
30601,enough_333,1,0
30602,ryoutan,1,0
30603,shirahane_nao,1,0
30604,kawakami_masaki,1,0
30605,seila_rei,1,0
30606,berabou,1,0
30607,pocche-ex,1,0
30608,kitiroku,1,0
30609,keykey117117,1,0
30610,chiroshiron,1,0
30611,kumakoro_(tetsupag),1,0
30612,jiroo,1,0
30613,suprii,1,0
30614,atsushi_(aaa-bbb),1,0
30615,poharo,1,0
30616,hal_(goshujinomocha),1,0
30617,kereno,1,0
30618,ebi_puri_(ebi-ebi),1,0
30619,nideaneng,1,0
30620,kakuteru_sudachi,1,0
30621,wass_nonnam,1,0
30622,w.k,1,0
30623,71_(nanaichi_drafting),1,0
30624,013_(hamsasuke),1,0
30625,luxu,1,0
30626,toriniku29,1,0
30627,thirty_8ght,1,0
30628,sakurato_ototo_shizuku,1,0
30629,kyo-hei_(kyouhei),1,0
30630,987645321o,1,0
30631,k2isu,1,0
30632,ougiikun,1,0
30633,wangchuan_de_quanyan,1,0
30634,surfacedxxc,1,0
30635,yufukiri,1,0
30636,zero130rider,1,0
30637,coyucom,1,0
30638,shoujo_donburi,1,0
30639,dokuro_deluxe,1,0
30640,ryouta_(ryouta335),1,0
30641,hisame_genta,1,0
30642,asgykk,1,0
30643,manjo_(warito),1,0
30644,fuji_shinobu,1,0
30645,akano_murasaki,1,0
30646,lughost,1,0
30647,hinoue_itaru,1,0
30648,truejekart,1,0
30649,irori,1,0
30650,sanari_(quarter_iceshop),1,0
30651,delsaber,1,0
30652,akino_hamo,1,0
30653,maeshimashi,1,0
30654,ruschuto,1,0
30655,sakurai_energy,1,0
30656,miyuki_ruria,1,0
30657,kapuru_0410,1,0
30658,bob_(biyonbiyon),1,0
30659,hara_kenshi,1,0
30660,ram_hachimin,1,0
30661,eip_(pepai),1,0
30662,shisoneri,1,0
30663,ppshex,1,0
30664,ashita_(2010),1,0
30665,yaguo,1,0
30666,fuuna,1,0
30667,luxuriou_s,1,0
30668,fua1heyvot4ifsr,1,0
30669,mero_(starfish_jcs),1,0
30670,maxwelzy,1,0
30671,tsukimirin,1,0
30672,kazane-wind,1,0
30673,miyako_(rgrayt),1,0
30674,luse_maonang,1,0
30675,resu_desu,1,0
30676,higaragi,1,0
30677,totoharu_(kujirai_minato),1,0
30678,hirose_(mokiki),1,0
30679,tatekawa_mako,1,0
30680,nakano_sora,1,0
30681,oukawa_yuu,1,0
30682,masaki_itsuki,1,0
30683,makimura_shunsuke,1,0
30684,fuuga_(perv_rsity),1,0
30685,mhk_(mechamania),1,0
30686,takano_tomohiro,1,0
30687,hazuki_haru,1,0
30688,sana_(sanamaru_0w0),1,0
30689,iwasaki_takashi,1,0
30690,1jumangoku,1,0
30691,yuzuriha_(active_homing),1,0
30692,micon,1,0
30693,dashi_(dashiart),1,0
30694,usume_shirou,1,0
30695,omuretsu,1,0
30696,kujiran,1,0
30697,kamue,1,0
30698,shinkiro,1,0
30699,otakummm,1,0
30700,kasuga_haruhi,1,0
30701,yuuyuu_(3jjbn),1,0
30702,touyarokii,1,0
30703,leria_v,1,0
30704,shirayuki_towa,1,0
30705,mizunashi_kenichi,1,0
30706,imai_kazunari,1,0
30707,mazume,1,0
30708,qin_(7833198),1,0
30709,kotatsu_kaya,1,0
30710,rioliogiz,1,0
30711,aoi_kujira,1,0
30712,shigekikkusu,1,0
30713,yoshito,1,0
30714,nyahu_(nyahu_77),1,0
30715,fffukuzawa,1,0
30716,nineo,1,0
30717,minus_(sr_mineka),1,0
30718,notamaru_2,1,0
30719,ca_paria,1,0
30720,kiguchiko,1,0
30721,sei_(0724sei6),1,0
30722,wazawogi_(wzog),1,0
30723,fuku_(fuku12290574),1,0
30724,carte,1,0
30725,kiato,1,0
30726,shimure_(460),1,0
30727,zeatto,1,0
30728,highres,5,0
30729,absurdres,5,0
30730,photoshop_(medium),5,0
30731,official_art,5,0
30732,game_asset,5,0
30733,traditional_media,5,0
30734,md5_mismatch,5,0
30735,scan,5,0
30736,lowres,5,0
30737,spoilers,5,0
30738,check_translation,5,0
30739,protected_link,5,0
30740,visual_novel_cg,5,0
30741,duplicate,5,0
30742,painting_(medium),5,0
30743,resolution_mismatch,5,0
30744,inactive_account,5,0
30745,jpeg_artifacts,5,0
30746,pixel-perfect_duplicate,5,0
30747,third-party_edit,5,0
30748,textless_version,5,0
30749,derivative_work,5,0
30750,watercolor_(medium),5,0
30751,unfinished,5,0
30752,photo_(medium),5,0
30753,animated,5,0
30754,animated_gif,5,0
30755,self-datamine,5,0
30756,marker_(medium),5,0
30757,tall_image,5,0
30758,ai-generated,5,0
30759,painttool_sai_(medium),5,0
30760,promotional_art,5,0
30761,cropped,5,0
30762,graphite_(medium),5,0
30763,alt_text,5,0
30764,making-of_available,5,0
30765,photo-referenced,5,0
30766,clip_studio_paint_(medium),5,0
30767,anime_screenshot,5,0
30768,corrupted_twitter_file,5,0
30769,official_wallpaper,5,0
30770,colorized,5,0
30771,novel_illustration,5,0
30772,adversarial_noise,5,0
30773,official_artist_extra,5,0
30774,artist_collaboration,5,0
30775,concept_art,5,0
30776,colored_pencil_(medium),5,0
30777,procreate_(medium),5,0
30778,magazine_scan,5,0
30779,ai-assisted,5,0
30780,pen_(medium),5,0
30781,incredibly_absurdres,5,0
30782,screenshot,5,0
30783,screenshot_redraw,5,0
30784,artbook,5,0
30785,resized,5,0
30786,check_copyright,5,0
30787,mixed_media,5,0
30788,scan_artifacts,5,0
30789,looping_animation,5,0
30790,annotated,5,0
30791,key_visual,5,0
30792,paint.net_(medium),5,0
30793,redrawn,5,0
30794,check_character,5,0
30795,alternate_language,5,0
30796,stitched,5,0
30797,acrylic_paint_(medium),5,0
30798,upscaled,5,0
30799,off-topic,5,0
30800,check_artist,5,0
30801,merchandise_available,5,0
30802,guest_art,5,0
30803,gift_art,5,0
30804,millipen_(medium),5,0
30805,production_art,5,0
30806,wide_image,5,0
30807,gimp_(medium),5,0
30808,alpha_transparency,5,0
30809,nude_filter,5,0
30810,fancy_embedded_notes,5,0
30811,crease,5,0
30812,blender_(medium),5,0
30813,unconventional_media,5,0
30814,ibispaint_(medium),5,0
30815,vector_trace,5,0
30816,cosplay_photo,5,0
30817,oil_painting_(medium),5,0
30818,lossy-lossless,5,0
30819,nib_pen_(medium),5,0
30820,figure_(medium),5,0
30821,art_study,5,0
30822,album_cover_redraw,5,0
30823,detexted,5,0
30824,third-party_watermark,5,0
30825,self-portrait,5,0
30826,end_card,5,0
30827,completion_time,5,0
30828,decensored,5,0
30829,microsoft_paint_(medium),5,0
30830,comic_panel_redraw,5,0
30831,ballpoint_pen_(medium),5,0
30832,tagme,5,0
30833,paint_chat_(medium),5,0
30834,aliasing,5,0
30835,downscaled,5,0
30836,ink_(medium),5,0
30837,pdf_available,5,0
30838,game_screenshot,5,0
30839,watercolor_pencil_(medium),5,0
30840,calligraphy_brush_(medium),5,0
30841,psd_available,5,0
30842,waifu2x,5,0
30843,pastel_(medium),5,0
30844,adoptable,5,0
30845,mikumikudance_(medium),5,0
30846,koikatsu_(medium),5,0
30847,krita_(medium),5,0
30848,third-party_extraction,5,0
30849,check_clothing,5,0
30850,contest_winner,5,0
30851,eyecatch,5,0
30852,voice_drama_available,5,0
30853,corrupted_metadata,5,0
30854,reverse_translation,5,0
30855,making-of,5,0
30856,partially_annotated,5,0
30857,mousepad_(medium),5,0
30858,thumbnail_collage,5,0
30859,countdown_illustration,5,0
30860,rotated,5,0
30861,figure_available,5,0
30862,papercraft_(medium),5,0
30863,video_thumbnail,5,0
30864,tegaki_draw_and_tweet,5,0
30865,exif_rotation,5,0
30866,headshop,5,0
30867,game_model,5,0
30868,art_trade,5,0
30869,figure-referenced,5,0
30870,spine_(medium),5,0
30871,fanfiction_available,5,0
30872,masking_tape_(medium),5,0
30873,rating:s,9,0
30874,rating:g,9,0
30875,rating:q,9,0
30876,rating:e,9,0
